protein_a	protein_b	label
P22515	P32863	0
P38716	Q04792	0
P48412	P53104	0
P53949	Q12330	0
P25294	P53048	0
P38203	P39563	0
P32895	P53150	0
P36421	P39929	0
P15108	Q06604	0
Q00416	Q06436	0
P29496	P38237	0
P39520	Q99314	0
Q05947	Q08162	0
P48525	Q03323	0
P50104	P54885	0
P38814	Q12417	0
P00175	Q08581	0
P38889	P40561	0
P40567	P40960	0
P14164	P32786	0
P17442	Q08217	0
P14904	P25390	0
P38855	P39994	0
P17629	Q08723	0
Q04217	Q12220	0
P53280	Q03897	0
P53199	Q12452	0
P48582	Q99186	0
P39016	P43588	0
Q01939	Q08273	0
P39940	P53202	0
P25502	Q03750	0
P41832	P53731	0
P38240	P40090	0
P38149	P38990	0
P14741	Q12222	0
P43619	P50113	0
P05986	P53847	0
P04840	P40965	0
P38631	P40573	0
Q03071	Q08438	0
P46677	P53258	0
Q12310	Q12368	0
P53550	P53859	0
P53281	Q12129	0
P27796	P37012	0
P02293	Q06216	0
P07866	P40480	0
P19524	P54861	0
P19812	Q03656	0
P34077	Q07887	0
P40202	Q04373	0
P32578	P38590	0
P52491	Q08273	0
P40302	Q12310	0
P25293	P41832	0
P53185	Q03220	0
P40492	P49573	0
P38789	Q05778	0
P40507	Q06648	0
P11154	P36124	0
P33313	P38861	0
P46682	Q04005	0
P27801	Q07887	0
P36010	P39730	0
P39108	P53124	0
P33307	Q12124	0
P20459	P51534	0
Q08746	Q08966	0
P36103	P53738	0
P32354	P38759	0
P36037	P43593	0
P40087	Q04264	0
P40492	P53322	0
P43568	P53159	0
P24813	P38862	0
P25635	P40554	0
P53930	Q04338	0
P38873	Q03532	0
Q12488	Q12505	0
P40469	Q07915	0
P14904	P24482	0
P43574	P47083	0
P37012	Q04087	0
P40151	P43639	0
P29340	Q06177	0
P27514	P39563	0
P27472	P53855	0
P00431	Q02767	0
Q12276	Q12318	0
P25451	P40574	0
P50091	P53169	0
P38130	Q08004	0
P34162	Q08018	0
P39083	P53924	0
P32589	P39682	0
P27895	P32570	0
P22137	P33891	0
P18410	P40517	0
P39990	P40395	0
O13553	Q08004	0
P41834	Q04493	0
P14291	Q08550	0
P32492	P40959	0
P32337	P52490	0
O13553	Q03532	0
P09798	P47089	0
P15646	P22202	0
P14747	P53221	0
P32807	Q01159	0
P38931	P38967	0
P25644	P40507	0
P25441	P53538	0
P25341	P32801	0
P40957	Q03406	0
P32898	Q12734	0
P00331	P42839	0
P33338	P51996	0
Q02821	Q04493	0
P35197	Q12045	0
P06103	P38310	0
P38149	P50113	0
P40567	Q12142	0
P50944	Q03071	0
P47150	Q99385	0
P10961	P15938	0
P47150	P53082	0
P38634	Q06479	0
P11709	Q08817	0
P06242	P39994	0
Q06679	Q08972	0
P25343	P38793	0
P40485	Q08746	0
P53901	Q12749	0
P53313	Q12028	0
P32325	P38348	0
P00331	P38217	0
P17442	Q12194	0
P38814	Q04411	0
P10081	P53632	0
P38328	P46954	0
P40202	Q99260	0
P02400	P57744	0
P32602	Q07084	0
P40517	P53900	0
P19882	Q08723	0
P04912	P19955	0
P38719	Q12019	0
P16892	P50108	0
P38820	P49166	0
P32600	P40013	0
P00358	P33332	0
P21965	Q03784	0
P20449	P40468	0
P38013	Q12024	0
Q04493	Q12427	0
P40362	Q04149	0
P16522	P34234	0
P32598	Q05871	0
P25293	P43574	0
P29496	P53130	0
P40078	Q12044	0
P17555	P33331	0
P35190	Q06706	0
P32349	P33755	0
P53599	Q07418	0
P32481	P51996	0
P31374	Q07834	0
P32578	P36024	0
P38990	Q06673	0
P36124	P39937	0
P31383	P53211	0
P23624	P38339	0
P38785	P38959	0
P32345	P32796	0
P23644	P43583	0
P22543	P53196	0
P19524	P38814	0
P07274	P23293	0
P37012	Q05568	0
P17119	P22133	0
Q08492	Q12390	0
P43321	Q12021	0
P06782	P10964	0
P38705	P46675	0
P39723	P39994	0
P32432	P52919	0
P24482	P53250	0
P20795	Q04338	0
P24869	Q04370	0
P22007	Q12163	0
P34077	Q07732	0
Q04636	Q07980	0
P53691	P53886	0
P33307	Q99176	0
P27796	Q06218	0
P26793	Q00916	0
P39101	P40087	0
P38288	P50106	0
P38705	Q06648	0
P39954	Q12004	0
P33311	P38339	0
Q00578	Q03899	0
P39744	P51601	0
P09119	Q08387	0
P43583	P53298	0
P53169	Q04978	0
P40061	P43563	0
Q07657	Q08119	0
P40492	Q7LIF1	0
P53032	Q05610	0
P09232	P49687	0
P19145	P53248	0
P38713	Q04089	0
P38872	P50275	0
P25584	Q12513	0
P23644	P38998	0
P32773	Q02196	0
P35194	P38822	0
P38129	Q02205	0
P47104	Q02948	0
P28708	P43637	0
P25635	P35178	0
P53168	Q03010	0
P13663	P53150	0
P38149	P53865	0
P50101	Q12154	0
Q08732	Q08817	0
P15303	P35729	0
P32600	Q08923	0
P35203	P48412	0
P36022	P38861	0
P54885	Q07623	0
P32776	Q06679	0
P33333	P40892	0
P36124	P53011	0
P23639	P46655	0
P32855	Q06640	0
Q08245	Q08965	0
P40529	Q02866	0
P19882	P38555	0
P36085	P39727	0
P38883	Q12494	0
P32263	P46985	0
Q08144	Q99186	0
P33419	Q99210	0
P38990	Q04217	0
P53221	P53250	0
Q02884	Q08931	0
P28817	P43639	0
P36017	Q12285	0
Q02206	Q03125	0
P32523	P39723	0
P25360	Q06137	0
P38695	Q12222	0
P40515	Q12368	0
P05986	P19454	0
P32773	Q99210	0
P53067	P53953	0
P13586	P32350	0
Q06551	Q06616	0
P40473	P53169	0
P20459	P38990	0
O13539	P47045	0
P43588	Q07622	0
Q12044	Q12380	0
P53883	Q04934	0
P36100	Q03407	0
P33895	P38555	0
P32504	P36144	0
P40960	Q07623	0
P53930	Q08285	0
Q07381	Q12241	0
P06779	P38310	0
P32790	Q12129	0
P42942	Q01684	0
P39107	P53731	0
P16521	P32945	0
P25655	Q12380	0
P40316	Q02100	0
P33307	Q02866	0
P53685	Q12159	0
P32912	P53886	0
P19262	P35197	0
P17121	Q06251	0
P35203	P36224	0
P50091	Q08215	0
Q03338	Q05958	0
P08431	P27472	0
P53861	Q07418	0
Q03280	Q12050	0
P36008	Q08729	0
Q06525	Q07914	0
P33306	Q12440	0
P38329	Q06151	0
P25605	Q12168	0
P41911	P53313	0
Q04739	Q12098	0
P39990	P43616	0
P03965	P23642	0
P35197	P53829	0
P06844	P07283	0
P49704	Q08649	0
P38774	P40009	0
P37302	P53196	0
P40495	Q12063	0
P40024	Q02354	0
P11433	P49687	0
P14680	P35187	0
P24783	Q12208	0
P32345	P36131	0
P28006	P31382	0
P11709	Q12230	0
P19657	P32450	0
P32590	Q06665	0
P28707	Q12527	0
P22213	P36224	0
P38748	P39926	0
P18963	P34730	0
Q06408	Q08729	0
P32350	P32801	0
P25343	P43583	0
P12962	P38989	0
P53286	Q08729	0
P19524	Q08215	0
P38749	P43565	0
O13553	Q06679	0
P41811	Q12017	0
P53115	Q12118	0
P32909	P40548	0
Q05949	Q12527	0
Q03900	Q12142	0
P13856	Q04412	0
P34730	Q12241	0
P53829	Q12499	0
P53754	Q03330	0
P19657	Q03071	0
P38287	Q00916	0
P35056	P38208	0
P38726	P46948	0
P20134	Q03656	0
P36037	P53313	0
P32502	Q03956	0
P23624	P29509	0
P32447	Q06216	0
P38358	Q04411	0
P39730	Q03981	0
P47116	Q04199	0
P06777	P53830	0
P06634	P38310	0
Q05610	Q08229	0
P27692	P38904	0
P40018	Q12468	0
P02557	P38690	0
P11484	P53550	0
P36161	P39548	0
P36013	Q12328	0
P23624	P53847	0
P38200	Q05022	0
O13565	Q06340	0
P20435	P24869	0
P35184	Q12019	0
P39730	Q03940	0
P38748	P51862	0
P32492	P32525	0
P32793	Q00723	0
P18759	P40066	0
P53043	Q03776	0
P39936	Q02948	0
P22336	P53858	0
P32492	P38737	0
P09959	Q05580	0
P11746	P43616	0
P32917	Q06406	0
P34160	Q12055	0
P31688	Q03012	0
P52488	P53252	0
P22515	Q00723	0
P36068	P39523	0
P05453	P38922	0
P40009	P53100	0
P40555	Q05958	0
P20133	P30902	0
P25694	P53256	0
P32562	P51862	0
P47129	Q12477	0
P38779	P40567	0
P39730	Q03899	0
P32911	Q12055	0
P38749	Q06142	0
P16892	P24279	0
P53904	Q05881	0
P38873	Q02100	0
P39944	Q06815	0
P13393	Q04437	0
Q05027	Q06644	0
Q03981	Q12306	0
P42846	Q06412	0
P00359	P50275	0
P39968	P47083	0
P14737	P35718	0
P13712	P15108	0
Q03338	Q07824	0
Q02196	Q08162	0
P04807	P41800	0
P08458	P33399	0
P21243	P26263	0
P40167	Q06604	0
P32481	Q12285	0
P23542	P40010	0
P32591	P47041	0
P21306	P23301	0
P29295	P38708	0
P48239	Q04359	0
P23301	Q04601	0
P04807	P07251	0
P53130	Q04048	0
P37366	Q12174	0
P06169	Q03323	0
P51601	Q03308	0
P11938	P40314	0
P29461	P53971	0
P38806	Q02199	0
P38283	Q00416	0
Q03532	Q12175	0
P25357	P40186	0
P19735	P40202	0
P32917	P38871	0
P33401	Q06704	0
P46947	Q03774	0
P06775	P25567	0
P04807	Q05871	0
P53254	Q03558	0
P25303	Q02354	0
P23776	P47167	0
P39073	P53081	0
P19812	P20967	0
P41834	P42951	0
O13539	P32905	0
P36013	P51601	0
P38801	Q05568	0
P15646	P22141	0
P12611	Q05949	0
P53743	Q12044	0
P40160	P53064	0
P35197	P38810	0
P28834	Q12129	0
P32600	P53197	0
P02829	P38182	0
P33891	Q12100	0
P12688	P36003	0
P32892	P46681	0
P25582	P25808	0
P21190	Q12692	0
P40005	P53168	0
P12962	P36018	0
P25491	P53267	0
P32642	P47089	0
P32259	Q03254	0
P41832	Q02908	0
P10081	P36003	0
P03965	P34216	0
P36049	Q03957	0
P05085	P36145	0
P15938	P38700	0
P31374	Q06706	0
P02400	P52910	0
P04147	P09938	0
P25558	Q07915	0
P33418	P53011	0
P00899	P47116	0
P00175	P09435	0
P47041	Q03690	0
P13185	P53068	0
P25646	P53048	0
Q02554	Q06604	0
P39108	P39723	0
P00044	P38987	0
P40164	Q04338	0
P20435	Q08285	0
Q00245	Q01560	0
P16467	P52593	0
P18888	P18962	0
P25635	P33400	0
Q06164	Q08723	0
P07283	P47093	0
P53036	Q00955	0
P38768	Q02884	0
P33301	P38989	0
P02557	Q08931	0
Q03897	Q05471	0
P21576	P23624	0
P25567	P39925	0
P53159	Q01560	0
P48510	P53142	0
P47165	P48566	0
P38324	Q05947	0
Q00916	Q08229	0
P19524	P38063	0
P10659	P39936	0
P25357	P35729	0
P07834	P28274	0
P38856	P46680	0
P00331	P35207	0
P38132	Q04359	0
Q06151	Q06169	0
P25390	P39723	0
Q08438	Q12206	0
P22137	P23202	0
P40963	P53064	0
P21801	Q12477	0
P39926	Q12250	0
P17157	P38291	0
P38283	Q03280	0
P09938	P40573	0
P33322	Q08446	0
P24868	Q12033	0
Q03792	Q06604	0
P19735	Q08746	0
P53549	Q04062	0
P33333	P39944	0
P38237	P53202	0
P29056	Q12006	0
P39077	P53845	0
P06169	Q03330	0
P34241	Q12060	0
P46673	P50091	0
P53939	Q03920	0
P37012	Q06549	0
P32450	Q08581	0
P32913	Q07508	0
P12754	P27801	0
P04807	Q06324	0
P11484	P48582	0
P42884	Q12447	0
P34909	P39927	0
P34240	Q12754	0
P32501	P38013	0
P32861	P36131	0
P38310	Q02354	0
P38886	Q12276	0
P17555	P47093	0
P25694	P34162	0
P20606	P47054	0
P36124	P40327	0
P06838	P15938	0
P38181	Q9URQ3	0
P40465	Q06525	0
P53738	Q05778	0
P29469	P48363	0
P09798	P41921	0
P10363	P41277	0
P38922	P50095	0
P25301	Q03654	0
P34758	P38634	0
P38219	Q08732	0
Q04067	Q12347	0
P53859	Q08558	0
P38716	Q12514	0
P38879	Q12084	0
P14736	P25045	0
P38962	P40187	0
P04456	P06103	0
P38810	P53313	0
P46681	P53344	0
P22203	P27636	0
P25615	Q12084	0
P18898	Q08729	0
P23255	P38316	0
P25296	P53540	0
P38427	Q02260	0
P41808	P47113	0
P53299	Q12236	0
P30902	Q07834	0
Q07930	Q12310	0
P12688	Q03758	0
P39682	Q06479	0
P21182	P38339	0
P31384	Q04089	0
P38555	Q12517	0
P42843	P43638	0
P10592	P36144	0
P41318	Q02773	0
P22007	P51534	0
P17119	P21801	0
Q06216	Q08550	0
P24868	P43561	0
Q03656	Q08444	0
P25632	P53269	0
P41817	P43586	0
P41940	P43583	0
P31377	P38903	0
P34077	P52910	0
P22202	Q12199	0
P36062	P46985	0
P32490	P32571	0
P38273	P49704	0
P38930	P52593	0
P30656	Q08236	0
P32345	P50111	0
Q03899	Q12330	0
P07260	P37302	0
P22204	Q03308	0
P38152	Q03818	0
P40469	Q12151	0
P10862	Q06679	0
P39723	Q08726	0
P06778	P57744	0
P17065	Q06409	0
P40477	Q05946	0
P38794	Q12024	0
P38903	P47113	0
P32561	P38291	0
P53280	Q00816	0
P32497	Q08921	0
Q04233	Q05933	0
P22007	P53086	0
P00044	P32356	0
P38810	Q06324	0
P11075	P17536	0
P38863	P49166	0
P23624	Q12477	0
P39729	Q12222	0
P34218	P39937	0
P38850	P47012	0
P40574	P47176	0
P21801	Q03758	0
P32590	P40555	0
P47116	Q05933	0
P17121	P53169	0
P38861	Q07508	0
P09440	P28006	0
P25043	P40167	0
P14680	Q12522	0
P31412	P39946	0
P34160	P47054	0
P38339	P38792	0
P33891	Q04921	0
P38153	Q92317	0
P12611	P34226	0
P38132	Q00772	0
P39077	Q04195	0
P33296	Q04437	0
P43569	Q03338	0
P22137	P38624	0
P23394	Q03957	0
P40567	P53136	0
P32573	P32786	0
P00830	Q04121	0
P53600	P53965	0
P46949	P53081	0
P06244	P10592	0
P39952	Q08980	0
P25344	P33313	0
P06844	P33199	0
Q08732	Q12494	0
P19882	P53104	0
P40461	P53893	0
P17536	P29056	0
P22141	P53185	0
P25367	P32263	0
P07264	Q02199	0
P46961	P53914	0
P32571	P48566	0
Q01939	Q08956	0
P38339	Q06177	0
P40473	Q12024	0
P14681	P47912	0
Q02100	Q07887	0
P36012	P36048	0
P22141	P32590	0
P46985	Q12734	0
P40956	Q92331	0
P33297	P53281	0
P25646	P32364	0
P23639	P31539	0
P11938	P32828	0
P12954	P53437	0
P00549	P23287	0
P32523	P38041	0
P19073	P38999	0
P22204	Q08920	0
P53032	Q03656	0
P04147	P24871	0
P25604	P40413	0
P38324	P39937	0
P38820	Q03162	0
P50091	Q04439	0
P32381	P38886	0
Q06704	Q12734	0
P20676	P25657	0
P09798	P40529	0
P21657	P38204	0
P38344	P53199	0
P38293	Q02199	0
P07560	P25294	0
P15873	P49960	0
Q07508	Q12151	0
P19145	P35182	0
P17536	P23724	0
Q03776	Q08685	0
P38959	P39925	0
P40483	P53939	0
P20459	P51601	0
Q05670	Q12363	0
P46655	Q00416	0
P00817	P37296	0
P07149	Q08601	0
P12612	P32563	0
P22133	Q02932	0
P39081	P41811	0
P40061	P41805	0
P36024	P41940	0
P20435	Q04491	0
P12754	Q08601	0
P40013	Q12301	0
P40010	P53886	0
P19735	Q06549	0
P14742	P54199	0
P07347	P24869	0
P32471	P53855	0
P43616	P52593	0
P24870	P30902	0
P02994	Q99299	0
P25390	P32642	0
P18759	Q07471	0
P38861	Q03973	0
P38232	Q00246	0
P40096	Q12026	0
Q08496	Q12157	0
P28320	P36057	0
P00549	P16521	0
P27476	Q06640	0
P35169	P38823	0
P38855	P41800	0
P38720	P41940	0
P53068	Q12020	0
P53731	Q04272	0
P53238	Q12406	0
P06773	P53883	0
P08153	P28817	0
P27705	P36000	0
P38208	P38352	0
P36012	P53043	0
Q06137	Q07442	0
P38287	P38301	0
P32458	Q12055	0
P52910	Q08966	0
P33297	Q00684	0
P14747	P39962	0
P33333	P40335	0
P40151	Q12518	0
P16521	P38339	0
P32916	P46974	0
Q02908	Q7LIF1	0
P20133	P32501	0
P38689	P40485	0
P00724	Q12310	0
P37302	P38789	0
Q06543	Q12327	0
Q06512	Q12206	0
P06738	P47057	0
P52488	P53685	0
P36003	P43574	0
Q06168	Q12327	0
P32481	P39111	0
P46962	Q03656	0
P06700	P32863	0
P38922	P40096	0
P32913	P35207	0
P23287	Q12149	0
P53978	Q12021	0
P48239	Q04217	0
P38217	Q06411	0
P35178	P52553	0
P22515	P40529	0
P40483	Q12038	0
P47165	Q08966	0
P32480	P53297	0
P46672	P54786	0
P20438	P89102	0
P07991	P38871	0
P08153	P38705	0
P25558	P40155	0
P53604	Q12341	0
P08964	P18494	0
P40517	P41277	0
P38768	P48566	0
P53040	P53067	0
P54786	Q02773	0
P17555	P48606	0
Q04930	Q12186	0
P18410	P41807	0
P06773	P32854	0
P28007	P41810	0
P32490	P40003	0
P19524	P46985	0
P40565	Q00578	0
Q05775	Q12151	0
P39682	Q03691	0
P24869	P38748	0
Q12084	Q12452	0
P20133	Q00776	0
Q03656	Q04868	0
P25604	P53043	0
P40005	Q12256	0
P04807	Q08496	0
P53316	Q12264	0
P40483	Q12460	0
P22203	Q12447	0
P32337	P38990	0
P32264	Q06451	0
P25344	P53978	0
P32324	Q04439	0
P38310	P47083	0
P11745	P39523	0
P32495	Q99299	0
P32505	P53196	0
P38334	P53313	0
P17119	Q12390	0
P24871	Q12440	0
P19812	P32800	0
P38690	Q06648	0
P38820	P53277	0
P10961	Q04675	0
P40003	P40453	0
P36080	P53927	0
P53011	Q06169	0
P02557	P47050	0
P53136	Q05636	0
Q04562	Q06708	0
P40302	Q03768	0
P28743	Q12417	0
P40103	P53032	0
P14126	Q12256	0
P15705	Q03619	0
P38692	Q07528	0
P17709	Q07508	0
P23594	P38276	0
P36008	P54999	0
P36130	Q07786	0
P37296	P38872	0
P23639	Q05785	0
P25604	P36145	0
P35182	P38181	0
Q02100	Q12380	0
P39929	P40327	0
P35169	Q12222	0
P38682	P39962	0
P32528	P50086	0
P14736	Q06169	0
P40164	P53267	0
P19073	P25635	0
P36149	P38063	0
P17536	P20053	0
P34087	P50113	0
P53130	Q12033	0
P38013	P40453	0
P54199	Q03503	0
P36162	Q05949	0
P17442	Q00416	0
P33333	P53859	0
P46677	Q03018	0
P32491	P43592	0
P32849	P42846	0
P39704	Q04477	0
P38991	Q12118	0
Q12424	Q12469	0
P36973	P38555	0
P24279	Q03768	0
P48239	Q07468	0
P11745	P25569	0
P15108	Q01590	0
P39954	Q02775	0
P28274	P40016	0
P03965	P32610	0
P39994	Q06151	0
P48361	Q02197	0
P32504	P48232	0
P10961	P48240	0
P13712	P32490	0
P40186	Q07786	0
P32909	P40003	0
P35497	Q99385	0
P00175	P52286	0
P42839	Q02260	0
P38203	P53261	0
P22543	Q04964	0
P14126	P36005	0
P14064	P40014	0
P06103	P39936	0
P25371	Q06168	0
P00358	Q12118	0
P35056	P53549	0
P53550	Q12468	0
P46681	Q12415	0
P25694	P39563	0
P25657	Q07732	0
P38720	Q03768	0
P47017	Q05024	0
P19454	P27515	0
P22141	P53930	0
P38996	P46974	0
P27636	P38793	0
P46655	Q06412	0
P09938	P38837	0
P25635	P43568	0
P07260	P38129	0
O13553	Q06340	0
P40541	Q99189	0
Q03558	Q04491	0
P46995	Q06216	0
Q12154	Q12306	0
P36010	Q04110	0
Q06675	Q08749	0
P38749	Q12152	0
P32381	Q04175	0
P07260	P07264	0
P53901	Q12223	0
P02829	Q04121	0
P12383	P38631	0
P29340	P31383	0
P25298	P36022	0
P38904	P53540	0
P50091	Q08732	0
Q07442	Q12063	0
P32573	P39966	0
P32500	Q12124	0
P25294	P38998	0
P52593	Q03081	0
P32450	Q07508	0
P17891	P38837	0
P39718	P43568	0
P02293	Q06103	0
P15992	P53740	0
P38287	Q06673	0
P10566	P33122	0
Q06344	Q12026	0
P33328	P38261	0
P16862	P39984	0
P24583	Q03862	0
P32325	P53100	0
P13711	P25591	0
P38348	Q04868	0
P15442	Q08004	0
P47050	Q02821	0
P38792	P48412	0
P38814	P53082	0
P30902	P33399	0
P46675	Q08285	0
P39547	P48581	0
P53184	Q99299	0
P20437	Q08601	0
Q08817	Q08873	0
P12684	Q06200	0
Q03071	Q06819	0
P22213	P49166	0
P35193	Q12527	0
Q02795	Q05027	0
P34758	P40096	0
P25298	P38705	0
P13856	Q04377	0
P06778	Q12297	0
P21242	P38998	0
P41808	P48606	0
P38328	P43568	0
P28791	P41814	0
P12962	P46957	0
P53237	Q06224	0
P53169	Q08438	0
P09938	P39926	0
P47104	P53604	0
P36019	Q06628	0
P20133	Q04005	0
P53136	Q05946	0
P32597	P35210	0
P32468	Q06604	0
P38254	P54861	0
P36048	P47019	0
P27796	P38229	0
P46949	P53886	0
P38748	Q07468	0
P04456	P20053	0
P53131	Q12415	0
P24004	Q08285	0
O13554	P32453	0
P29056	P31374	0
P46962	Q99383	0
Q03690	Q08558	0
P16658	P22219	0
P32381	P50104	0
Q03322	Q06704	0
P39729	P47120	0
P14832	Q12163	0
O14467	P22224	0
P35198	Q07376	0
Q00816	Q99394	0
P53604	P53939	0
P40339	P40573	0
P14736	P25343	0
P30902	Q08492	0
P27895	P53893	0
P40339	P42846	0
P38889	P47045	0
P39079	Q12175	0
P25451	P42839	0
P12688	P38247	0
P27705	P38622	0
P39968	Q03897	0
Q03071	Q12315	0
P07834	P36005	0
P21374	P32581	0
P20133	P38270	0
P22515	P37012	0
P38931	P53115	0
P38805	P38822	0
P10862	Q06549	0
P39720	P39979	0
P38358	P53130	0
P19882	P25293	0
P39925	P48239	0
P20081	P46949	0
P38863	Q12260	0
P52593	Q08921	0
P30771	P38855	0
P18410	Q07930	0
P35688	P54860	0
P13185	P16861	0
P18852	P53973	0
P13663	P25649	0
P00560	P38748	0
Q04368	Q06137	0
P22204	P43568	0
P32629	P39990	0
P40151	P53322	0
P24279	P36029	0
P17157	P32790	0
P32521	P53905	0
Q03897	Q12163	0
P40573	P53600	0
P36172	P40010	0
P08458	P35728	0
P38165	P39935	0
P06103	P49687	0
P32524	Q07887	0
P05453	P07262	0
P22804	P38264	0
P06844	P40529	0
P11433	Q12063	0
P42951	Q08162	0
P48582	Q12260	0
P38801	P40561	0
P02293	P15442	0
P00817	P25357	0
Q12248	Q99385	0
P35207	P43565	0
P06101	P38555	0
P12611	P19735	0
P38265	P53197	0
P38757	Q06665	0
P14164	P52553	0
P24870	P46948	0
P53955	Q06102	0
P02293	P40512	0
P38063	P50113	0
Q03322	Q08723	0
P39994	Q12330	0
P32854	Q06648	0
P34244	P47057	0
P12904	P38229	0
O14455	P25367	0
P21801	P34164	0
P38112	Q12159	0
P17536	P25569	0
P39517	Q05166	0
P33419	P53010	0
Q03774	Q06628	0
P36022	P38749	0
P53202	Q03860	0
P40007	P49956	0
P42843	P51996	0
P07251	P18851	0
Q06525	Q92317	0
P00330	P34216	0
P06103	P40186	0
P07264	P53091	0
P24870	P32447	0
Q02256	Q03768	0
P38590	P53628	0
P32797	P38204	0
P32639	P54860	0
P20133	P36124	0
P34077	P38873	0
P17555	Q06525	0
Q07471	Q12754	0
P54861	Q05080	0
P40485	Q12024	0
P28743	Q07376	0
P14832	P32855	0
P38077	Q00916	0
P25655	P28817	0
P38313	P40991	0
P05694	P38929	0
P39929	Q08491	0
P25694	Q04412	0
P41810	P53278	0
P40479	Q06216	0
P39718	Q12168	0
P16474	P38826	0
P40484	Q04660	0
P07834	Q12199	0
P17119	P38768	0
P53196	P53893	0
P38989	Q00955	0
P16658	P38237	0
P54790	Q12071	0
Q06408	Q08558	0
P39969	Q08217	0
P53094	Q05881	0
P53254	P53847	0
P06103	P54885	0
P16521	Q06324	0
P05317	P30665	0
P32458	P53949	0
P24482	P40564	0
P38153	P53886	0
P28834	Q04087	0
P39081	Q12186	0
P08018	P53886	0
P32263	Q04660	0
P32573	P39967	0
P07347	Q03899	0
P35197	P40563	0
P54999	Q04601	0
P40988	P53185	0
P33338	Q12045	0
P38346	P53840	0
P38970	Q12186	0
P38274	P40055	0
P18410	Q12368	0
P37296	P40095	0
Q02875	Q12754	0
P06105	P21182	0
P31244	Q03308	0
P32349	P54885	0
P48606	Q08746	0
P39925	P39968	0
P00546	P53904	0
Q01684	Q12297	0
P38283	P38822	0
P32905	Q06651	0
P35727	P39954	0
P42839	P52286	0
P38273	P53142	0
P35197	P54999	0
P04786	P51601	0
P38931	P53847	0
P40480	Q03048	0
P21182	Q05946	0
P35194	P39940	0
P32835	P53184	0
P32599	P47064	0
P46948	Q04305	0
P09938	P46682	0
P40473	Q92317	0
P47041	Q99189	0
P38785	P39969	0
P07262	P32573	0
P36009	P40024	0
P24867	P53082	0
P25559	P43602	0
P32783	P53254	0
P38011	Q12044	0
P34223	Q12236	0
Q05580	Q12009	0
P38697	Q06624	0
P06242	P43637	0
P06103	P38237	0
P13185	P40462	0
P00175	P53032	0
P38737	Q06628	0
P53184	Q03071	0
P38085	P53252	0
P25360	Q12154	0
P32599	P40335	0
P25385	P48524	0
P36080	Q05933	0
P35203	Q06616	0
P00359	P46672	0
P17555	Q03899	0
P06242	P32607	0
P39723	Q12449	0
Q06543	Q08732	0
P32642	P38987	0
P38757	P40453	0
P38348	P42935	0
P32563	P53930	0
O13559	Q12034	0
P09798	P32591	0
P43568	Q00582	0
P02994	P32599	0
P20081	P23561	0
P34077	P40413	0
P38879	P50277	0
P08458	P32598	0
P25646	P40492	0
P38826	P53344	0
P38011	Q04233	0
P38070	P40395	0
P07270	Q04660	0
P35184	Q04601	0
P53316	Q02197	0
P39705	P53968	0
P37296	P41807	0
P38219	P38959	0
P40016	P54199	0
P53159	Q03898	0
P25632	P47005	0
P26263	P50086	0
P25604	P53199	0
Q03957	Q92317	0
P40055	Q04264	0
P26570	P38742	0
P38822	P40482	0
P32599	P33401	0
P33333	Q00816	0
P32366	Q04031	0
P08456	P32559	0
P43132	P47132	0
P35194	P53280	0
P25719	P38903	0
P16467	Q00816	0
P06787	Q06568	0
Q06108	Q12468	0
P25342	P40462	0
P42846	P53861	0
P40079	P53036	0
P23724	P53939	0
P38165	P53389	0
P41921	Q04368	0
P28274	Q99210	0
P36149	P38270	0
P37296	P53540	0
P35203	Q12417	0
P38620	Q05568	0
P19657	P22336	0
P14164	Q04562	0
P35727	P35728	0
P25591	Q12098	0
P00817	P20437	0
P31383	P39730	0
P53388	Q12216	0
P38932	P53145	0
P32349	Q03048	0
P24870	Q08920	0
P05986	P06782	0
P25586	P34160	0
P53185	Q02629	0
P32873	P50113	0
P13712	P32263	0
P53283	Q03956	0
P26570	P53859	0
P40007	P40510	0
P31244	P33420	0
P06242	P47041	0
P10961	P25632	0
P32583	P38262	0
P11075	Q12044	0
P27614	Q12176	0
P25648	P40527	0
P46674	Q08387	0
P54885	Q03899	0
P41816	Q06078	0
P13186	P50277	0
P28274	P40020	0
P09798	Q05785	0
P27796	P32796	0
P38723	Q02574	0
P25659	P36024	0
P07170	P40473	0
P36103	P40512	0
P25582	P32581	0
P35194	P48566	0
P32380	P53742	0
P21965	P32849	0
P25659	P32471	0
P17536	Q04004	0
P19145	P43638	0
P25615	P39079	0
P33332	P53941	0
P17255	P36094	0
P33755	P38555	0
P30665	Q02932	0
P12385	P32607	0
P25043	Q12165	0
P24870	Q99207	0
P21182	P38261	0
O13565	Q12427	0
P36421	Q03012	0
P32349	P38748	0
P40038	Q12446	0
P06778	Q08902	0
P32832	P38988	0
Q00381	Q03071	0
P38042	P53236	0
P23287	Q02196	0
P53865	Q03792	0
Q08236	Q12260	0
P53124	Q02197	0
P40483	P43321	0
P39523	Q12452	0
P39703	Q08162	0
P38631	Q02866	0
Q06409	Q12176	0
P38324	Q04493	0
P38257	P53185	0
P47045	Q12527	0
P40314	P53091	0
P42073	Q99189	0
P07258	P24482	0
P29496	P38339	0
P14682	P32905	0
P38863	P53893	0
P32602	P38346	0
P23968	Q04562	0
P00724	Q04004	0
P25567	P38759	0
P40988	P48412	0
P40693	Q08931	0
P33329	P39935	0
P35203	Q05471	0
P13712	P40960	0
P09232	P26793	0
P39717	Q12151	0
P38346	Q06624	0
P32381	P38352	0
P34216	P35497	0
P00931	P12962	0
Q05900	Q12277	0
P40561	P53036	0
P47110	P53914	0
P00359	P32354	0
Q00723	Q12330	0
P38634	P53169	0
P18410	P48606	0
P36012	P39107	0
P53295	Q08732	0
P27472	Q04121	0
P15303	P50095	0
P53299	Q00416	0
P32849	P53754	0
P31383	P40413	0
P32849	Q12176	0
O13539	P33307	0
P20433	P40541	0
P38346	Q12206	0
P53743	P53930	0
Q03330	Q04199	0
P38257	P53145	0
P38786	P38837	0
P33204	P42846	0
P09435	P42073	0
P23724	Q03532	0
P38346	P53199	0
P06844	Q12734	0
P31244	P40477	0
P02557	P14306	0
P22203	P35169	0
P49686	Q03220	0
P40055	P53185	0
P33891	P40468	0
P17121	P32905	0
P53159	Q04233	0
Q06673	Q12020	0
P33328	P41800	0
P00924	P39079	0
P43593	Q12372	0
P38768	P53221	0
P38789	P39727	0
P38903	Q04675	0
P42845	P53924	0
P32366	P46673	0
P53298	Q12477	0
P32356	P32854	0
P41318	Q08931	0
P32842	P43587	0
P10869	P27614	0
Q04439	Q12165	0
Q08236	Q12420	0
P39944	P53965	0
P14904	P32562	0
P25333	P32561	0
P35203	Q12250	0
P39958	P39968	0
P38113	P53283	0
P33307	P43612	0
P13712	P14747	0
Q02821	Q12513	0
P32905	Q12691	0
P32801	Q12098	0
P24869	P27614	0
P11746	P38708	0
P53152	P53927	0
Q04002	Q05636	0
P18759	Q12473	0
P38063	Q06551	0
P29366	P38855	0
P25655	Q12163	0
P32447	P41811	0
P32325	Q03899	0
P39077	P39107	0
P47050	P53100	0
P12962	Q12368	0
Q12206	Q99260	0
P29465	P38229	0
P10591	P21538	0
P09959	Q08963	0
P17536	Q05471	0
P38798	Q05933	0
P36003	P38883	0
P50086	P53212	0
P48606	Q12424	0
P14682	P39014	0
P30619	Q03792	0
P27472	P53152	0
Q12035	Q12349	0
P27705	Q04062	0
P35203	P42884	0
P35728	P40960	0
P33419	P52919	0
P34160	P53196	0
P24279	Q12134	0
P08431	P38344	0
P23293	Q07471	0
P39076	Q04660	0
P39077	Q04305	0
P13099	P34162	0
Q04004	Q12151	0
P16451	P38911	0
P38903	Q02884	0
P53011	Q06704	0
P41800	Q92331	0
P22213	P39729	0
P35497	P50086	0
P38301	Q08920	0
P40457	Q12522	0
P33750	Q07442	0
P40573	Q92317	0
P20433	P25635	0
P24867	Q02732	0
P36005	P38590	0
Q02821	Q12477	0
P43616	Q05080	0
P27705	P38631	0
P00175	P36012	0
Q02875	Q07887	0
P46985	Q99181	0
P40512	Q08492	0
P35193	P53168	0
P11927	P15705	0
P25491	P34077	0
P50094	P53082	0
Q08438	Q12344	0
P09959	Q12499	0
P25694	Q04964	0
P16661	P32601	0
P04821	P23059	0
P38333	Q06644	0
P25649	Q08962	0
P32319	P42934	0
P30665	P32458	0
P40482	P53211	0
P25651	P32601	0
P43574	P49704	0
P40014	P40484	0
P19955	P53212	0
P30771	Q12691	0
Q02892	Q08965	0
P14164	P39937	0
P36118	P39715	0
P11484	P38989	0
Q05785	Q07963	0
P38431	P43569	0
P40965	Q06164	0
P34164	P53086	0
P12612	Q03898	0
P40555	Q04195	0
P23638	P35729	0
P40963	P53549	0
P53549	Q12265	0
P32913	Q06137	0
P38041	Q06525	0
P24783	P39994	0
P32867	Q12017	0
P48234	Q12309	0
P09959	P38760	0
Q03956	Q04089	0
P07991	P53104	0
P17442	P48232	0
P38716	Q00816	0
P09938	Q12206	0
P43535	Q03981	0
P32481	Q06108	0
P43593	Q12045	0
Q03774	Q06160	0
P36124	Q03954	0
O13553	P40529	0
P18962	P53974	0
P32505	Q12118	0
Q08873	Q08963	0
P02400	P25333	0
Q03862	Q08911	0
P04046	P14682	0
P40302	P49166	0
P16664	P53039	0
P02400	P38999	0
P23255	Q04062	0
P12754	Q00955	0
P53861	Q03954	0
P23644	Q99383	0
P25567	Q05080	0
P40512	Q03782	0
P40091	Q12028	0
P06773	P46675	0
P38788	P47029	0
P14904	P54860	0
P32905	Q12365	0
P09624	P40453	0
P41277	P53159	0
P32591	Q07930	0
P33306	P40495	0
P32578	P36145	0
P22543	Q04368	0
P07560	P32774	0
P39083	Q04439	0
P35179	P38801	0
P32939	P38766	0
P23287	Q04601	0
P10869	P39940	0
P06700	P17898	0
P40457	Q03558	0
P33411	P53150	0
P53283	P53286	0
P32491	Q02199	0
P21965	P53104	0
P27637	Q05778	0
P25453	Q12692	0
P36224	P38682	0
P42846	P53939	0
P43616	Q12514	0
P38737	P40009	0
P53600	Q12328	0
P53968	Q6Q547	0
P11927	P32605	0
P32773	P39968	0
Q12468	Q99207	0
Q00416	Q02825	0
P09232	P15303	0
P32495	P53847	0
P18961	Q03981	0
Q12063	Q12078	0
Q06410	Q12306	0
P06839	Q04660	0
P53743	Q08685	0
P38753	P38769	0
P06242	P40095	0
P21242	P38301	0
P53094	Q03774	0
O14455	Q06628	0
P40465	Q12028	0
P25491	Q04511	0
P07991	P34160	0
P38427	Q08162	0
P40013	P48525	0
P01149	P11747	0
P32583	Q06245	0
Q07887	Q12301	0
P32490	P34160	0
Q12050	Q99278	0
P24279	Q06169	0
Q03096	Q04005	0
P40078	Q04062	0
P12753	Q08215	0
P36013	P40477	0
P38270	P53049	0
P39083	Q12175	0
P19882	P53322	0
P33891	P42839	0
P06243	Q08746	0
P30656	P38856	0
P38759	Q01590	0
P36022	Q12159	0
P38182	P41921	0
P40160	P54867	0
P05986	P53313	0
P25454	P28791	0
P39935	P53068	0
P38855	Q00723	0
P15807	P20459	0
P28743	P38793	0
P40477	Q08949	0
P38247	Q02884	0
P20424	Q06137	0
P38228	P40036	0
P53281	Q01590	0
P25569	Q12129	0
P47054	Q03012	0
P38181	P50104	0
P53549	Q02931	0
P11075	Q12377	0
P21268	Q05946	0
P38228	P53691	0
Q03373	Q12446	0
P14741	Q03785	0
P38874	Q02354	0
P13517	P31109	0
P28006	P38931	0
P40202	Q08723	0
P30283	Q12045	0
P35177	P81450	0
P09734	P39730	0
P17695	P53914	0
P23624	P32468	0
P32525	Q08215	0
P04050	P06704	0
P40960	Q12390	0
P53959	Q03697	0
P32500	P46974	0
P23776	P53901	0
P23644	Q06624	0
P38310	P43535	0
P39515	P40518	0
P40089	P47079	0
P29461	P41834	0
P48562	Q03010	0
Q02256	Q08144	0
P32074	P33891	0
P06738	P17255	0
P32801	Q12483	0
P38889	Q05947	0
P40956	Q12368	0
P32802	Q06216	0
P33299	Q12263	0
P33331	Q04651	0
P25646	P53834	0
P36149	P36224	0
P38853	P38956	0
P49687	Q08931	0
P40512	Q04749	0
P32325	P36015	0
P39729	P53048	0
P53082	P53941	0
P53731	Q08979	0
Q03790	Q08911	0
P19524	P35688	0
P32628	P38080	0
P41896	Q03125	0
P32767	P32793	0
P13517	P39937	0
P47068	Q07468	0
P38873	P40477	0
P10869	P14736	0
P38200	Q08581	0
P16521	P38313	0
P17121	P38249	0
P50095	Q02892	0
P38850	P40014	0
P36005	Q12363	0
P53549	Q06624	0
P38627	Q12020	0
P40484	Q12310	0
P36062	Q04031	0
P53112	Q05166	0
P28000	Q12264	0
P20435	P53254	0
P18961	P53277	0
P32589	Q02892	0
Q07980	Q12754	0
P38757	Q07896	0
P36018	P41834	0
P04821	P53068	0
P38768	P53313	0
P09733	P33418	0
P00830	P39727	0
P38287	P45819	0
P00958	Q04412	0
P38682	P47912	0
P05318	Q04792	0
P02557	P06787	0
P14680	P38291	0
P20459	P52891	0
P25367	P32447	0
P53865	Q12044	0
P34216	P39935	0
P00830	P38760	0
P41811	Q07834	0
P28834	Q99260	0
P25515	P33760	0
P53125	P53159	0
P00899	Q03081	0
P39925	Q12241	0
P53141	Q03435	0
Q02775	Q12464	0
P38798	Q05881	0
P38329	P38749	0
P53939	Q02892	0
P13574	Q06218	0
P53091	Q99278	0
P38720	Q08972	0
P40483	Q03208	0
P19145	P32380	0
P54860	Q12280	0
P30665	Q04921	0
P07262	Q08550	0
P38247	P53322	0
P38352	P53238	0
P11745	P38822	0
P35728	P38329	0
P15705	Q03920	0
P33399	P53865	0
P33891	P38766	0
P06243	P40507	0
P36036	P53116	0
P20604	P22543	0
P32634	P40541	0
P40561	P53743	0
P04386	P07703	0
P40335	Q02554	0
P37296	Q08215	0
P39729	Q03081	0
P53551	Q02895	0
P25615	P32496	0
P35817	P38132	0
P39984	Q08732	0
P38871	P48240	0
P07264	P43601	0
P13186	P41940	0
P38193	P40314	0
P53277	Q06102	0
P25558	Q00916	0
P33892	P53254	0
P33420	P40963	0
P37302	P53978	0
P18759	Q07528	0
P06787	P39904	0
P31244	P53739	0
P14681	Q12149	0
P42839	Q12280	0
P38077	P38999	0
Q06673	Q08726	0
P32471	P33411	0
P20606	P22202	0
P53196	Q12168	0
P36019	P43563	0
P06782	P38814	0
P53549	Q12017	0
P15807	P43616	0
P47011	Q12754	0
P10363	P53267	0
P25336	Q12163	0
P23624	P46682	0
P43321	Q06679	0
P46962	Q04002	0
P35203	P38346	0
P35169	P40856	0
P16521	P38886	0
P25294	Q00723	0
P25502	P38957	0
P23724	Q00816	0
P36015	P53104	0
P25615	Q02197	0
P40079	Q03956	0
P38801	P60010	0
P00330	P38229	0
P22147	P33399	0
Q02892	Q03081	0
P32599	Q06436	0
P32570	P38695	0
P34162	P35189	0
P14736	P42073	0
P43593	Q03957	0
P29366	Q04233	0
P29509	P38346	0
P09435	P53313	0
O13539	Q08235	0
P22137	Q12152	0
P32505	Q05166	0
P25655	Q04121	0
P33418	P47165	0
P54199	Q07442	0
P14741	Q12473	0
P43565	Q12157	0
P23724	Q08956	0
P48582	P49687	0
P89102	Q12754	0
P38823	P49704	0
P40103	P53829	0
P38429	P46674	0
P06844	P21182	0
P38793	P38970	0
P38871	Q12328	0
P38208	Q04511	0
P40092	P40413	0
P38129	P53032	0
P36049	Q12280	0
P14747	Q06506	0
P38995	Q06344	0
P40344	Q06324	0
Q02196	Q6Q547	0
P38631	P38990	0
P32835	Q06436	0
P52919	Q08492	0
P04821	P15303	0
P39520	Q06697	0
P27351	P38872	0
P14724	P38789	0
P53104	Q03900	0
P32601	Q06648	0
P00924	P39563	0
P35728	P40413	0
Q12020	Q12328	0
P20459	Q12236	0
P53855	Q01684	0
P23968	P32590	0
P07274	P26570	0
P06839	P14747	0
P14741	P53150	0
P19812	P28707	0
P32588	P32639	0
P10592	P47050	0
P06784	P25299	0
P18963	Q12060	0
P40066	Q01159	0
Q04792	Q08162	0
P07262	P54861	0
P17119	P42846	0
P25515	P39926	0
P38696	Q08931	0
P42846	Q02804	0
P25453	P28004	0
P38990	P43565	0
P18888	Q00578	0
P09959	P38153	0
P24869	P38149	0
P38291	P53163	0
P38786	Q08729	0
P38113	P53130	0
O14467	Q06407	0
P47064	Q05568	0
P39990	Q12483	0
Q04368	Q06108	0
P12754	Q02773	0
P40362	Q00684	0
P38636	Q03220	0
P38853	Q12468	0
P38590	P46675	0
P32263	P40217	0
P12612	P32496	0
P15424	Q03940	0
P36103	Q04195	0
Q04048	Q04739	0
P22007	Q02554	0
P21801	P32805	0
Q07824	Q12494	0
P50091	Q99189	0
Q02948	Q12154	0
Q03322	Q12009	0
P25808	P43569	0
P10622	P32945	0
P19812	P36124	0
P12612	P53743	0
P38149	P52553	0
P38631	P50113	0
P20134	Q05021	0
P46949	Q04562	0
P17119	P47113	0
P38786	Q03619	0
P31383	Q12230	0
Q12063	Q12264	0
P53861	Q92331	0
P00931	P32490	0
P11075	P43612	0
P36010	Q12163	0
P38334	Q05583	0
P18480	P25303	0
P53893	Q12276	0
P38783	Q07887	0
P39962	Q12315	0
Q08966	Q12206	0
P38276	Q07915	0
P22204	P30902	0
P47041	P53953	0
P40328	Q06628	0
P40357	P53039	0
P53184	Q12256	0
P25591	P40087	0
P15436	Q04675	0
P19414	P39108	0
P47150	Q04660	0
P17555	P38793	0
P14680	P53834	0
P00958	P13663	0
P38723	P53616	0
P32458	P32776	0
P07149	P40567	0
P31382	P48559	0
P21672	Q12168	0
P25333	P32855	0
P43619	Q12276	0
P21965	P49573	0
P34234	Q03920	0
P38989	Q06411	0
P36080	P40473	0
P10622	Q12433	0
Q06160	Q12377	0
P25605	Q12149	0
P53043	Q03322	0
P33304	Q12138	0
P43583	Q12411	0
P38328	Q06408	0
P28007	P38806	0
P32800	P47041	0
P32561	P38692	0
P38806	P53743	0
P15873	P53628	0
P32913	Q12411	0
P24871	P36124	0
P50277	Q02895	0
P28791	P53286	0
P32767	Q92331	0
P39929	P46954	0
P35691	Q07844	0
P25604	P39944	0
P38149	Q02197	0
P24004	P32327	0
P32767	Q05785	0
P43321	Q05933	0
P39904	Q05933	0
P40991	Q04792	0
P32571	P46947	0
P36049	P49955	0
P34730	Q12390	0
P06738	P25360	0
P20459	P53754	0
P32590	P53067	0
P48562	P53604	0
P39682	Q92331	0
P14904	P38634	0
P32607	Q07471	0
P16862	Q06102	0
P28791	P41318	0
Q02773	Q08601	0
P21242	P40518	0
P13712	Q08966	0
P30902	P35056	0
P09435	Q12447	0
P50104	Q06639	0
P22137	P25369	0
P50275	P53048	0
P14736	P40328	0
P41800	Q12107	0
P25515	P36049	0
P32873	P40555	0
P29366	P30657	0
P33298	P36018	0
P38113	Q12390	0
P38861	Q12055	0
P40339	Q06177	0
P35728	Q12477	0
P38766	P46957	0
P40453	P53283	0
P02829	P28707	0
P25604	P38873	0
P13045	Q12264	0
P27472	P32490	0
P24279	P34223	0
P06839	P40555	0
P02829	P25344	0
P22543	P25333	0
P32773	P38959	0
P35497	P53941	0
P28817	P38806	0
Q01722	Q06551	0
P02294	P38298	0
P46655	P48606	0
P32453	P81450	0
P32581	Q07381	0
P05453	P07273	0
P23059	P53104	0
P09032	P37370	0
P25336	P43603	0
P38257	P41277	0
Q04121	Q92317	0
P43616	Q08438	0
P34160	P38208	0
P32786	Q12233	0
P32944	P40509	0
P12962	P39081	0
Q03898	Q06616	0
P38735	Q12406	0
P36161	Q03048	0
Q01389	Q08873	0
P34077	P38757	0
P21538	P40494	0
P40061	Q04370	0
Q00582	Q08956	0
P39008	Q12151	0
P50278	Q06412	0
Q02256	Q06263	0
P00950	P41896	0
P15442	P29703	0
P33333	P50946	0
P36012	P41697	0
P11746	P40217	0
P01120	P22515	0
P00729	P28007	0
P06103	P38871	0
P41800	P53258	0
P16521	P47054	0
P53064	Q08726	0
P21268	Q03220	0
P33760	P53549	0
P20435	P47093	0
P05318	P32600	0
P33418	P47089	0
P32905	Q08144	0
P53955	Q12468	0
P60010	Q07508	0
P38696	P40413	0
P04387	P40507	0
P48232	Q06406	0
P14908	P35201	0
P20053	P40892	0
P15705	P38203	0
P36161	P46673	0
Q04217	Q12107	0
P28007	P53207	0
P38903	Q12017	0
P19145	Q03096	0
P20437	Q06616	0
P39551	Q04307	0
P11746	Q06704	0
P04807	P38113	0
P12611	P36145	0
P19524	Q06409	0
P06244	P38696	0
P25333	P26793	0
P34253	P47113	0
P20052	P38247	0
P22202	Q99189	0
P19524	P36012	0
P09798	Q12754	0
P35497	P50944	0
P25632	P32583	0
Q08273	Q12222	0
P14682	Q12368	0
P38011	P40024	0
P32945	P53168	0
P32581	Q12021	0
P32490	P47019	0
P25341	Q08817	0
P22213	Q06408	0
P28708	P53971	0
P25644	P53313	0
Q06340	Q12328	0
Q08144	Q12230	0
P41834	Q05946	0
P02994	P33203	0
P52918	P53290	0
P32325	P40204	0
P32561	P38801	0
P08431	P39081	0
P40091	Q03220	0
P20459	Q00246	0
P15108	P40495	0
P24583	P40494	0
P40496	P53830	0
P02400	P32381	0
P40362	P53738	0
P18494	Q05947	0
P07278	P40055	0
P30822	P38283	0
P15807	P32629	0
P31412	Q04660	0
P07274	P15442	0
P36012	Q03619	0
P28274	P34730	0
P53691	Q12424	0
P33332	P39531	0
P38208	P38720	0
P18962	P22219	0
P13902	P36162	0
P10659	Q12018	0
P38200	Q08444	0
P17119	Q08956	0
P00358	P53267	0
P38590	Q05021	0
P39925	P39994	0
P39987	Q99314	0
P38862	Q00582	0
P40089	P40103	0
P25719	P53855	0
P27472	P35194	0
P40573	Q02100	0
P41921	P53905	0
P06787	P53622	0
P38861	P53739	0
Q06512	Q12265	0
P07283	P33760	0
P09798	P40202	0
P17121	P22204	0
P22224	Q03981	0
P24004	P38696	0
P31111	P38967	0
P09032	P33401	0
P39563	P46957	0
P40988	Q08965	0
P38070	P53691	0
Q05022	Q05568	0
Q04439	Q08726	0
P29461	P38922	0
P20053	P38697	0
P07834	P46673	0
P20967	Q08920	0
O13559	P25655	0
P05694	P41818	0
P36144	P38798	0
P53254	P53267	0
P12753	P19882	0
P27636	Q05568	0
P32074	Q06137	0
P40462	Q08729	0
P05318	P29366	0
P17119	Q06409	0
P38153	P53855	0
P38249	P38333	0
Q04110	Q07986	0
P07258	P53171	0
P22204	P40078	0
P41805	P53886	0
P31374	P38555	0
P39703	Q02892	0
P38013	P53145	0
P38293	P53924	0
P14747	P39742	0
P19145	P53169	0
P33331	P39940	0
P20053	P54861	0
P36068	P40518	0
P38298	P38637	0
P30619	Q08746	0
P11746	P39715	0
P40339	P53203	0
Q12434	Q99383	0
P30619	P32895	0
P20459	Q12248	0
P23639	Q04651	0
P49573	Q06568	0
P38764	P53145	0
P40357	Q12415	0
P40339	P53755	0
P37012	Q06648	0
P18759	P53145	0
P40573	P53755	0
P38996	Q04491	0
Q00245	Q03322	0
P15790	P47041	0
P32561	P38620	0
Q06411	Q12347	0
P36131	Q05778	0
P32450	Q05933	0
P36094	P53082	0
P13099	P38713	0
P33307	Q08965	0
P26793	Q04031	0
P00830	P43535	0
P38636	Q12427	0
P23624	Q08438	0
P39720	P49956	0
P25569	Q04307	0
P32642	P36010	0
P26793	P46985	0
P40328	Q12009	0
P11484	Q99210	0
P05085	P22336	0
P16140	Q03012	0
P47050	P53086	0
P38682	P38806	0
P39073	P47029	0
P53124	P53169	0
P13185	P23394	0
P00359	P48606	0
P02293	P38615	0
P00899	P39079	0
Q03900	Q04048	0
P03965	P46962	0
P38805	P39940	0
P09798	P39523	0
P24583	P25644	0
P10591	Q04225	0
Q03018	Q05785	0
P40316	P53254	0
P40494	P46985	0
P18852	P32628	0
P38760	P41810	0
P38840	P40461	0
P13856	P40186	0
P13434	Q12527	0
P21374	P48566	0
P37296	P38705	0
P40991	P41810	0
P12945	P38276	0
P28320	P39520	0
P22202	P38431	0
P14832	P53322	0
P07149	P38764	0
P35723	P42841	0
P40010	P40013	0
P08539	P18963	0
P40465	P47068	0
P25569	P39904	0
P00924	Q08492	0
P27801	P46963	0
P48415	Q04272	0
P25454	P38793	0
P21268	Q12276	0
P25582	Q12280	0
P46673	Q03532	0
P25719	P38129	0
P33329	Q04089	0
P33419	P53600	0
P40988	Q03162	0
P39935	Q00362	0
P07260	P25808	0
P17255	P37012	0
P38620	P38690	0
P12688	P30619	0
P32492	Q03690	0
P32945	P33891	0
P53930	Q04067	0
P40204	Q08144	0
P32849	P38990	0
P35817	P38630	0
P32634	P40350	0
P27796	P32527	0
Q03096	Q03973	0
P34077	Q12477	0
P50113	Q12129	0
P26188	P45976	0
P28795	P42839	0
P32629	P47104	0
P21374	P29469	0
P11709	P39935	0
P53169	Q12186	0
P41940	Q12149	0
P38346	Q7LIF1	0
P53248	Q07508	0
P20449	P40956	0
P39925	P47120	0
P47122	Q12365	0
P38922	P47116	0
P38690	P53855	0
P20053	P35729	0
P38082	P53243	0
P38853	Q12499	0
Q12301	Q12390	0
P38915	P38988	0
P54860	Q08931	0
P25584	P48361	0
P22147	P33400	0
P23644	Q02804	0
P16862	P32867	0
P26793	Q12199	0
P29461	P39969	0
P38716	Q12417	0
P25389	P39960	0
P27515	Q08229	0
P38793	P47116	0
P36172	Q08732	0
P17891	Q04491	0
P32495	Q08273	0
P40567	Q12264	0
P36094	Q01939	0
P38708	Q12220	0
P19262	P38792	0
P40517	Q04411	0
P17536	P38293	0
P32471	Q04921	0
P16861	P53082	0
P43638	P47116	0
P53924	Q12124	0
P25615	Q08446	0
P43568	Q00776	0
P40368	P50108	0
P02293	Q02256	0
P33760	P38723	0
P40495	P53277	0
P00359	P53924	0
Q03619	Q06169	0
P38333	Q05080	0
P12945	P32491	0
P32328	P47122	0
P16547	P80428	0
Q03776	Q06675	0
P18962	Q05670	0
P24482	Q12418	0
P40564	Q12417	0
P53378	P89102	0
P31244	P40090	0
P33891	P47124	0
P27801	Q06436	0
P43568	Q03900	0
P33891	P38853	0
P32913	P40555	0
P37296	P53184	0
P53867	Q04217	0
P50944	Q03792	0
P25336	Q12477	0
P40494	Q12098	0
P34241	P53910	0
P32325	P38785	0
P30771	P47176	0
P47176	Q04377	0
P40548	Q08245	0
P53082	Q12390	0
P08524	P34216	0
P34216	P40457	0
P39743	P53011	0
P32776	P38873	0
P40515	Q12152	0
P49686	Q92331	0
P32629	Q08949	0
P32327	Q06549	0
P38692	P41814	0
P36085	Q06102	0
P38274	P42843	0
P32074	P32561	0
P28791	P48836	0
P46655	Q12368	0
P53622	Q12154	0
P29366	P38708	0
P39073	Q12468	0
P36084	P87284	0
P14737	P17119	0
P23624	Q12517	0
P47912	P54999	0
P36005	P40078	0
P36145	P53691	0
P06787	Q03125	0
P38254	Q03497	0
P40991	Q04272	0
P19657	P39715	0
P38779	P39520	0
P38217	Q03656	0
Q02721	Q07478	0
P32490	Q12522	0
P38615	P38959	0
P27895	P53100	0
P40339	Q00955	0
P29469	P35181	0
P32074	Q12175	0
Q00816	Q03735	0
P13185	P25296	0
P28834	P38696	0
P23724	P38270	0
P22140	P40060	0
P33311	Q04062	0
P33203	P38198	0
P06839	Q06616	0
P40395	Q02793	0
P38956	P40339	0
P32523	Q06677	0
P53082	P53904	0
P13856	P30665	0
P33331	Q05568	0
P53032	P53297	0
P15646	Q04272	0
P22204	P40089	0
P24871	P39718	0
P40360	Q03818	0
P38821	P49956	0
P48524	Q12527	0
P32481	P40314	0
P32354	Q12255	0
P48415	P52286	0
P38273	P43563	0
Q03455	Q06632	0
Q06217	Q08562	0
P41921	Q03220	0
P40457	P53152	0
Q06108	Q06163	0
P12688	Q04004	0
P38989	Q08817	0
Q03048	Q12328	0
P38783	P53824	0
P07272	P38820	0
P36520	P43562	0
P32496	P53930	0
P13712	P48363	0
P32380	Q07824	0
P24869	Q02884	0
P25584	P32582	0
Q00416	Q06604	0
P38329	P41800	0
P20459	P42839	0
P40963	Q12041	0
P15873	Q04675	0
P25341	P38283	0
P41277	Q03768	0
P32917	P38555	0
P47053	Q02795	0
P39076	Q12060	0
P37366	Q05787	0
P19454	P38329	0
P09435	P42945	0
Q00684	Q04338	0
P53068	Q06408	0
P23561	P46949	0
P38748	Q06479	0
P20081	P38149	0
P39715	P48524	0
P12945	P20438	0
P20433	P27796	0
P30822	Q07657	0
P38716	P40507	0
P35817	P40469	0
P18410	P53550	0
P52490	Q08649	0
P15646	P38793	0
P41805	Q99260	0
P39523	P53905	0
P38737	P39925	0
P19882	P36130	0
P38042	Q02804	0
P05085	P39081	0
P17119	P53965	0
P24482	P53248	0
P21538	P46954	0
P32502	P41921	0
P22133	P50108	0
O13297	P21538	0
P34730	P40339	0
P30665	P40555	0
P38111	P53147	0
P33314	Q08729	0
P08458	P30657	0
P49956	P60010	0
P40335	P43593	0
P36029	Q03897	0
P39703	Q07623	0
P38999	P53129	0
P36139	Q12424	0
P12688	P24482	0
P36027	P36160	0
O13563	P16892	0
P14832	P40507	0
P25294	P40573	0
P23642	P47068	0
P34758	P40092	0
P53939	Q12330	0
P32561	Q04651	0
P16664	P53974	0
P53248	Q06102	0
P38348	Q06525	0
P52490	P53049	0
P29366	Q04439	0
P33419	P38862	0
P25558	P35194	0
P50091	P53965	0
P36005	Q01389	0
P32571	P35203	0
P46963	Q02629	0
P14126	P32607	0
P42839	Q12277	0
P33400	P38810	0
P25293	P33755	0
Q04839	Q12151	0
P35056	P48559	0
P40453	P48836	0
P12612	P14741	0
P32457	P39998	0
P06773	P53280	0
P34161	Q07622	0
P32855	Q99385	0
P22213	Q05471	0
Q12021	Q12477	0
P23301	P53939	0
P38622	Q12009	0
P14126	P23301	0
P28834	P38555	0
P52891	Q06708	0
P19145	Q12473	0
P01123	P32767	0
P20438	P32591	0
P04821	P30771	0
P34730	P53145	0
P21672	P35169	0
P23202	P32264	0
P00560	P43574	0
P22213	P25385	0
P10869	P36068	0
P40064	P43587	0
P10592	P38874	0
P25390	Q03338	0
P32939	Q12063	0
P32605	P38232	0
Q02197	Q04493	0
P01120	P13663	0
P40013	Q12142	0
P12385	Q04322	0
P33328	Q12754	0
P53168	Q12186	0
P36224	P53829	0
P24279	P25558	0
P33199	P38011	0
P23542	P35056	0
P36131	P40079	0
P40529	Q12263	0
P53221	Q08387	0
P47129	Q05775	0
P47083	Q12055	0
P29465	P42884	0
P32562	P48239	0
P24867	P25357	0
P53927	Q03782	0
P12688	P39960	0
P38257	Q08438	0
P38930	P48582	0
P53067	Q08723	0
Q04934	Q12186	0
P24583	Q04493	0
P08431	P53883	0
P46680	P53845	0
P30624	P38932	0
P14126	Q08215	0
P39926	Q02804	0
P10592	P41834	0
P15108	P38283	0
P32895	P42843	0
P38823	P53010	0
P38801	P39715	0
P36068	P38696	0
P38959	P50275	0
Q12028	Q99207	0
P38716	P40512	0
P43637	P53600	0
P32802	Q12256	0
P38748	P47160	0
P40155	Q00582	0
P06779	P15424	0
P22543	P38748	0
P38689	Q04894	0
Q02260	Q04031	0
P33418	P50095	0
P00546	Q12527	0
O14455	P32854	0
P25558	P32525	0
P41808	P43603	0
Q02260	Q04978	0
P32642	Q12098	0
P38861	Q06549	0
P40069	P40314	0
P07251	P38991	0
P02309	P32564	0
P38805	Q12098	0
P06779	P34217	0
P50094	P53067	0
Q00362	Q12434	0
Q03630	Q07930	0
P32368	Q02795	0
P47122	P52553	0
P38753	P39958	0
P12962	P21243	0
P14741	P38274	0
P40479	P53272	0
P47050	Q12691	0
P20606	Q99385	0
P32589	P38872	0
Q01684	Q12224	0
P07149	P24783	0
P04807	P32468	0
P17121	P89886	0
P17255	P53628	0
P19073	P32481	0
P18480	P30619	0
P25649	P40316	0
P32381	P53067	0
P43588	Q03533	0
P28320	P36123	0
P35194	Q03330	0
P36015	Q07963	0
P33399	Q04005	0
P40473	P46655	0
P38334	Q03656	0
P32657	P32836	0
P39729	Q04217	0
Q08214	Q08287	0
P32528	P53939	0
P14742	P53959	0
P09435	P52286	0
Q08685	Q12018	0
P07278	Q02821	0
P19524	Q04087	0
P53955	Q04359	0
P10622	P22517	0
P19097	P38429	0
P40091	Q06819	0
P32501	P40471	0
P32895	P40009	0
P11745	P32364	0
P40007	Q12149	0
P25584	P38013	0
P39013	Q03338	0
P40018	Q07528	0
P28817	P40350	0
P19145	P27351	0
P50278	Q04373	0
P28007	Q00684	0
P22203	P25454	0
P00359	P43593	0
Q07786	Q12411	0
P34077	Q00816	0
P02994	Q12363	0
P35207	P40517	0
P43565	Q99394	0
P38301	Q12063	0
P25344	P38352	0
P27636	Q12248	0
P32899	P38237	0
P36049	Q00618	0
P24004	Q03096	0
P38153	Q06479	0
P49435	Q02948	0
Q06651	Q12315	0
P40485	Q99385	0
P25657	Q04412	0
P14359	P39940	0
P45819	P53267	0
P19145	P23394	0
P25367	P38735	0
P32605	Q08956	0
Q02260	Q03956	0
P38247	P39073	0
P22219	Q04264	0
P32867	P38829	0
Q05881	Q12009	0
P21801	P53344	0
P14680	P53691	0
P32525	P39682	0
P24814	Q12301	0
Q06628	Q07930	0
P38276	P53159	0
P39548	P40089	0
Q04894	Q12260	0
P38358	P50944	0
P38995	Q08923	0
P33313	P53949	0
P10622	P38636	0
P26263	Q04264	0
P36049	P54885	0
P38705	Q03010	0
Q00381	Q04359	0
P25454	Q04373	0
Q06551	Q12473	0
P40064	Q03048	0
P06787	P20437	0
P14907	Q04031	0
P38283	Q03532	0
Q08217	Q12024	0
P23644	P36131	0
P53883	P60010	0
P42935	P43588	0
P25357	P38867	0
P35817	P52910	0
Q07904	Q08496	0
P25586	P40202	0
P37303	P38254	0
P38555	P38822	0
P38759	P53740	0
P53130	P53169	0
P40892	Q02554	0
P50113	Q03619	0
Q03735	Q12280	0
P04456	P38229	0
P36144	P47027	0
P19262	P53855	0
P32807	P53049	0
P19736	P53388	0
P48581	P53237	0
P22517	P32501	0
P40016	Q02939	0
P02829	P33329	0
O14455	P25582	0
P00931	Q00776	0
P53278	P89105	0
P02400	P02557	0
P32525	P35688	0
P36047	Q06451	0
P39563	P53599	0
P09064	P40095	0
P38786	P40096	0
P47135	P52286	0
P36121	Q02931	0
P17157	Q02629	0
P27801	P32863	0
P32805	Q02732	0
P32074	P47079	0
P25632	Q02875	0
P38254	P53049	0
P10964	P16861	0
O13539	P12904	0
P32380	P53628	0
P00358	Q06665	0
P09232	P27636	0
P38247	P40087	0
P40079	Q08245	0
P53740	Q02890	0
P36047	P38806	0
Q03497	Q03758	0
P20435	P31688	0
P32529	P33299	0
P32324	P38989	0
P23287	Q00246	0
P07251	Q04562	0
P50086	Q02805	0
P46680	Q05949	0
Q08920	Q12044	0
P25343	P38203	0
P52910	Q00684	0
P32450	P47041	0
P33201	P37012	0
P32854	Q12098	0
O13539	Q06177	0
P17119	P20459	0
P38883	Q06624	0
P29509	P39076	0
P53283	Q07376	0
P20676	Q08496	0
P22204	Q04149	0
P05694	P23255	0
P33420	Q08949	0
P09938	P39517	0
P39990	P40960	0
P23542	P40988	0
P32589	Q04439	0
P39730	P53280	0
P36068	Q03081	0
P18494	P29509	0
P39713	P50101	0
P43588	Q12078	0
P30656	Q05785	0
P47017	Q06142	0
P40316	Q01590	0
P29496	P53104	0
Q08491	Q12754	0
P11433	P38853	0
P33199	P50945	0
P42951	Q06568	0
P47045	Q00955	0
P10081	P38348	0
P10592	P53298	0
P29295	P33411	0
P06843	P29496	0
P33401	P41800	0
P24867	P33750	0
P38113	Q12318	0
P38272	Q12161	0
P32566	P35197	0
P16370	P39967	0
P14741	P39935	0
P34217	P38315	0
P36017	P38329	0
P02994	P36139	0
P28791	Q03435	0
P43568	Q01560	0
P38883	P48361	0
P27515	Q08119	0
P38697	P43321	0
P00359	P38636	0
P32366	P38334	0
P39929	Q12318	0
Q02773	Q12517	0
P38622	P47122	0
Q02100	Q04305	0
P33767	Q12402	0
P38801	Q12517	0
P37370	Q04233	0
P40060	P53297	0
P53905	Q08236	0
P00924	P32558	0
P40477	P53949	0
P25586	Q04921	0
Q05900	Q06640	0
P38324	Q05670	0
P00128	P53176	0
P53600	Q12315	0
P40303	Q04697	0
Q12483	Q99189	0
P38959	Q12449	0
Q02554	Q05022	0
P11746	P53043	0
P00937	Q08204	0
P36124	Q99385	0
Q04005	Q08273	0
P38334	P41901	0
P38716	P53883	0
P25342	P37012	0
P14742	P48232	0
P53604	Q03897	0
P32492	P50944	0
P27705	Q07418	0
P32911	Q08144	0
P38291	P39968	0
P05085	P33892	0
P32349	P53840	0
Q04067	Q04934	0
P39925	Q04792	0
P11709	Q03220	0
P34223	Q92317	0
P43321	P53064	0
P32366	Q12241	0
P28320	P53824	0
P38785	P47129	0
P06844	P32480	0
P32563	Q12250	0
P15108	Q08215	0
P32450	P53286	0
P39107	Q02773	0
P23624	Q12107	0
P52488	Q06412	0
P25294	P39990	0
Q02260	Q05636	0
P05317	Q06604	0
P04807	Q08004	0
P22141	Q06412	0
P39531	Q02866	0
P53124	Q06102	0
P36149	Q03784	0
P40036	Q07657	0
P33891	P39073	0
P38853	Q03322	0
P13185	Q99176	0
P25454	Q12033	0
P32600	P39929	0
P40186	Q12285	0
P53886	Q00245	0
P40316	P53168	0
P32863	P33760	0
P32895	Q08229	0
P05986	P53196	0
P34758	P51996	0
P43565	P47017	0
P25649	P50101	0
Q08962	Q12154	0
P32855	P53159	0
P39929	P53104	0
P38764	Q06245	0
P25591	P35729	0
P34241	Q08287	0
P38232	Q12206	0
P38319	P42935	0
P15646	P20606	0
P00931	Q05933	0
O13565	P38757	0
P32491	P38273	0
P38959	P48232	0
P40070	P47049	0
P32917	Q00816	0
P33307	P50278	0
P24869	P38348	0
P38862	P39107	0
P36131	P39707	0
P12385	P40202	0
Q03862	Q05024	0
P39079	Q05947	0
P38310	Q08581	0
P46681	Q03661	0
P32349	P36022	0
P11709	Q04562	0
P53100	Q02199	0
P29311	P53233	0
P19454	P46948	0
P00812	P33311	0
P33201	P38798	0
P25370	P32774	0
P02293	Q04493	0
Q12100	Q12260	0
P06781	P39703	0
P14359	Q12318	0
P15303	Q03322	0
P23642	P40555	0
Q12222	Q12368	0
P04076	P43619	0
P33333	P50113	0
P38182	Q04411	0
P38229	P39682	0
P33400	P38863	0
P08679	Q03782	0
P35193	P38837	0
P32897	Q03860	0
P46954	P53236	0
P06242	Q06251	0
P38910	P46961	0
Q02805	Q08975	0
P32634	P40515	0
P38273	P39707	0
P50091	Q08951	0
P07262	P11745	0
P35718	Q04491	0
P50111	P52919	0
P53256	Q05022	0
P25649	P53313	0
P35497	Q00245	0
P32767	Q04693	0
P09624	P53941	0
P02829	P38697	0
P32629	Q12468	0
P09064	P42845	0
P48524	P53283	0
P33199	P39994	0
P32381	Q06108	0
P13712	P36017	0
P32861	Q04601	0
Q03010	Q03973	0
P12753	P32913	0
P38989	Q12389	0
P53036	P53965	0
P16467	P18759	0
P34223	P42839	0
P09733	P53755	0
P48412	Q12017	0
P40529	Q06604	0
P38708	Q03792	0
P25357	P38871	0
P36010	Q02821	0
P25515	P32802	0
P29469	Q03768	0
P24813	P46673	0
P43592	Q06168	0
P35688	P38716	0
P40327	P40468	0
P40963	Q05022	0
P06843	P53840	0
P33760	Q12754	0
P31539	P38324	0
P29465	Q07468	0
P38634	Q02866	0
Q04226	Q12450	0
P07264	P38247	0
P04821	P36017	0
Q08979	Q12236	0
Q04005	Q6Q547	0
P38147	P38717	0
P25591	P43587	0
P34253	Q04601	0
P32528	P38200	0
P21243	P41940	0
P41911	Q06169	0
P32497	P40020	0
P00724	Q05946	0
Q03768	Q05568	0
P07270	P53847	0
P32325	Q06409	0
P00359	P38821	0
P40494	Q04439	0
P23394	P36029	0
P13434	P42942	0
P16658	P23202	0
P09938	P23561	0
P32913	P38720	0
P32471	P38182	0
Q03630	Q12241	0
P50108	Q05080	0
P25451	P39936	0
P04387	P38129	0
P06787	P47134	0
P38316	Q12241	0
P53068	Q12418	0
P27614	P38990	0
P29703	Q12469	0
P22336	P38273	0
P54885	Q12248	0
P25694	P31244	0
P38217	Q04562	0
Q03630	Q08886	0
P32366	Q12055	0
P43568	Q12341	0
P22517	P38783	0
P50113	Q03782	0
P25333	P40483	0
P38873	Q12276	0
P53011	Q03071	0
P14742	Q02197	0
P19262	P24870	0
P04807	P42073	0
P10869	P28834	0
P08018	P32354	0
P11927	P53859	0
P28791	P33411	0
P10592	Q04934	0
P00830	P40564	0
P40087	Q03899	0
P32337	Q01329	0
P07149	P09938	0
P38113	P47045	0
Q03782	Q12041	0
P25584	P80667	0
P33332	P47029	0
P36421	P38990	0
P36047	P43586	0
P38735	Q03735	0
P33201	Q07508	0
P43588	P45819	0
P22216	P29056	0
P32591	P53731	0
P09435	P38346	0
P23776	P40356	0
P41816	Q12460	0
P32905	P38346	0
P53199	Q12028	0
P53147	Q02939	0
P31244	Q12277	0
P38727	Q06630	0
P18898	Q08581	0
P39729	P53176	0
P14126	P17629	0
P32523	P36100	0
P26263	P36053	0
P31383	P32634	0
P24868	P53169	0
P13663	P53743	0
P12753	P30902	0
P24870	Q00955	0
P53894	Q04005	0
P47045	P53927	0
P24719	P43596	0
P32898	Q04439	0
P38427	P38788	0
P38774	P47135	0
O13554	P53094	0
P21192	Q06554	0
P33328	Q12045	0
P40186	Q06169	0
P07149	P18480	0
P25367	P32802	0
P32349	Q07896	0
P32793	P40485	0
P14747	P39077	0
P33311	Q12363	0
P22147	P48562	0
P23293	Q03919	0
P00044	Q92331	0
P35729	P53894	0
P13711	P19145	0
P37302	P53847	0
P25367	P32562	0
P04147	Q02256	0
P32528	Q03322	0
P34160	P80667	0
P39966	P46673	0
P38247	P38276	0
P24482	P40024	0
P25454	P36047	0
P00358	Q05947	0
P39013	P42839	0
P13712	P46673	0
P50091	P53731	0
P06634	P39077	0
P32854	Q08817	0
P53859	Q07963	0
P38821	P38991	0
P51996	Q07824	0
Q06411	Q12280	0
P40957	Q07442	0
P53115	Q00416	0
P14164	Q08723	0
P18239	P23255	0
P28791	Q06696	0
P06774	P28004	0
P38329	Q05610	0
P28495	Q00764	0
P34238	P38111	0
P43638	P47134	0
P38785	P41813	0
P38820	P38904	0
P32505	P46655	0
P40319	Q03177	0
P22204	Q05933	0
P38932	P40957	0
P36131	P53124	0
P33892	P40016	0
P28708	P38077	0
P48412	P53283	0
P53313	P53886	0
P32327	Q04651	0
P38805	Q02804	0
P32495	P35194	0
P12385	P32634	0
P17442	P40003	0
P38699	Q12216	0
P31539	Q04636	0
P54199	Q12084	0
P53550	Q12152	0
P13185	P38620	0
P36013	Q08726	0
P25371	Q12372	0
Q04373	Q92331	0
Q03012	Q99299	0
P00729	P43603	0
O13539	P02829	0
P27705	Q08601	0
P47103	P53971	0
P21672	Q12045	0
P28000	P47135	0
P39523	Q04660	0
P33750	P38785	0
P09798	P20486	0
P25808	P51601	0
P19657	Q12129	0
P25385	P38072	0
P15790	Q05871	0
P38620	Q06819	0
P07283	P46988	0
P53280	Q12222	0
P09435	P53267	0
P28274	P38703	0
P32505	P38822	0
P25369	P41810	0
P35169	Q03048	0
P39077	Q12380	0
P53905	Q99394	0
P47029	P49955	0
Q07084	Q12107	0
P25342	Q12363	0
P39101	Q08465	0
P32911	P38989	0
P32481	P48415	0
P25389	P38191	0
P25367	P53086	0
P80667	Q06616	0
P46949	P48837	0
P13711	P38113	0
P40483	Q12129	0
P36084	P53124	0
P23642	P25719	0
P38856	Q12024	0
P40089	P47054	0
P22517	P41895	0
O14455	P32525	0
P18851	Q03012	0
P41832	Q06696	0
Q04231	Q08287	0
P48415	Q08817	0
P35210	Q08685	0
P32490	Q08949	0
P39904	P46948	0
P43637	P51601	0
P06242	P25591	0
Q03162	Q03758	0
P33892	P34217	0
P07251	P32873	0
P25343	Q03048	0
P23639	P47165	0
P35203	P43616	0
P39079	Q12417	0
P40092	Q03323	0
P02557	P33750	0
P53742	Q06677	0
Q08492	Q08956	0
P32914	P43621	0
P50278	Q00916	0
P38204	P43621	0
P32571	P54999	0
Q12034	Q12329	0
P40096	Q12260	0
P24869	Q99207	0
P00924	Q08144	0
P38013	P38634	0
Q08732	Q92331	0
P22804	P53211	0
P38690	P47912	0
P13586	P36094	0
P07834	P38792	0
P23287	P32345	0
P21691	Q08923	0
P32912	P47054	0
P33313	Q12344	0
P43569	P53100	0
P40515	Q02825	0
P52918	Q07381	0
P00546	Q04491	0
P21965	P35203	0
P38903	P52490	0
P32571	Q06708	0
P25558	P48361	0
P40316	Q06616	0
P25360	Q99189	0
P53939	Q12734	0
P35203	P39723	0
P19955	P38744	0
P23287	Q6Q547	0
P38276	P39935	0
P38957	P40360	0
P48562	Q07381	0
P39009	Q01217	0
P32562	Q03768	0
P32578	P38200	0
P40202	Q12363	0
P40091	Q12041	0
P07262	P21965	0
P30606	P36520	0
P36047	Q04693	0
Q02199	Q07442	0
P33334	P40013	0
P33331	Q04149	0
P36139	P39079	0
P06787	Q12427	0
P32796	P41814	0
P41901	P42884	0
P39705	P43568	0
P04147	Q03018	0
P32867	P53863	0
P31109	Q06151	0
P38313	P40462	0
P19262	Q06102	0
P53930	Q00916	0
P53280	P53859	0
Q02199	Q03532	0
P40303	Q03899	0
P53011	P53258	0
P36047	Q03897	0
P03965	P25808	0
P14742	Q06324	0
P18410	P48232	0
P35181	P39730	0
P04912	P25453	0
O13554	P27692	0
P38624	Q12152	0
P10961	P32523	0
P36080	Q04217	0
P18494	P21801	0
P32495	P39682	0
P33328	P33750	0
P40573	Q03956	0
P00899	Q02196	0
P40316	P41814	0
P09032	P47017	0
P12385	Q03750	0
P20053	P38749	0
P13711	P32634	0
P38689	Q12176	0
P53742	Q12264	0
P19524	P24279	0
P36018	Q04121	0
P38959	P50094	0
P23642	Q07896	0
P32794	P38232	0
P00546	P32802	0
P32800	P38990	0
P36145	P38070	0
P39979	P50108	0
P28834	P38810	0
P36010	Q08496	0
P38779	Q08962	0
P06102	P53290	0
P36047	Q07418	0
P49573	Q00246	0
P18480	P53010	0
P36118	Q08817	0
P32895	P33420	0
P02400	Q04739	0
P17119	Q00723	0
P19524	Q06616	0
P43586	Q12142	0
P53191	Q12168	0
P36168	Q12006	0
P40070	Q05080	0
P25649	Q04373	0
P38863	Q12044	0
P48232	Q12041	0
O13554	P09798	0
P40087	Q04964	0
P33199	Q03900	0
P32074	Q00764	0
Q07376	Q12368	0
P43563	Q12411	0
P25719	Q05947	0
P25043	Q00245	0
P39990	Q07471	0
P36080	P38788	0
P39929	Q06679	0
P23287	P23624	0
P40095	P50108	0
P10081	P40202	0
P39994	Q05785	0
P38987	P42073	0
P53136	Q99257	0
P19262	P26263	0
P12753	P38810	0
Q04359	Q06324	0
P32588	P39531	0
P33418	P40069	0
P20967	P40457	0
P38232	Q06708	0
P42843	P47912	0
P40061	P46985	0
P32855	Q99207	0
P40483	Q04675	0
P53032	Q12206	0
P05453	P48606	0
P07262	Q12285	0
P11484	P38200	0
Q12206	Q12241	0
P00445	Q03758	0
P25296	P50095	0
P21268	P38931	0
P37303	P39682	0
P33895	P53248	0
P24004	Q04493	0
P32602	Q99176	0
P06100	Q06406	0
P25558	Q12044	0
P38165	P38862	0
P14741	P35691	0
P32350	Q12433	0
P22137	Q08558	0
P38339	P41807	0
P12753	P32796	0
P21965	P25454	0
Q06324	Q08966	0
P47912	P49686	0
P39077	P39998	0
P38182	P43321	0
P07170	P07262	0
P53271	Q03532	0
P32379	P35177	0
P32905	Q06543	0
P32642	Q02773	0
P35056	P38013	0
P07270	Q99257	0
P38313	P46680	0
P16521	P39984	0
P47012	Q00362	0
P38198	P38261	0
P14682	P53168	0
P35203	Q04233	0
P32598	P40005	0
P32805	Q04847	0
P28004	P39875	0
P25655	P38276	0
P26448	P40561	0
P14742	Q04062	0
P08458	Q06324	0
P32523	P33313	0
P17123	P47912	0
P50945	Q08726	0
P25659	P39962	0
P23776	P32867	0
P22204	P38261	0
P53254	Q06648	0
P14359	Q05881	0
P41800	Q12276	0
P38696	P52593	0
Q01684	Q12450	0
P36008	Q04412	0
P40096	P51996	0
P32471	P32790	0
P07866	P38726	0
P15891	Q12368	0
P07270	Q06479	0
P48415	Q04370	0
P42845	Q03048	0
P32524	Q06673	0
P22204	P40960	0
P06844	P38692	0
P38310	Q08273	0
P32599	P53883	0
P02293	Q06624	0
P12611	P32495	0
P05085	P37296	0
P22804	P47049	0
P06787	P39079	0
P53048	Q03630	0
P32501	P39940	0
P38883	Q00539	0
P38254	P40092	0
P40988	Q06411	0
P47134	P52593	0
P28320	Q02574	0
P20967	P40507	0
P24867	P39904	0
P25580	P38288	0
P38793	Q12044	0
P32521	P38742	0
P34252	Q03862	0
P38759	Q12344	0
Q06164	Q07915	0
P35688	P39107	0
P23293	P39925	0
P25558	P32521	0
P52488	Q08773	0
P32783	P47124	0
P53104	P53893	0
P39994	P42839	0
Q04004	Q12344	0
P47176	Q02804	0
Q08965	Q12368	0
P35177	Q03018	0
P32264	P43583	0
P14680	P48363	0
P00128	P32910	0
P39744	Q05947	0
P36068	P38998	0
P49166	Q04894	0
P38840	P53152	0
P22543	P40204	0
P34223	P47093	0
P23644	P28743	0
Q03976	Q12372	0
Q04412	Q08438	0
P40095	P40457	0
P47129	Q12045	0
P38855	P39744	0
P15873	Q03532	0
P29703	Q06142	0
P32468	P33203	0
P24868	Q06409	0
P07264	P53250	0
P32563	P54786	0
Q99189	Q99394	0
P38068	Q04636	0
P40009	P40339	0
P36003	P40956	0
P18480	Q12527	0
P19882	P32801	0
P38146	P38346	0
P33399	P47041	0
P41807	Q12390	0
P13711	Q08965	0
P36003	Q12691	0
P00812	Q03125	0
Q12518	Q99299	0
P09734	Q12033	0
P25644	Q04934	0
P39940	Q04031	0
Q12248	Q99210	0
P10961	P40090	0
P38696	P53750	0
P11709	Q02630	0
P38132	P40555	0
P25582	Q06409	0
P32505	P40204	0
P36047	Q04121	0
P36024	P53256	0
Q04087	Q12446	0
P53196	Q02199	0
P29703	P32264	0
P32495	P38315	0
P00331	Q06218	0
P53010	Q04894	0
P53731	Q08004	0
P34240	P53974	0
P06100	P53243	0
P19262	P33201	0
P05318	P41805	0
P06779	P53389	0
P35184	P42839	0
P54860	Q03254	0
P38348	Q12368	0
P37296	P40036	0
P00546	P20486	0
P36019	Q04031	0
P40395	P53036	0
P40302	P43568	0
P32912	Q07915	0
P22141	P24870	0
P38590	P40565	0
P32905	Q05900	0
P36012	P48562	0
P53094	Q99394	0
P36017	P46655	0
P19882	Q12477	0
P53094	Q04792	0
P13711	Q01590	0
P38697	P38873	0
P39010	P40970	0
P39523	P53086	0
P23624	P34087	0
P38931	P46970	0
P43572	Q02805	0
P24482	P40362	0
P40956	Q05610	0
Q08729	Q12285	0
P47050	P53297	0
P38193	P38249	0
P22216	P30657	0
P14736	P48606	0
P32501	P36018	0
P38348	Q06408	0
Q12028	Q99189	0
P32639	P38850	0
P25604	P53904	0
P32350	P33411	0
P37012	P38358	0
P31109	P33329	0
Q02197	Q05947	0
P31688	Q05785	0
P38247	Q08729	0
P27895	P38861	0
P42935	Q07508	0
P47104	P49955	0
P24814	Q03162	0
P28743	Q04934	0
P32525	P80667	0
P22147	P53196	0
P27801	P40070	0
P21242	P49166	0
P39962	P48559	0
P46681	P47042	0
P17898	P32597	0
P06634	P33895	0
P38855	P39966	0
P17891	P25655	0
P38247	P41813	0
Q03337	Q04491	0
Q02629	Q99181	0
P12904	P39077	0
P21192	P43561	0
P39531	Q12129	0
P32450	P39717	0
P28817	Q04749	0
P36131	Q08491	0
P38805	P40316	0
P12753	P40048	0
P06839	P36107	0
P50104	Q03792	0
P40541	P49704	0
P36103	P53549	0
P36006	P39523	0
P43565	Q03981	0
P09798	P19524	0
P24279	P32900	0
P15108	P53600	0
P47166	P53959	0
P53271	P53754	0
P38970	P43638	0
P40328	Q06409	0
P42073	Q00539	0
Q04477	Q9URQ3	0
P23624	P32913	0
P32464	P53941	0
P50278	Q05778	0
P19524	P52910	0
P25341	Q00578	0
P35197	P38998	0
P48524	Q00245	0
P26263	Q05930	0
P33204	Q02804	0
P23776	P41818	0
Q12041	Q99394	0
P30283	Q07657	0
P12612	P57744	0
Q04272	Q12248	0
P31412	P43583	0
P06169	Q12494	0
P29469	P40340	0
P53261	Q12499	0
P22219	Q08956	0
P21672	P25333	0
Q02206	Q06644	0
Q05636	Q08746	0
P13712	P36144	0
P38764	P40469	0
P21192	P39517	0
P05986	Q00955	0
P32628	P40471	0
P38805	Q08746	0
P40009	Q07418	0
P38129	P40462	0
P40462	P46673	0
P21965	P38970	0
P25333	P28006	0
P32495	P53271	0
P48363	Q08773	0
P38310	P43321	0
P10363	P42846	0
P53184	Q12017	0
P27801	P53930	0
P30902	P50091	0
Q07963	Q99210	0
P08458	P41808	0
P32909	Q03012	0
P32800	Q06628	0
P32328	P40155	0
P36103	P48566	0
P47113	P48566	0
P32324	P40204	0
P51601	Q08119	0
P25369	P53865	0
P36149	Q02100	0
P06775	P53181	0
P19454	Q12168	0
Q06706	Q99299	0
P38691	P53236	0
P14306	P53600	0
P40319	P43581	0
P11484	Q08235	0
P32802	P36124	0
P00431	P32494	0
P38751	P48510	0
P27801	Q04217	0
Q00618	Q12159	0
Q00684	Q04934	0
P37296	P39730	0
P31374	P53894	0
P19262	P41805	0
P36124	P40413	0
P31382	P32639	0
P21951	Q08387	0
P38822	Q04921	0
Q03048	Q03330	0
P22203	Q04921	0
P27796	P38801	0
P41816	Q12527	0
P32634	P39935	0
P19263	P40693	0
P36120	Q12449	0
P19262	P52919	0
P33339	Q02821	0
P40422	P53955	0
P38149	P39994	0
P40564	Q02260	0
P32468	P53949	0
P38287	Q04511	0
Q03774	Q03862	0
P33203	P53743	0
P32786	Q04411	0
P13365	P35691	0
P25646	Q08979	0
P05030	P28817	0
P19882	Q08491	0
P22141	P33334	0
P25655	Q08966	0
P40018	P42942	0
P10964	Q03954	0
P34162	P48525	0
Q02825	Q12038	0
P34160	P38339	0
Q03774	Q12098	0
P43583	Q06580	0
P06778	P53115	0
P23638	Q05636	0
P00359	Q02260	0
Q04217	Q12033	0
P27472	P32525	0
P32571	P34909	0
P32259	P32366	0
Q06677	Q12059	0
P38070	Q12020	0
P39531	Q04934	0
P29295	P35190	0
P32794	Q06549	0
P32867	Q05785	0
P08458	P38716	0
P33307	Q12028	0
P40965	P53049	0
P15108	P32328	0
P33401	Q12129	0
Q06673	Q08746	0
P24783	P26263	0
P32767	Q04894	0
P32589	P32899	0
P10659	Q12310	0
Q02574	Q04477	0
P14742	P38113	0
P32364	P35497	0
P53159	Q12306	0
P05453	Q07623	0
P16892	P53130	0
P33420	Q03619	0
P38310	P39979	0
P38814	Q92317	0
P38111	Q07921	0
O14455	Q02892	0
P15442	P32786	0
P38149	Q12276	0
P15891	P53199	0
P53093	Q02875	0
P25646	P38237	0
P40302	Q06324	0
P38041	P50944	0
P43572	P47166	0
O74700	P28320	0
P40328	Q04368	0
P38805	P48232	0
Q01939	Q05775	0
P23642	P30656	0
P50946	P53082	0
P53750	Q08236	0
P40561	Q12318	0
P11710	P53147	0
P53112	Q03792	0
P32897	P32944	0
P39520	P39925	0
P41896	P52491	0
P36162	P39929	0
P39107	Q06245	0
P27515	P35197	0
P36165	P43638	0
P32581	Q12318	0
P20449	Q01939	0
P04076	P17065	0
P25646	P36139	0
P30624	P38696	0
P41911	Q04411	0
P40079	Q06217	0
P18410	P31377	0
P06243	P53965	0
P26570	P39929	0
P53622	Q04377	0
P39967	Q12417	0
P07866	Q08119	0
P40066	Q07442	0
P38193	Q08235	0
Q05583	Q12004	0
P39969	Q12446	0
P38737	Q12134	0
P32495	P38615	0
P21965	P32800	0
P20438	Q04175	0
P30665	P33313	0
P38873	P46995	0
P12962	P40963	0
P15108	P29295	0
P37012	Q04003	0
P38283	Q06406	0
P34253	Q02773	0
Q08162	Q08920	0
P53039	Q12309	0
P07283	P38193	0
P06777	P33122	0
P00331	Q06665	0
P14747	P40573	0
P32527	Q08287	0
P07560	Q03862	0
P32505	P40574	0
P00549	P43637	0
P38129	P38690	0
P32566	P38634	0
P39996	Q04935	0
P38232	P38555	0
P00812	P47041	0
Q03656	Q12256	0
P24004	P53830	0
P07272	Q99181	0
P41811	Q99176	0
P15646	P32471	0
P25659	P46995	0
P32842	P38262	0
P41811	P43583	0
P33401	P39705	0
P32854	Q00776	0
P38429	Q12263	0
P06243	P41807	0
P33303	P40509	0
P25569	P53124	0
P38696	Q04739	0
P38346	Q08119	0
Q06102	Q12522	0
P25454	P38310	0
P53298	Q12433	0
P25586	P32589	0
Q07376	Q12363	0
P34244	P49704	0
P38637	P40164	0
Q08873	Q12248	0
P39962	P42845	0
P53176	P53237	0
Q02100	Q06648	0
P32628	P33895	0
P05694	P47116	0
P14747	P51601	0
P06839	P27801	0
P40003	P53196	0
P06773	P25043	0
P38085	P39706	0
P53974	Q03940	0
P29509	P38193	0
P17255	P38769	0
P27705	P43588	0
P40357	Q02721	0
P40555	P47176	0
P22336	P32525	0
P40563	Q07468	0
P17709	P53905	0
O13539	Q02821	0
P42945	Q12483	0
P21192	P53281	0
P04456	P32895	0
P54867	Q03455	0
P35177	Q06665	0
P18410	Q05636	0
P24004	Q03897	0
P38903	P40003	0
P06843	P32939	0
Q12017	Q12248	0
Q04121	Q12347	0
P32939	Q08215	0
P34730	P40564	0
P43535	P53272	0
P36049	Q12168	0
P40007	P48240	0
P38863	P43619	0
P40477	Q7LIF1	0
P08018	P09798	0
P11433	P32588	0
P16521	P48412	0
P38806	P47019	0
P53974	Q05610	0
P33297	Q12513	0
P33203	Q12250	0
P40368	Q03774	0
P14737	P39946	0
P25333	Q12220	0
P38627	Q02866	0
P00330	P38823	0
P29496	P32639	0
P09798	P53685	0
P53281	P53685	0
P32790	P43569	0
P40554	Q12055	0
P25655	P48363	0
P06782	Q12330	0
P38208	Q06406	0
P06782	P36024	0
Q02208	Q02555	0
P32800	Q04439	0
P29461	P47054	0
P32911	P35056	0
P07560	P38165	0
P28743	P39940	0
P47113	P53254	0
P53280	Q03010	0
P34217	Q04217	0
P16892	Q03785	0
P38013	Q03897	0
P35688	Q02199	0
P14724	P41816	0
P40473	Q04868	0
P47124	Q12236	0
P25344	Q06624	0
P40340	Q04651	0
P38358	P49435	0
P12754	P42843	0
P38084	P40460	0
P07273	P40469	0
P22204	P53323	0
P35688	Q08558	0
P33411	P52286	0
P36049	P39563	0
Q07381	Q07844	0
P06780	Q12420	0
P38903	Q6Q547	0
P25694	P28817	0
P38862	Q12044	0
P25559	P38082	0
P25591	P42935	0
P38690	Q04894	0
P04147	P54885	0
P25635	P38283	0
P47113	Q12452	0
P32900	P38237	0
P38820	P40495	0
P53125	Q05021	0
P27636	Q12424	0
P39730	Q12344	0
P14736	P53283	0
P47079	Q06177	0
P32867	P34223	0
P15992	P46681	0
Q05021	Q12157	0
P04147	P38837	0
Q04002	Q12390	0
P38768	Q06142	0
P19955	P26188	0
P46954	P53549	0
P14359	P40956	0
P35181	P38862	0
P39715	P41800	0
P25586	Q12301	0
P47012	P53142	0
P11938	P32588	0
Q03558	Q04338	0
P38232	Q04062	0
P13586	Q12488	0
P38622	P48524	0
P20604	Q08975	0
Q02895	Q08387	0
P19145	P32913	0
P00830	P38283	0
P39969	Q03735	0
P24783	P53600	0
P39969	Q04792	0
P38219	P47019	0
P53184	Q08004	0
P38237	Q12250	0
P25343	Q08446	0
P05085	P39723	0
P26793	Q08649	0
P38146	P38590	0
Q03071	Q07887	0
P40092	Q12055	0
P40079	P40991	0
P34164	P38181	0
P36168	P50944	0
P41940	P47029	0
P09624	P40078	0
P38070	P53171	0
P08524	Q06479	0
P36037	P36131	0
P35688	P36145	0
P26793	P30657	0
P23624	P40963	0
P23644	Q12328	0
P36048	P53124	0
P48415	P52553	0
P33895	P39723	0
P10363	P48562	0
P17709	P38789	0
P50094	P53322	0
P38998	P39079	0
P14724	P53082	0
P20449	P27636	0
P03069	Q04002	0
P33418	P43321	0
P36068	Q06706	0
P47041	Q12518	0
P41832	Q05670	0
P23638	P38319	0
P34164	Q01389	0
P23293	P42935	0
P46995	Q03010	0
P36047	P39929	0
P32481	Q04368	0
P12385	P54999	0
P22515	P38334	0
P10659	P38785	0
P28707	Q07930	0
P36080	P48566	0
P00175	P39925	0
P10363	P39682	0
P48559	Q99385	0
P33891	P39990	0
P06839	P39531	0
P53112	Q12152	0
P39944	Q12199	0
P32450	P32912	0
P32585	Q02892	0
P53599	Q04195	0
Q00416	Q08931	0
P06843	P53261	0
P38861	Q99260	0
P30902	P40960	0
P06242	P33199	0
P39531	Q03619	0
P14737	Q12734	0
P00729	P20081	0
P27514	Q03920	0
P47019	Q12452	0
P23542	P32566	0
P32495	P32849	0
P25293	P53867	0
P32783	P32945	0
P25043	P25615	0
P25360	Q05022	0
Q00578	Q12060	0
P35688	P38339	0
P36421	P46947	0
P29056	P87284	0
P38996	Q12440	0
P25558	P39707	0
P00958	P42839	0
P12904	P53855	0
P23059	P32450	0
P40327	P43637	0
P07342	P38801	0
P43601	P50095	0
P34252	P39101	0
P31377	P47029	0
P00044	P46655	0
P25584	Q04087	0
P23255	Q04199	0
P32786	P39960	0
P25333	P38959	0
P02829	Q12107	0
P38769	P53600	0
P40005	Q02256	0
P32450	P38217	0
P53040	P53685	0
P26793	P38862	0
P53883	Q08287	0
Q03455	Q12297	0
P09798	P53254	0
P50113	Q12280	0
P11927	P48363	0
P05318	Q12285	0
P40103	Q12236	0
P36131	P53197	0
P35172	P40413	0
P33418	P57743	0
P41911	Q03792	0
P25296	Q03862	0
P07260	P53859	0
P21306	P40314	0
P38792	Q07508	0
P02400	P43569	0
P39990	Q04839	0
P38113	Q12517	0
P06242	P41810	0
P22139	Q04660	0
P33420	P38690	0
P20133	Q12277	0
Q08217	Q08236	0
P19955	P40438	0
P09938	P32599	0
P04076	P47017	0
P38203	Q04601	0
P06784	P38872	0
P33399	P53904	0
P17891	Q05785	0
P25454	Q12328	0
P47017	P50095	0
P18961	P21243	0
P29366	P47064	0
P29539	P52491	0
P32381	P38146	0
P27636	Q00776	0
P22224	P33307	0
P25344	P38623	0
P18759	P40892	0
P34160	P38011	0
P32495	P40186	0
P25559	P40992	0
P22007	P32842	0
P39742	Q07471	0
P36145	Q01939	0
Q03208	Q08949	0
P04046	P22213	0
P25558	Q03654	0
P38329	P40988	0
P20433	P38705	0
Q01560	Q08649	0
P32566	Q9URQ3	0
P06634	P53197	0
P53159	Q08956	0
P47045	P48582	0
P46956	P53830	0
P38276	Q04839	0
P36224	Q02908	0
P04912	P26754	0
P53147	Q02721	0
P06839	Q04031	0
P36094	P47113	0
Q06102	Q08920	0
P27472	P40963	0
P36008	Q12028	0
P40479	Q06177	0
P38113	P50113	0
P07170	P29366	0
P39940	P39998	0
Q08729	Q08873	0
P32774	P53847	0
P38759	Q05785	0
P38282	Q12344	0
P38692	P50108	0
P40302	Q03018	0
P31384	P32800	0
P41816	Q12306	0
O13553	P53290	0
P53250	Q08979	0
P39944	P50094	0
P38200	Q04062	0
P35691	P41816	0
P38153	Q06409	0
P48836	Q12447	0
P38132	Q07930	0
P38063	P53540	0
P36118	P54860	0
Q08732	Q12477	0
P40079	Q99210	0
P36107	P53886	0
P19262	P33400	0
P33891	Q12310	0
O13553	Q04062	0
P04807	Q03784	0
P23642	P28006	0
P19454	P47150	0
P25569	P25659	0
P43605	P53628	0
P32471	P38217	0
P09798	Q02948	0
Q06640	Q12343	0
P38274	P39682	0
P10964	Q04477	0
O14467	P53032	0
P22007	P36003	0
P09938	P21268	0
P13517	P35729	0
Q04675	Q06340	0
P27636	P38805	0
P38863	P51996	0
P32945	P35184	0
P40103	Q05785	0
Q04003	Q04964	0
P41816	Q02256	0
P22133	P25043	0
P53974	Q04053	0
P53171	P53236	0
P42846	P53271	0
P53973	Q06568	0
P22804	P53863	0
P36084	P43535	0
P15646	P19658	0
P19524	P39743	0
P49687	Q03208	0
P22147	P39705	0
P32945	Q08921	0
P38301	P43565	0
Q04493	Q08962	0
P43637	Q08581	0
P39008	Q92331	0
P07347	P28795	0
P15992	P34253	0
P48836	Q12754	0
P17629	P35201	0
P19414	P39925	0
P14682	P39990	0
P01123	P46949	0
P25591	P27796	0
Q02892	Q12462	0
P39008	Q03784	0
P47029	P53893	0
P33333	Q06673	0
O14467	P36421	0
P25389	P38696	0
P47166	P53236	0
Q05471	Q99189	0
P38757	P53298	0
P39744	Q08951	0
P03965	P22543	0
P38708	Q12527	0
P00937	P53147	0
P07149	P32485	0
P26793	P52910	0
P35182	P50113	0
P53094	Q04749	0
P23255	P39954	0
P26263	P38788	0
P36149	P38261	0
P39076	Q07528	0
P13186	P36139	0
P37296	Q08685	0
P38737	P40003	0
P30283	Q02516	0
P25296	P38757	0
P10659	P39707	0
P38764	P43535	0
P16664	P25635	0
P19145	Q12285	0
P15891	P33298	0
P36024	Q12527	0
P38759	Q05583	0
P32263	P36107	0
Q06549	Q12315	0
P28708	P33201	0
P39960	Q04675	0
P32773	P32939	0
P32898	P40465	0
P38705	P53840	0
P06844	P25296	0
P40319	Q12343	0
P38089	P39968	0
P53067	Q05949	0
P22517	Q03012	0
P16467	Q03497	0
P07264	P53236	0
P40395	Q03532	0
P17442	P46680	0
P27514	P46995	0
P36172	Q12460	0
P53248	Q02554	0
P27614	Q12389	0
P53163	Q05610	0
P38760	Q08562	0
Q06568	Q07915	0
P30657	Q06160	0
P23624	P48606	0
P32263	Q00539	0
P32581	P39998	0
P38121	P54790	0
P14741	P26793	0
P43321	Q99383	0
Q06151	Q07084	0
P28274	Q04121	0
P53277	Q12041	0
P41807	Q08649	0
O13563	P17536	0
P39984	P47912	0
Q06704	Q12044	0
P36080	Q12460	0
P42884	P53290	0
Q02793	Q06704	0
P41697	Q02629	0
P33418	P34160	0
P08524	P37296	0
P24583	P47150	0
P37370	P38889	0
P32481	Q07963	0
P04456	P39994	0
P06781	P34234	0
P27705	P40362	0
P32634	P39969	0
P09232	P36068	0
Q12142	Q99299	0
P33411	P53094	0
P32855	Q07528	0
P32364	P32905	0
P00445	Q12734	0
P53863	Q7LIF1	0
P40014	Q12157	0
P49573	Q08931	0
P38726	P40103	0
P18410	P42846	0
P06105	P46672	0
P38792	P39111	0
P33420	Q12033	0
Q08285	Q12241	0
P34223	Q02199	0
P35178	Q12020	0
P23059	P25591	0
P12688	P38132	0
P25441	P40151	0
Q12018	Q12044	0
P20438	P40960	0
P18410	P38229	0
P36421	P40079	0
P40956	P46677	0
P32380	P43321	0
P33303	Q08773	0
P32639	P40453	0
P15108	P47019	0
P53877	Q12098	0
P38622	P53129	0
P38358	Q06410	0
P14747	P40991	0
P20795	Q12161	0
P28007	P46672	0
P02293	Q01939	0
P50945	Q05871	0
P32524	P32855	0
P13517	P39730	0
P12962	P32571	0
P38555	Q12449	0
P13712	Q04749	0
Q06251	Q08921	0
P25303	P38886	0
P53196	Q99385	0
P25604	P36015	0
P25515	P46957	0
P06843	Q08236	0
Q00416	Q02199	0
P35197	Q12434	0
P18759	P38080	0
P40515	Q12522	0
Q03619	Q12330	0
P25615	Q04359	0
Q04004	Q04921	0
P18898	Q03558	0
P08524	P46988	0
P14359	P33199	0
Q04195	Q04792	0
P38153	Q12199	0
P07274	Q07471	0
P25657	P32525	0
P50944	P53129	0
P33331	Q04439	0
P54861	Q08817	0
P35198	P38735	0
P25646	P38788	0
P17157	P33750	0
P13712	Q08446	0
Q02931	Q04031	0
P19524	Q06704	0
P22543	Q05636	0
P10862	P43583	0
P11154	Q05670	0
O13553	Q12267	0
P31111	P32899	0
P36062	Q12154	0
P40555	Q12477	0
P47054	Q03782	0
P21242	P25584	0
P26754	Q12446	0
P32324	P32842	0
P53540	Q06108	0
P12611	Q12260	0
P05085	P15873	0
P36024	Q02629	0
P40151	Q06344	0
Q03981	Q08956	0
P16140	Q12176	0
P11154	Q05471	0
P25567	P36124	0
P09435	P39729	0
P32525	Q99383	0
P35181	P38346	0
P38129	Q04373	0
P18759	P53978	0
P38872	P53955	0
P30656	Q08004	0
Q06340	Q12347	0
P33895	Q12411	0
P46672	Q08492	0
P60010	Q04491	0
P53236	Q04225	0
P42846	Q08911	0
P33204	P47176	0
P50946	Q12206	0
P14737	P53900	0
P47176	Q03956	0
P38810	Q03940	0
P25659	Q06479	0
P38781	P42942	0
P07170	P40479	0
P52553	Q00764	0
P13186	P25390	0
P25369	Q03532	0
P00358	P18851	0
P36017	P38077	0
P32364	P32773	0
P10823	P36027	0
P35169	Q00955	0
P38237	Q00416	0
P21243	P39073	0
P47019	P53267	0
P12688	P40413	0
P40555	P47017	0
P36017	Q12390	0
P11745	Q12452	0
P50095	Q03956	0
P31382	Q12241	0
P40422	Q06512	0
Q04839	Q12264	0
P37370	P40217	0
P20134	P38991	0
P30902	Q07915	0
P33307	Q12285	0
P20438	Q02630	0
P20457	P43586	0
P53316	Q03792	0
P34240	P38261	0
P18961	P32583	0
P40573	Q07657	0
P09734	P27514	0
P40507	P53258	0
P38760	P50095	0
P25567	P27614	0
Q06137	Q08951	0
P31377	P38716	0
P28708	P38334	0
P00899	P38753	0
P32561	Q03661	0
P41834	P46995	0
P40484	P54861	0
P38764	P52490	0
P00358	P34223	0
P27705	P40541	0
P21242	P21965	0
P30619	P38862	0
P19882	Q03096	0
P32468	Q12206	0
P16467	P40892	0
P21182	Q07623	0
P38063	P42884	0
P19735	P39742	0
P50278	Q12044	0
P35210	P53259	0
P39929	P40471	0
P06773	P53845	0
P13586	Q00723	0
P38820	Q12411	0
P00546	P13186	0
P32504	Q03792	0
P38827	P39744	0
P38265	P53738	0
P10869	P32478	0
Q06216	Q08496	0
P32855	Q06406	0
P38692	P39715	0
P15442	Q12427	0
P25454	P38339	0
P15992	P38301	0
P38713	P39704	0
P22141	P38217	0
P25694	P38149	0
Q03655	Q12066	0
P19658	P28834	0
P18961	P38249	0
P25343	P38774	0
P38082	Q12216	0
P35718	P53949	0
O13559	P39073	0
P32917	Q6Q547	0
P07149	Q08949	0
P23287	Q04491	0
P40202	P43574	0
P53840	Q08886	0
P02994	Q03323	0
P18888	Q08963	0
P12962	P53067	0
P21651	P32908	0
P40434	Q02767	0
P38237	P43593	0
P39713	P40054	0
P00958	P26793	0
P54885	Q05874	0
P38287	P46988	0
P16522	P40217	0
P53248	Q04233	0
P38627	P38779	0
P00830	Q04053	0
P32639	Q12129	0
P19735	P33331	0
P22202	Q08966	0
P36124	P38708	0
P05626	P53299	0
P48524	Q92331	0
P33303	P53116	0
P40010	P41805	0
P38889	P53115	0
P53191	P53959	0
P38358	P38874	0
P34241	Q12157	0
P32607	P48524	0
Q08204	Q12749	0
P32867	Q03860	0
P53067	Q03012	0
P32588	P47050	0
P21243	Q04031	0
P07170	P38622	0
P38853	Q00539	0
P17255	P49687	0
P36224	P38249	0
P32854	P39718	0
P04840	P40479	0
P38853	Q00723	0
P40395	P53965	0
Q04199	Q99385	0
Q12206	Q12310	0
P25357	Q06409	0
P16892	P38339	0
P15705	P31244	0
P26793	P39998	0
P12754	P22137	0
P53248	Q08446	0
P22147	Q06604	0
P21965	P53283	0
P38334	P38622	0
P38922	P53100	0
Q03071	Q12433	0
P36005	Q03768	0
P38720	P42846	0
P07170	Q12427	0
P28006	P47122	0
P40186	Q12420	0
P38991	Q08004	0
P38282	Q02256	0
P40515	Q12318	0
P32855	P53256	0
P38883	Q08649	0
P53604	Q00684	0
P39742	Q12310	0
P04786	P41896	0
P38788	P39707	0
P32774	P38358	0
P48524	Q08911	0
P35184	Q02892	0
P09064	Q08204	0
P12904	P52919	0
P38273	Q08162	0
P32783	Q12349	0
P47176	P53738	0
P12612	P38696	0
P53169	P53924	0
P23394	P50278	0
P18410	Q00539	0
P17121	P40103	0
P48525	Q06409	0
P30665	P33306	0
P38879	P47129	0
Q02825	Q04439	0
P06773	P18759	0
P40328	P53064	0
P38344	Q04693	0
P38429	P50275	0
P32364	P48606	0
P32905	Q12118	0
P35182	P35184	0
P25299	Q99278	0
P53754	Q04792	0
P10081	Q00246	0
P36120	P53125	0
P06100	P27614	0
P25635	P53859	0
P33301	P38627	0
P35197	P38229	0
P36068	P54999	0
P32492	P40079	0
P40510	P49334	0
P32380	P52286	0
P38768	Q04964	0
P23394	P47912	0
P06738	P38708	0
P39715	Q01590	0
P09938	P46948	0
P34240	P53082	0
P24279	P49166	0
P53290	Q06648	0
P27614	P49704	0
P47045	P53048	0
P42935	Q00955	0
P42846	Q00416	0
P38871	P40465	0
P39016	P47150	0
P32599	Q04601	0
P06701	P16370	0
P34216	Q06408	0
P20437	Q12276	0
P40457	Q12154	0
P36130	P53081	0
P06169	P42951	0
P38129	Q06340	0
P19414	P35688	0
P04147	P32911	0
P53168	Q06163	0
P40856	Q06677	0
P33891	Q05022	0
P46985	P53298	0
P33767	P38992	0
P04821	P53169	0
P38785	P38999	0
P32501	Q12420	0
P12962	P15108	0
P25454	P29703	0
P35729	P43603	0
P25390	P40155	0
Q03758	Q12446	0
Q03088	Q05670	0
P53834	Q04305	0
P17157	P38801	0
P06773	P07262	0
P22517	P40078	0
P53959	Q04964	0
P53277	Q03322	0
P40395	Q05022	0
P37012	P38631	0
P12383	P12904	0
P38217	Q03012	0
P21339	P28239	0
P32909	P41800	0
P32491	P38691	0
P53010	Q12691	0
Q01560	Q12098	0
P25655	P40055	0
P05453	P47045	0
P25591	P32610	0
P29056	Q07458	0
P33298	P36085	0
P39962	P40469	0
P15646	Q08438	0
P38283	Q04412	0
P32259	Q12084	0
P02994	P40095	0
P35688	P40055	0
P35172	Q05568	0
P08964	P19658	0
P47150	Q03630	0
P40991	Q04562	0
P32325	Q04411	0
P17119	Q12344	0
P40483	Q00816	0
P34164	P41814	0
P32328	P40565	0
P32796	Q06679	0
P38723	P53093	0
P22007	Q06177	0
P38801	P48240	0
P20459	Q12499	0
P08524	P40314	0
P53169	Q07471	0
P20606	P46675	0
P30656	P39929	0
P40541	P41911	0
P04807	P40013	0
P33329	Q04651	0
P38149	Q04233	0
P33199	P33892	0
P25582	Q12038	0
P39743	Q04412	0
P32485	P33332	0
P23542	Q06245	0
P35197	P40010	0
P38911	Q92316	0
P00830	Q05670	0
P32867	P36162	0
P32491	Q08446	0
P06169	P38920	0
P25719	P53100	0
P32898	P38627	0
P05986	Q08245	0
P38063	Q99260	0
P17119	P41921	0
P40164	Q05022	0
P53068	Q03954	0
P38198	Q12018	0
P38991	P53032	0
P53622	Q04195	0
P38324	Q12347	0
P12962	P39927	0
P12904	Q08438	0
P09734	P33760	0
P18480	P53978	0
P38793	P41832	0
P43583	Q03774	0
P03965	P50094	0
P27472	P53738	0
P17891	P53959	0
Q04031	Q07657	0
P38970	Q05775	0
P36149	P47150	0
P02994	P36080	0
P21306	P47050	0
P16521	Q12418	0
P33203	Q06164	0
P34234	P39717	0
P32911	Q04338	0
P40314	Q02196	0
Q03774	Q12021	0
P20052	P36017	0
P32447	P46682	0
P38310	P53886	0
P36421	P40482	0
P38820	P53202	0
P52286	Q7LIF1	0
P38132	P38798	0
P28708	P51534	0
P38291	P42845	0
P41277	P43563	0
P20081	P29340	0
P32898	P47012	0
Q04005	Q06169	0
P25635	Q12265	0
P38862	P46949	0
P25657	P29056	0
P30624	P36131	0
P33331	P50086	0
Q04233	Q12260	0
P33750	P43563	0
P38329	P38903	0
P41940	Q12365	0
P25344	P39927	0
P38889	Q03330	0
P40007	P47029	0
Q00916	Q02773	0
P26570	P53185	0
Q04087	Q12256	0
P29311	P53211	0
P32345	P43593	0
Q03619	Q05670	0
P33204	Q12276	0
P14736	P28006	0
P25389	P43637	0
P32842	P39935	0
P43562	P53959	0
P02829	P38708	0
P49686	P53068	0
P23287	P47176	0
P38697	P53886	0
P38431	P41940	0
P38827	P39734	0
P46672	Q03792	0
P39937	Q03322	0
P19524	Q02793	0
P41807	Q02629	0
P22133	P32945	0
P13711	P35182	0
P00724	P16521	0
P06784	P21957	0
P24868	P32588	0
P38249	P53604	0
Q06178	Q12028	0
Q03088	Q12078	0
P32468	Q12330	0
P32913	P53886	0
P27614	P89886	0
Q04439	Q07657	0
P25303	P38792	0
P47079	Q12468	0
P38203	P38358	0
P32581	P32835	0
P32855	P33419	0
Q06137	Q12041	0
P53197	P53600	0
P09798	P38194	0
P19735	P34217	0
P42951	P53905	0
P10659	P32350	0
P38620	P38806	0
P36019	Q03782	0
P15790	Q04272	0
P03965	P29366	0
P38810	P47017	0
P35178	P40096	0
P53930	Q02260	0
P38270	Q08723	0
P54861	Q12315	0
P00431	P01149	0
P33199	P36019	0
P49334	Q08553	0
P32490	P34164	0
P35688	Q03862	0
Q04121	Q08963	0
P00937	Q12390	0
P40395	P53100	0
P38793	P53199	0
Q00245	Q12055	0
P41940	Q08446	0
P38786	P38922	0
P06844	Q06078	0
P47045	Q00582	0
P37302	Q04964	0
P53924	Q08004	0
P38871	Q06142	0
P53322	Q12250	0
P05085	P36149	0
P33419	P48363	0
P38801	P47113	0
P19736	P39016	0
P32607	Q12168	0
P48525	Q12468	0
P42073	P53845	0
P25357	P48361	0
P08638	Q06103	0
P25303	Q06679	0
P19735	P36145	0
P04786	Q03208	0
Q05947	Q08685	0
P41834	P54885	0
P40328	P48232	0
P13185	P41813	0
P38774	Q02875	0
P32350	P46673	0
P53901	P53954	0
Q08119	Q12151	0
P09734	Q12349	0
P27796	P53830	0
P05318	P39926	0
P06844	P31382	0
P02293	P36022	0
P10081	P12753	0
P47822	Q05930	0
P06843	P53290	0
P35169	Q12175	0
P32945	Q05775	0
P38788	P38889	0
Q04964	Q08119	0
P18562	P39954	0
P19735	P89102	0
P23394	P40202	0
P38903	P50086	0
P16658	Q12199	0
P53933	Q06673	0
P25694	Q12495	0
P40991	Q06169	0
P12385	P36013	0
P32505	P53256	0
P23638	Q03081	0
P28795	P48412	0
P36068	Q06407	0
P35194	P46655	0
P53163	Q04004	0
P12868	P53081	0
P07270	Q08972	0
P41921	Q12260	0
P35197	P39925	0
P26263	P32490	0
P13045	P22515	0
P40091	P40517	0
P40344	P49687	0
Q03220	Q05874	0
P38287	P40328	0
P48361	Q07528	0
P17555	P25646	0
P22082	P34234	0
P47117	Q12499	0
P38753	Q08162	0
P33411	Q06673	0
P38840	P53600	0
P06103	P38636	0
O13539	Q05670	0
P10622	Q08162	0
P16547	P47027	0
P32319	Q02574	0
P49334	Q12224	0
P20449	Q12427	0
P25343	P36062	0
P38310	Q03096	0
P21672	Q04934	0
P53861	Q12024	0
P39108	P42843	0
P38072	Q12343	0
P21691	P53115	0
P00175	P34234	0
Q03081	Q03619	0
P10081	P53278	0
P43616	Q12344	0
P17442	Q06651	0
P38346	P40529	0
P35182	Q12499	0
P80428	Q04307	0
P38903	Q02630	0
P38352	P38759	0
P33199	P39073	0
P00830	P06242	0
P40484	P51534	0
P25302	P38956	0
P40069	Q03897	0
P36162	P38264	0
P39730	Q03503	0
P19657	Q07963	0
P38930	P53941	0
Q00362	Q03792	0
P00546	P41813	0
P18410	P33329	0
P33313	Q04121	0
P11978	Q12035	0
P48582	Q06640	0
P16862	P36165	0
P00812	P24783	0
Q03768	Q12041	0
P13712	P39966	0
P32610	P32864	0
P25591	P29366	0
P23059	Q03322	0
P25555	P32642	0
P31109	P46677	0
P32521	P36049	0
P35691	P48232	0
Q04511	Q6Q547	0
O14467	P48525	0
P38792	Q03790	0
P06844	P11745	0
P28817	P38931	0
P09440	P25454	0
P00830	Q03532	0
P18410	P54199	0
P19735	P48524	0
P39550	P47027	0
P38855	P41318	0
P53865	Q08931	0
P43568	P46970	0
P33329	P53739	0
P50942	Q00873	0
P40957	Q08496	0
P28817	Q12129	0
P11484	P40507	0
P20438	Q12063	0
P09064	P32571	0
P38590	Q12163	0
P53845	Q06624	0
P23287	P36062	0
P32471	Q03919	0
P18898	Q03322	0
P38960	P53927	0
P46672	Q08387	0
P40009	P40484	0
Q06543	Q12102	0
P32364	P32481	0
P29366	P32801	0
P17065	Q12018	0
P40164	P40573	0
P50113	P53261	0
P41318	Q02875	0
P20437	Q03088	0
P40555	Q05471	0
P07270	P33331	0
P39729	P40061	0
P38690	P49687	0
P06244	P32588	0
P14681	P27472	0
P31382	P31688	0
P40064	Q02554	0
P14907	Q04673	0
P22336	P32900	0
P07149	P38735	0
P14359	P38769	0
P38690	P50091	0
P12962	P28007	0
P35190	P38861	0
P22219	P41813	0
Q04693	Q04749	0
P53845	Q04217	0
P19097	Q12199	0
P42839	Q02100	0
P32379	P32471	0
P38764	Q02100	0
P38203	P53010	0
Q03957	Q08911	0
P40335	Q08215	0
P32607	P40186	0
P06169	Q06648	0
P39707	Q08004	0
P23644	P40202	0
P32581	P89886	0
P36139	P43593	0
P35727	Q03860	0
P13856	P32842	0
P29295	P43637	0
P53011	Q04693	0
P32864	P40024	0
P18963	P41697	0
O13559	Q12517	0
Q06679	Q12734	0
P09435	P50086	0
P06738	Q99344	0
P38228	P39531	0
P14904	P24279	0
P25582	P50945	0
P31412	P53939	0
P38070	Q04839	0
P38996	P54786	0
P34077	Q12230	0
P06839	P40988	0
P23638	P31109	0
P25719	Q04562	0
P07262	Q08438	0
P19524	P38287	0
P40484	Q92316	0
P27636	P48240	0
P34087	Q05949	0
P38931	Q06168	0
P27636	P32364	0
P48361	P53939	0
P25584	P46672	0
P39517	P42846	0
P40048	Q12199	0
P09938	P36094	0
P38959	Q12347	0
P25293	P47064	0
P31109	P53082	0
P28007	Q02825	0
P16892	Q08965	0
P53550	Q12483	0
P39107	P52910	0
O14455	P00359	0
P27637	P38229	0
P32899	P50277	0
P38823	P53086	0
Q07786	Q08873	0
P13711	P36049	0
P32774	P39081	0
P36131	Q08972	0
P39540	P53824	0
P42073	Q06651	0
P32366	P38806	0
P23293	P46682	0
P35169	P53313	0
P41318	Q06679	0
P33755	Q04004	0
P23638	P39083	0
P00359	Q02804	0
P53893	Q08723	0
Q03790	Q12518	0
P38793	P53258	0
P32501	P47129	0
P38757	P53313	0
P07270	P21243	0
P25635	P36018	0
P38697	P40956	0
P43574	Q12168	0
Q06525	Q12276	0
P07278	Q07528	0
P40857	Q08723	0
P32523	P53256	0
P51996	P53290	0
P06634	Q03012	0
P32900	Q12044	0
P38228	P53067	0
P38886	Q00816	0
P33331	P39715	0
P14832	P38871	0
P32796	P40186	0
P34217	P38886	0
P40988	Q12154	0
P09119	Q03691	0
P32895	Q06676	0
P40529	Q04121	0
P33411	P39743	0
P53043	Q12222	0
P39083	P53313	0
P36149	P36421	0
P21801	P53927	0
P06169	P27514	0
P40959	Q03735	0
P28795	Q12406	0
P25649	Q00582	0
P32945	P38705	0
P08458	P37370	0
P22141	Q08723	0
P32639	Q12038	0
P25591	Q01389	0
P07262	P38229	0
P29461	P41811	0
Q08746	Q12483	0
P06244	P36018	0
P53261	Q03322	0
P20424	P53927	0
P25558	Q08956	0
P46963	P49704	0
Q04226	Q12310	0
P25694	Q12363	0
P32324	P38636	0
P40512	Q12390	0
P03965	P25369	0
P32468	P40186	0
P38615	Q12446	0
P25451	P36053	0
P35688	P37296	0
P18852	P48606	0
P40574	Q07786	0
P35169	P41800	0
P38757	Q08601	0
Q02884	Q03220	0
P32634	P38276	0
P04147	P41813	0
P17119	P40471	0
P53855	Q06108	0
P40517	P53845	0
P36034	P43613	0
P47113	Q12124	0
P36131	P53855	0
P38757	P53886	0
P36047	P53094	0
P48240	Q05670	0
P15705	P39727	0
P10622	P38811	0
P32354	P53269	0
P30619	Q12241	0
P23624	P53295	0
P38428	P53378	0
P53323	Q03125	0
P53738	Q12222	0
P38203	Q04307	0
P27796	P38219	0
P32855	P38089	0
P25343	P41813	0
P00431	Q12514	0
P19262	P19414	0
P20052	Q02100	0
P35056	P38682	0
P25342	P41318	0
P04840	P35179	0
P31109	P34110	0
P32917	Q06102	0
P38785	P53086	0
P21965	P39563	0
P00175	P36029	0
P06787	P40316	0
P06787	P38708	0
P25389	Q03768	0
P32913	P34218	0
P06242	P32581	0
P32605	Q02773	0
P33329	Q12522	0
P40554	Q99189	0
P39743	Q92317	0
P09624	P13711	0
P32911	P35497	0
P32450	P37296	0
P50095	Q08236	0
P38249	P40095	0
P47041	P53169	0
P16658	P38697	0
P06782	P19880	0
P16140	Q02892	0
Q03435	Q04673	0
P26448	P53299	0
P38768	P51601	0
P43586	P53221	0
P32349	Q12199	0
P38077	P38301	0
P53628	Q00816	0
P42935	Q02892	0
P11154	Q02199	0
P57744	Q12446	0
P14747	Q06679	0
Q02196	Q04562	0
P15873	P39563	0
P32354	Q06676	0
P28708	Q08245	0
P38113	Q12050	0
P25294	P47120	0
P38822	P39563	0
P33311	P53124	0
P50101	Q12513	0
P23638	Q03338	0
Q08979	Q12417	0
P23644	P53068	0
P17157	P53202	0
P35197	Q12440	0
P21965	Q05785	0
P38956	P53131	0
P10964	P28320	0
Q03981	Q12176	0
P33311	P38198	0
P38874	P47129	0
P33311	P38720	0
P53731	Q00381	0
P09032	Q12514	0
P40413	Q08972	0
P27801	P34253	0
P53082	Q08144	0
Q02336	Q02931	0
P27637	Q03323	0
P40316	P47045	0
P23644	Q05930	0
Q00539	Q03619	0
P40339	Q12420	0
P39925	P42843	0
P02557	P20133	0
P35194	P43563	0
P53043	Q08236	0
P32523	P32642	0
P40988	Q04792	0
P07258	P53847	0
P38287	Q12034	0
P06103	Q06103	0
P23638	Q12168	0
P36003	P40483	0
P22216	Q12449	0
P33201	P39929	0
P47912	Q12222	0
P19145	Q03656	0
P28795	P46655	0
P53280	Q08729	0
P51996	Q02630	0
P25515	Q00582	0
P38757	P38903	0
P20052	Q04660	0
P40013	Q06218	0
P32578	P38282	0
P39111	Q07913	0
P38768	Q04792	0
P08458	Q06651	0
P38011	Q12347	0
P53068	Q92331	0
P38759	P40555	0
P14126	Q99176	0
P53256	Q12329	0
P38859	P43619	0
Q04199	Q12277	0
P31412	Q12248	0
P53159	P53855	0
P39940	P40155	0
P40457	P40509	0
P53600	Q04868	0
Q03774	Q12527	0
Q02767	Q12389	0
P33122	P40054	0
P11927	Q03735	0
P32492	P38705	0
P53949	Q04964	0
P26570	P32786	0
Q06177	Q7LIF1	0
P13663	P38874	0
P09064	Q00916	0
P32581	P40462	0
P38990	Q02100	0
Q03619	Q08601	0
P32349	Q12163	0
P30771	P32602	0
P05030	Q08236	0
P13574	Q06251	0
P38801	P53152	0
P39742	P51996	0
P33204	P34240	0
P47093	Q08162	0
P48582	P53032	0
P46947	P47045	0
Q06704	Q12020	0
P32945	P38310	0
P32389	P53203	0
P00175	P38182	0
P19145	Q06616	0
Q12034	Q12168	0
P35169	P38334	0
P12753	Q07418	0
Q04675	Q12522	0
P04456	P18494	0
P23293	P24869	0
P38814	P43638	0
P38793	Q06708	0
P32905	Q03096	0
P31383	P39966	0
P53941	Q04005	0
P07269	Q07458	0
P38697	Q02866	0
P36005	P47134	0
P24869	P32263	0
P32562	P43574	0
P25343	Q08558	0
P17695	Q06704	0
P20438	P39008	0
Q04217	Q08491	0
P32776	P38622	0
P32491	Q01939	0
P28795	P33334	0
P22224	P32468	0
P20449	P54199	0
P32528	Q05670	0
P14242	P26570	0
P24871	Q05881	0
Q04217	Q12315	0
P53032	Q03774	0
P33311	Q12033	0
Q04121	Q05933	0
P43568	Q12206	0
P53256	Q06673	0
P38792	Q06506	0
P38814	Q04651	0
P18888	Q03656	0
P17442	Q04004	0
P43568	Q12241	0
P38287	P39717	0
P33411	Q12045	0
P02994	P32345	0
P38970	Q06696	0
P14724	Q99394	0
Q08236	Q08966	0
Q04175	Q08685	0
P36145	P39073	0
P06103	Q12009	0
P49687	Q02825	0
P20081	Q07381	0
P17442	P39008	0
P41814	Q07471	0
P06242	P53965	0
P54885	Q12142	0
P22515	Q06673	0
P36019	P53254	0
P38208	Q03691	0
Q04601	Q12276	0
P12753	P39517	0
P32523	P38636	0
P38146	Q00245	0
P34110	Q04749	0
P24814	P41810	0
P46675	Q07786	0
P06844	P10659	0
P06100	Q04373	0
P32464	Q04195	0
P48363	Q05930	0
P28743	Q12328	0
P38431	P49435	0
P32945	P33328	0
P19524	Q01590	0
P40010	Q06108	0
P36027	P38068	0
P19414	P36048	0
P06103	P32628	0
P19524	P25344	0
P00359	P02294	0
P38805	P40483	0
P16467	Q06628	0
P32074	P32573	0
P36130	Q07688	0
P32854	P36017	0
P32525	P32774	0
P04051	P47132	0
P32450	Q12194	0
P43568	P48239	0
P23287	P32776	0
P21951	P43622	0
P14904	P39705	0
P36048	Q04338	0
Q03081	Q04562	0
P33298	P40204	0
P06101	P38810	0
P38228	P47041	0
P36103	P39717	0
P53091	Q03899	0
P27514	P43561	0
P31377	Q08746	0
P32527	Q07786	0
P38823	Q12044	0
P38229	Q12347	0
P24482	P39682	0
P25659	P37302	0
P19145	P37012	0
P35169	Q05947	0
P09032	Q03782	0
P40971	P42944	0
P40482	Q12241	0
P24867	P53550	0
P40327	Q04411	0
P02829	P38590	0
P06787	P52593	0
P14904	P43535	0
P39008	P53739	0
P49686	P53298	0
P05085	Q12063	0
P40957	Q06554	0
P36131	Q04368	0
P14736	P32324	0
P38861	Q08921	0
P08456	P36973	0
P32325	Q06406	0
P34223	P39958	0
P10869	P41800	0
P25454	Q06151	0
P31412	P46681	0
P39515	Q05787	0
P13185	P25298	0
P12754	P28006	0
P32491	P38339	0
P25657	P47045	0
P39960	Q08581	0
P38690	P38691	0
P04076	P54999	0
P06775	P25297	0
P32074	P39079	0
P04456	Q05900	0
P32838	P38751	0
P38080	Q03981	0
P22204	P53094	0
P53237	P53912	0
P36118	Q02354	0
P18898	Q12285	0
P25657	P38861	0
Q05568	Q06102	0
P40302	Q03497	0
P06787	P32786	0
P47176	Q01560	0
P36018	P47150	0
Q08550	Q12518	0
P53185	Q00582	0
P25615	P50278	0
Q06409	Q12118	0
P38298	P40455	0
P39079	Q05785	0
P34238	P36024	0
P31109	P48240	0
Q05947	Q12377	0
P29340	P46957	0
P20606	Q00776	0
P25649	Q08726	0
P31377	P32861	0
P25558	Q12330	0
P53145	Q12452	0
P33333	P38692	0
P47160	P53277	0
P20424	P39563	0
P38232	Q02205	0
P25341	P40155	0
P33199	Q08204	0
P34226	Q08931	0
P10961	P32569	0
P38873	P40965	0
P38959	Q06440	0
P16892	Q06340	0
P39517	Q08491	0
P38757	P53924	0
P15992	P50111	0
P19882	P38859	0
P38339	P50945	0
P39744	Q02767	0
P35728	Q12134	0
P25515	Q04370	0
P18494	Q02825	0
P37302	P53905	0
P38872	Q99299	0
P38863	P40164	0
Q06677	Q07478	0
P07260	Q03322	0
P32496	P40529	0
P27637	Q99181	0
P52488	Q03956	0
P34234	P47019	0
P38915	Q06696	0
P17121	P49573	0
P39735	P53048	0
P23594	P29056	0
P33411	P38757	0
P53112	P53136	0
P18239	P53337	0
P32328	P50278	0
P13045	P38265	0
P40070	Q08956	0
P32525	P36421	0
P21538	P53297	0
P30771	Q12277	0
P32801	P53904	0
Q02199	Q03768	0
P31109	Q04491	0
P53159	Q06819	0
P20449	P25491	0
P22204	P53861	0
P25360	P39935	0
P39936	Q05933	0
Q12691	Q99181	0
P32796	P53829	0
P53865	Q12256	0
P38856	P41807	0
P40316	P40988	0
P22517	P40541	0
P10622	P48582	0
P32450	P38793	0
P24868	P34160	0
P12962	P46682	0
P32349	Q12055	0
P15873	P40567	0
P17255	P46672	0
P41807	Q03208	0
P32913	Q12749	0
P42843	Q03897	0
P38634	P39730	0
P26793	Q00723	0
P23202	P36018	0
P23639	Q12460	0
P12383	P32801	0
Q06216	Q07528	0
Q00362	Q12377	0
P38257	P53267	0
P32345	P53298	0
P38265	P50946	0
P14359	P36037	0
P14359	Q04005	0
P33401	Q08817	0
P21801	P23059	0
P23542	P32849	0
P38788	P53323	0
P38042	Q04005	0
P25635	Q07896	0
P38786	Q04272	0
P32588	Q12055	0
P32916	P39009	0
P40693	P46961	0
Q05670	Q08956	0
P06103	P25558	0
P32571	P38720	0
P38348	P53834	0
P38149	Q12124	0
P36421	P47093	0
P20606	P38431	0
P31244	Q12134	0
P38615	Q04839	0
Q04003	Q07657	0
P36421	P38690	0
P41800	P47150	0
P24279	P36013	0
P07991	P32773	0
P38856	P40055	0
P48525	Q12050	0
P27895	P53168	0
P02400	P02829	0
P39723	Q12045	0
Q08726	Q99394	0
P31385	Q12250	0
P25454	Q12100	0
P36107	Q08444	0
P47019	Q12045	0
P47041	Q08963	0
P32505	Q08911	0
P15705	P17157	0
P33333	P38329	0
P07262	Q02260	0
P38859	Q12460	0
P14908	Q12026	0
P00330	P18851	0
P27705	P40515	0
P53252	Q12175	0
P40453	P53256	0
P29469	P32588	0
P32786	Q00578	0
P36085	Q03792	0
P40462	P46675	0
Q00582	Q02804	0
P31109	P34758	0
P32561	P47054	0
P32800	Q12473	0
P32074	Q06525	0
Q05583	Q12449	0
P33313	P47029	0
P23301	Q12098	0
P36029	Q12424	0
P38247	Q04005	0
P35197	P38789	0
P36029	Q07623	0
P47093	Q12469	0
P43587	P53914	0
P40988	Q12206	0
P15790	Q03792	0
P39937	Q04005	0
P53954	Q12149	0
P26755	Q12230	0
P32324	P38708	0
P33122	P53952	0
P38156	Q03818	0
P53131	Q04307	0
P19524	Q12041	0
P00931	P33328	0
P25655	P32480	0
P06777	P53207	0
P00358	P40473	0
P40480	P46970	0
P47134	Q04048	0
P16140	Q03071	0
P34758	P38886	0
P40024	P50105	0
P32345	P38837	0
P32855	Q08446	0
P31382	Q07930	0
P38266	Q06648	0
P39925	P46962	0
P21182	Q02256	0
P47045	P53883	0
Q02199	Q12241	0
P38879	P39998	0
P06244	P40473	0
P25582	P32598	0
P80667	P89886	0
P27472	P43583	0
O13539	Q06078	0
P41921	Q04002	0
P25646	P41807	0
P36013	Q03957	0
P36013	P42839	0
P36029	Q06078	0
Q02100	Q02197	0
P38329	Q03792	0
P14724	P34160	0
Q03497	Q12417	0
P38622	P53261	0
P40344	Q01939	0
P53115	Q06218	0
P28817	P41940	0
P41318	P53068	0
P05986	P09734	0
P46995	Q06568	0
P40965	Q08729	0
P23301	P38990	0
P32481	Q07844	0
P53278	P53551	0
P32523	Q00362	0
P32628	P38959	0
P28817	P40479	0
P32945	Q12310	0
P12612	P41800	0
P53091	Q04562	0
P29311	P43581	0
P12868	P32802	0
P53924	Q08979	0
Q04377	Q12517	0
P14680	P42846	0
Q06200	Q12059	0
P38867	P52891	0
P08964	P32905	0
P25584	P26793	0
P32485	Q12368	0
P19882	P53295	0
P00358	P30619	0
