y_true,y_probability
1,0.008848747429765047
1,0.28955291239988473
1,0.09717976923237195
1,0.9999994989202232
1,0.6806083565209436
1,0.9873491684575367
1,0.9994709460928253
1,0.026376393460052504
1,0.2892655371233417
1,0.16140591330172402
1,0.9830752386773076
1,0.17584305274079376
1,0.005048300070365971
1,0.7553869451378001
1,0.000776175870471422
1,0.2614559551972435
1,0.5011579451163234
1,0.812958050748977
1,0.33106932059282584
1,0.0002267329093233966
1,0.9941900370840048
1,0.29708699863236837
1,0.9494311364647102
1,0.10392301564823142
1,0.0009348563225919979
1,0.03589921269444845
1,0.005669836541672198
1,0.8547749414480103
1,0.9999994700234502
1,0.583854682552007
1,0.2557184827931131
1,0.5571383061941909
1,0.9880781547829465
1,0.4409607368916772
1,0.999999400803985
1,0.00124749887841677
1,0.9998714432516598
1,0.996846018391765
1,0.001528803876362244
1,0.9723171501663811
1,0.02271279074390714
1,0.5393698662001224
1,0.26810542474749166
1,0.2382918889627222
1,0.44338162396694264
1,0.00023247449832698486
1,0.025556634659703283
1,2.0526091756084098e-05
1,0.9998560041369574
1,0.0005537441770139635
1,0.005343526166152124
1,0.9530552570518245
1,0.000673225208530632
1,0.04730420058873123
1,0.9914105221264934
1,0.004517908513919947
1,5.2230499957541756e-05
1,0.03010673805165139
1,0.3613796615862405
1,0.924138062557301
1,0.973830559232274
1,0.9999997167469531
1,0.9998307107397302
1,0.999981089350104
1,0.9999855337326005
1,0.03448025628511542
1,0.130067544607347
1,4.7624015966685107e-07
1,0.9755633544317341
1,3.626303461292934e-11
1,0.03413965232484999
1,0.8120013875469642
1,0.7320486455076706
1,0.46993187055771624
1,0.9125929107347713
1,0.9849212671051307
1,0.5854774532620978
1,0.6157863135233982
1,0.9999848562309248
1,0.001330353143335382
1,0.34591047110192047
1,0.9999981764318214
1,0.9715169246026931
1,0.9871133405129282
1,0.9995751121251889
1,0.8834491723201592
1,0.07339946773541452
1,0.9881979507284374
1,0.8475955331271424
1,0.9999826925863011
1,0.9827700453102394
1,0.09612311678034298
1,0.6852156813779382
1,0.8931508520649725
1,0.8742364861016094
1,0.9198433945861443
1,0.9999543073368203
1,0.9466400473909536
1,0.00764889117771154
1,0.7528878282439739
1,0.8200389208637282
1,0.9986465386533064
1,0.996121165320635
1,0.9897378089667233
1,0.012217779249201892
1,0.16313856285143205
1,0.0009864417135884598
1,0.8559770123604629
1,0.98379231321749
1,0.1633656754597886
1,0.11376335042557777
1,0.2980697034250979
1,0.9552145161142043
1,0.09240897762957621
1,0.9229734454935409
1,0.6925740707840828
1,0.07316420758190309
1,0.9999948136072249
1,0.4243250785491966
1,0.9977411073138484
1,0.9999999916534265
1,0.0008012151236876871
1,0.9999571439873489
1,0.15616751244908672
1,0.7479576862025029
1,0.8368022012737172
1,0.0002960056065065206
1,0.029164742658275403
1,0.07269799688968537
1,0.9986338650721436
1,0.9044584729826731
1,0.9351453068648851
1,0.6557425528230351
1,0.9133900424598511
1,0.8065388907961372
1,0.9996679833723147
1,0.10007676095993191
1,0.9513293378896567
1,0.5459968660998241
1,0.48794315033343677
1,0.40677091125566855
1,0.76469642029763
1,0.06985999877627964
1,0.9999883762209573
1,0.9455005436435052
1,0.41576141560071966
1,0.5371410091985785
1,0.9924682897516668
1,0.9893249327126653
1,0.9908402202684501
1,0.0002840330721351606
1,0.002435236032258739
1,0.4445007160451252
1,0.06520968219531464
1,1.8029715059444196e-07
1,0.6026657292433051
1,0.26253805641448996
1,4.512949009373471e-05
1,0.9956915921704554
1,0.994222626489488
1,0.9912085490041603
1,0.941734923378944
1,0.009802263924668639
1,0.9298240899740299
1,0.9703358418971978
1,0.9891254775230729
1,4.905929582263986e-05
1,0.11545521619623494
1,0.9994761570136951
1,0.7604199241776824
1,0.09082144345304319
1,0.01433676599848458
1,0.022688855142097113
1,0.9996809404367251
1,0.0028315808369853597
1,0.9987115639557838
1,0.9998868737214289
1,0.4595026610615244
1,0.6705233674762264
1,0.368933185923623
1,0.9999696840643056
1,0.34652581541129013
1,0.7204240316692492
1,0.003672203251317827
1,0.013600477910995614
1,0.5122418634652129
1,0.9999171176390769
1,0.007333446796222706
1,0.2001280397045311
1,0.004951781813712735
1,0.9554372078919025
1,0.9988307094449294
1,0.6306964352620147
1,0.9677665171520419
1,0.0020653535941918336
1,4.349137918262739e-05
1,0.24878421173290516
1,0.87910651854697
1,0.7686958326547669
1,0.013775416814547543
1,0.9525339025319419
1,0.9973208598712484
1,0.9516349760808054
1,0.8796891487222495
1,0.8310104608374576
1,0.0002677505812309153
1,0.6632685369961775
1,0.009113204611523854
1,0.00013742883575684046
1,0.9951051634486064
1,0.9998296907993109
1,0.0011033364951469895
1,0.9864503518114139
1,8.11879081018675e-06
1,0.996465798310858
1,0.9842599402848466
1,0.10414021193188334
1,0.9999893543505586
1,9.036399608799677e-05
1,0.9999608725073595
1,0.22753032926842837
1,0.9998008999772133
1,0.9997771861497188
0,0.024347234397970912
0,0.9998847372564447
0,0.9740784168290796
0,0.5471719269725476
0,4.443842280019389e-07
0,0.9926669479577412
0,0.8449041864328597
0,0.5290166328782788
0,0.6522290133340699
0,0.0011652496411415452
0,9.74525445064342e-05
0,1.1602849799195616e-08
0,0.0002449381859152082
0,0.8477939452205518
0,0.11684838484981697
0,0.9995571527400019
0,0.20070034217200652
0,0.6616178493387276
0,0.016478490016123802
0,0.010945328199386033
0,0.9979773562811699
0,0.9343818709200606
0,0.16359408422987068
0,0.6536662186004882
0,0.009297777057713978
0,0.6992803382569783
0,0.03631364440878439
0,0.8625747899713313
0,0.24611416336631056
0,0.4589556715619865
0,0.009830158208490059
0,3.003870292131771e-09
0,0.008231426068097455
0,0.9989664796931509
0,0.5464828848094919
0,0.9997867079122397
0,0.032784038900146105
0,0.2573187948155777
0,0.24447728472091884
0,0.9344140394700908
0,0.9349830257902809
0,9.798990988019624e-05
0,1.893096983981069e-05
0,0.3878370539994095
0,0.9999980304262949
0,0.7074023288843143
0,0.022169523184255493
0,0.9996882283329025
0,0.9998702638909819
0,0.9998747996529818
0,1.152656347298848e-06
0,0.9998431460991476
0,0.0003086884561730294
0,0.0011108217740947836
0,0.9514308644282755
0,0.29405756686232
0,0.9666179874310167
0,0.4578803398300251
0,0.8521199680708116
0,0.24501028375699255
0,0.34554928288543185
0,0.9739504193346147
0,2.7243134525808465e-05
0,0.9981511923066989
0,0.35647104878203617
0,0.9109276732490427
0,0.2582956602906804
0,0.286807988419608
0,0.010157952591377176
0,0.7161015980418682
0,9.505669304899858e-08
0,2.688982143356913e-08
0,0.820577542287213
0,0.002578978912479369
0,1.2618579161117212e-07
0,0.9392173013097109
0,0.988694023661108
0,0.9961589829384574
0,0.9999998101114912
0,0.011410114076901722
0,0.6607565026584368
0,0.9999642944206684
0,0.003946348408707748
0,0.9843533549428771
0,0.6360780371896407
0,0.00418625862708534
0,0.07365065938706898
0,4.938558056756728e-06
0,0.12774739807680147
0,0.9960066832627327
0,0.5331637379819428
0,0.2300086842328207
0,0.7045316523796707
0,0.001160897132665752
0,0.00031334547862584585
0,0.9604089157450195
0,0.9621323324409858
0,0.9999693034198057
0,0.7345882178869723
0,0.9657057028712812
0,0.9843051042668752
0,0.02118806267745275
0,2.345650740048146e-05
0,0.9998724608390855
0,0.3826211036075876
0,0.0006552114131948565
0,0.029639636172693648
0,1.762118654429938e-05
0,0.9999195377873372
0,0.9811590961501861
0,1.2265918223147697e-05
0,9.931821123740442e-06
0,0.00034588703992326247
0,0.021195280061501072
0,3.2572117754614554e-09
0,0.9997212843374378
0,0.6254684502997627
0,0.6524491442639679
0,3.8019288589530843e-07
0,0.9589038283013801
0,0.004157165243798787
0,9.10141952538784e-05
0,0.0344892748761391
0,0.06549681072096938
0,0.00038741893698344835
0,0.9999993216790852
0,0.01437574733881351
0,0.9996204924116534
0,0.9916611213898484
0,0.0028541963148750304
0,0.9113940677813402
0,0.2834780645116625
0,0.9906942286988079
0,0.12470445593324574
0,0.18393710188417872
0,0.000646504777735636
0,0.954408006271375
0,0.584703429438312
0,0.9728087641891845
0,0.9950375017399006
0,0.005365125563226505
0,0.0005132382455136671
0,0.9996170462885392
0,5.355067997969397e-06
0,0.8250177813939581
0,0.4709189678152383
0,3.1411437256134235e-05
0,3.4976205936579375e-07
0,0.0003186540527181126
0,0.0724500675789777
0,0.5561005387528857
0,1.1203742037369597e-09
0,0.49424021672450824
0,0.9661332625285353
0,4.3822200571407327e-07
0,0.453687631868097
0,0.9182307921504586
0,0.00014937571951877118
0,0.9984514727713506
0,0.01906262428825253
0,0.9980976621361056
0,0.00104333249845971
0,0.0063613289592248405
0,0.9511475617151158
0,0.0005522248719424305
0,0.9825651924229587
0,0.06251060685305086
0,0.0008575300074340001
0,0.9923501969415329
0,0.7598482914228718
0,0.36047084729302725
0,0.9998750949620809
0,0.558805807443039
0,0.9999237956410862
0,0.15232552348368275
0,0.10811195230805376
0,0.01169461871453098
0,2.1497641395783916e-06
0,0.0004680974713516597
0,0.2413731998376447
0,0.0812967372754146
0,4.751011718465393e-05
0,0.006008402100383981
0,0.9747048432629604
0,0.9998513296349911
0,0.9995705284938878
0,0.5302666594892353
0,0.9982912396236122
0,4.303788833696332e-09
0,5.44669474312438e-06
0,0.6404380258242794
0,0.03312596899212582
0,0.001039157878787622
0,0.0010231398056313116
0,0.9996921585511782
0,0.9992741469636719
0,0.4864109816636069
0,0.9999846766994817
0,0.3284502217155643
0,0.15342012719228235
0,0.031112654018230154
0,2.151390509946616e-08
0,0.3793661839734381
0,0.9925593427875704
0,0.9993839573115613
0,0.48054027829763146
0,0.861757388668
0,0.013029470320036393
0,0.0013629458258581683
0,0.9995600834052235
0,0.8614246992483163
0,0.34649363252084364
0,0.99560031750071
0,0.05156197102324818
0,0.7536423167071835
0,3.516903062933357e-06
0,3.562845513913211e-10
0,0.02263113898573663
0,1.7859238360672074e-05
0,0.014121342863039475
0,0.00038350266928315437
0,0.908952904645094
0,0.7211533889807241
0,0.8562420548504303
0,0.0023473079030049246
0,2.7841417914495985e-05
0,0.8598401877139746
0,0.006313994996103097
0,0.0020489740328825715
0,0.01421651680338541
0,0.9155486467867019
0,0.9988606773310623
0,0.6072490154361316
0,6.154094592176599e-06
0,0.3288101086055289
0,0.9516383907891208
0,0.17683606767048338
0,0.026325997984030465
0,0.011303537456718676
