protein_a,protein_b,y_true,y_probability,y_pred,split,model,representation,seed
P37370,P47093,1,0.4533333333333333,0,homology_30,random_forest,aac_ctd,42
P08431,Q06142,1,0.65,1,homology_30,random_forest,aac_ctd,42
P22219,P28795,1,0.5133333333333333,1,homology_30,random_forest,aac_ctd,42
P32504,Q04411,1,0.52,1,homology_30,random_forest,aac_ctd,42
Q00955,Q08144,1,0.5866666666666667,1,homology_30,random_forest,aac_ctd,42
P12753,P30771,1,0.57,1,homology_30,random_forest,aac_ctd,42
P16658,P18898,1,0.5033333333333333,1,homology_30,random_forest,aac_ctd,42
Q04562,Q08886,1,0.43,0,homology_30,random_forest,aac_ctd,42
P25655,P36131,1,0.6166666666666667,1,homology_30,random_forest,aac_ctd,42
P37370,Q04651,1,0.37666666666666665,0,homology_30,random_forest,aac_ctd,42
Q04226,Q12149,1,0.5466666666666666,1,homology_30,random_forest,aac_ctd,42
P43593,P53628,1,0.52,1,homology_30,random_forest,aac_ctd,42
P33199,P53552,1,0.4766666666666667,0,homology_30,random_forest,aac_ctd,42
O14455,Q03220,1,0.3933333333333333,0,homology_30,random_forest,aac_ctd,42
P38689,Q02354,1,0.6766666666666666,1,homology_30,random_forest,aac_ctd,42
P25655,P32849,1,0.5266666666666666,1,homology_30,random_forest,aac_ctd,42
Q04062,Q06704,1,0.55,1,homology_30,random_forest,aac_ctd,42
Q03768,Q04062,1,0.5633333333333334,1,homology_30,random_forest,aac_ctd,42
P14724,P36049,1,0.54,1,homology_30,random_forest,aac_ctd,42
P38793,P46675,1,0.5666666666666667,1,homology_30,random_forest,aac_ctd,42
P18898,P51601,1,0.42333333333333334,0,homology_30,random_forest,aac_ctd,42
P20484,P38428,1,0.47333333333333333,0,homology_30,random_forest,aac_ctd,42
P32800,Q03619,1,0.2966666666666667,0,homology_30,random_forest,aac_ctd,42
P17119,P21182,1,0.49666666666666665,0,homology_30,random_forest,aac_ctd,42
P40959,Q05636,1,0.59,1,homology_30,random_forest,aac_ctd,42
P16658,Q00578,1,0.6033333333333334,1,homology_30,random_forest,aac_ctd,42
P33755,P36144,1,0.5733333333333334,1,homology_30,random_forest,aac_ctd,42
P22543,Q08965,1,0.5033333333333333,1,homology_30,random_forest,aac_ctd,42
P38820,P38929,1,0.53,1,homology_30,random_forest,aac_ctd,42
P20053,P48524,1,0.6266666666666667,1,homology_30,random_forest,aac_ctd,42
P39984,P89102,1,0.5966666666666667,1,homology_30,random_forest,aac_ctd,42
P33755,Q12411,1,0.6433333333333333,1,homology_30,random_forest,aac_ctd,42
P32457,P43593,1,0.5533333333333333,1,homology_30,random_forest,aac_ctd,42
P25655,Q00916,1,0.5133333333333333,1,homology_30,random_forest,aac_ctd,42
P32457,P36049,1,0.5533333333333333,1,homology_30,random_forest,aac_ctd,42
P17119,Q99385,1,0.29333333333333333,0,homology_30,random_forest,aac_ctd,42
P53739,Q12256,1,0.3466666666666667,0,homology_30,random_forest,aac_ctd,42
P36015,P38261,1,0.5066666666666667,1,homology_30,random_forest,aac_ctd,42
P43592,Q12468,1,0.5266666666666666,1,homology_30,random_forest,aac_ctd,42
P53280,Q00955,1,0.61,1,homology_30,random_forest,aac_ctd,42
P14724,Q99189,1,0.4533333333333333,0,homology_30,random_forest,aac_ctd,42
P47150,Q07834,1,0.42,0,homology_30,random_forest,aac_ctd,42
P25655,Q00723,1,0.47333333333333333,0,homology_30,random_forest,aac_ctd,42
P10869,P15303,1,0.6533333333333333,1,homology_30,random_forest,aac_ctd,42
P49687,P89102,1,0.5866666666666667,1,homology_30,random_forest,aac_ctd,42
Q02196,Q05930,1,0.5066666666666667,1,homology_30,random_forest,aac_ctd,42
P46678,P53115,1,0.5933333333333334,1,homology_30,random_forest,aac_ctd,42
P53904,Q08285,1,0.51,1,homology_30,random_forest,aac_ctd,42
Q06479,Q99385,1,0.28,0,homology_30,random_forest,aac_ctd,42
Q00916,Q12280,1,0.5566666666666666,1,homology_30,random_forest,aac_ctd,42
P17891,P32565,1,0.47333333333333333,0,homology_30,random_forest,aac_ctd,42
P36053,P40014,1,0.49333333333333335,0,homology_30,random_forest,aac_ctd,42
Q00578,Q07732,1,0.56,1,homology_30,random_forest,aac_ctd,42
P02293,P22219,1,0.43666666666666665,0,homology_30,random_forest,aac_ctd,42
Q02256,Q99385,1,0.18,0,homology_30,random_forest,aac_ctd,42
P32895,P39984,1,0.6166666666666667,1,homology_30,random_forest,aac_ctd,42
P40485,Q12055,1,0.47333333333333333,0,homology_30,random_forest,aac_ctd,42
Q04225,Q06675,1,0.58,1,homology_30,random_forest,aac_ctd,42
P25043,Q02100,1,0.4533333333333333,0,homology_30,random_forest,aac_ctd,42
P04147,P43593,1,0.6066666666666667,1,homology_30,random_forest,aac_ctd,42
P48232,P48415,1,0.5333333333333333,1,homology_30,random_forest,aac_ctd,42
P09624,Q03784,1,0.49666666666666665,0,homology_30,random_forest,aac_ctd,42
P36015,P38970,1,0.46,0,homology_30,random_forest,aac_ctd,42
P22543,Q12691,1,0.5633333333333334,1,homology_30,random_forest,aac_ctd,42
P32783,P47093,1,0.47333333333333333,0,homology_30,random_forest,aac_ctd,42
P46675,Q07834,1,0.5366666666666666,1,homology_30,random_forest,aac_ctd,42
P40453,P46988,1,0.57,1,homology_30,random_forest,aac_ctd,42
Q04175,Q07915,1,0.44666666666666666,0,homology_30,random_forest,aac_ctd,42
P22517,P36003,1,0.5833333333333334,1,homology_30,random_forest,aac_ctd,42
P40548,P47012,1,0.48,0,homology_30,random_forest,aac_ctd,42
P38247,P38823,1,0.53,1,homology_30,random_forest,aac_ctd,42
P38859,P53847,1,0.6666666666666666,1,homology_30,random_forest,aac_ctd,42
P32800,P48232,1,0.41333333333333333,0,homology_30,random_forest,aac_ctd,42
P37370,P39014,1,0.35,0,homology_30,random_forest,aac_ctd,42
Q04121,Q12129,1,0.27666666666666667,0,homology_30,random_forest,aac_ctd,42
P47042,P53142,1,0.12333333333333334,0,homology_30,random_forest,aac_ctd,42
P46682,Q12044,1,0.5266666666666666,1,homology_30,random_forest,aac_ctd,42
P32895,Q08550,1,0.5933333333333334,1,homology_30,random_forest,aac_ctd,42
P17536,P36015,1,0.5433333333333333,1,homology_30,random_forest,aac_ctd,42
P31382,P38861,1,0.3566666666666667,0,homology_30,random_forest,aac_ctd,42
P35723,P38727,1,0.3333333333333333,0,homology_30,random_forest,aac_ctd,42
P38247,P46682,1,0.5166666666666667,1,homology_30,random_forest,aac_ctd,42
P32800,P40563,1,0.24666666666666667,0,homology_30,random_forest,aac_ctd,42
P25341,P33328,1,0.49,0,homology_30,random_forest,aac_ctd,42
P40483,Q04121,1,0.42,0,homology_30,random_forest,aac_ctd,42
P25615,Q08911,1,0.5766666666666667,1,homology_30,random_forest,aac_ctd,42
P26754,P39520,1,0.5033333333333333,1,homology_30,random_forest,aac_ctd,42
P51601,Q03407,1,0.6,1,homology_30,random_forest,aac_ctd,42
P38744,Q12082,1,0.4033333333333333,0,homology_30,random_forest,aac_ctd,42
P53845,Q03768,1,0.43666666666666665,0,homology_30,random_forest,aac_ctd,42
P39016,P40055,1,0.54,1,homology_30,random_forest,aac_ctd,42
P47012,P48240,1,0.52,1,homology_30,random_forest,aac_ctd,42
P38748,P53904,1,0.5933333333333334,1,homology_30,random_forest,aac_ctd,42
P38247,P53904,1,0.54,1,homology_30,random_forest,aac_ctd,42
P33199,Q07834,1,0.43666666666666665,0,homology_30,random_forest,aac_ctd,42
P33203,P53552,1,0.5033333333333333,1,homology_30,random_forest,aac_ctd,42
P46963,Q04031,1,0.5333333333333333,1,homology_30,random_forest,aac_ctd,42
P06781,P32939,1,0.6666666666666666,1,homology_30,random_forest,aac_ctd,42
P09232,P52286,1,0.53,1,homology_30,random_forest,aac_ctd,42
P33750,Q03654,1,0.4666666666666667,0,homology_30,random_forest,aac_ctd,42
P27692,Q12349,1,0.49333333333333335,0,homology_30,random_forest,aac_ctd,42
P14832,Q08886,1,0.52,1,homology_30,random_forest,aac_ctd,42
P53845,Q05930,1,0.41333333333333333,0,homology_30,random_forest,aac_ctd,42
P06243,P42845,1,0.62,1,homology_30,random_forest,aac_ctd,42
P54885,Q08886,1,0.5766666666666667,1,homology_30,random_forest,aac_ctd,42
P53941,Q03619,1,0.5933333333333334,1,homology_30,random_forest,aac_ctd,42
P30902,P34240,1,0.51,1,homology_30,random_forest,aac_ctd,42
P32447,P33199,1,0.49333333333333335,0,homology_30,random_forest,aac_ctd,42
P25649,P53847,1,0.5866666666666667,1,homology_30,random_forest,aac_ctd,42
P38276,P49687,1,0.51,1,homology_30,random_forest,aac_ctd,42
P32783,P53739,1,0.58,1,homology_30,random_forest,aac_ctd,42
P38859,Q12021,1,0.5366666666666666,1,homology_30,random_forest,aac_ctd,42
P14724,Q03973,1,0.47333333333333333,0,homology_30,random_forest,aac_ctd,42
P22543,P29461,1,0.5566666666666666,1,homology_30,random_forest,aac_ctd,42
P14126,P41816,1,0.5566666666666666,1,homology_30,random_forest,aac_ctd,42
P34909,P39936,1,0.5666666666666667,1,homology_30,random_forest,aac_ctd,42
P32773,Q06142,1,0.48,0,homology_30,random_forest,aac_ctd,42
Q03782,Q08911,1,0.56,1,homology_30,random_forest,aac_ctd,42
Q04003,Q07824,1,0.14666666666666667,0,homology_30,random_forest,aac_ctd,42
Q07824,Q08446,1,0.15666666666666668,0,homology_30,random_forest,aac_ctd,42
P39984,P40485,1,0.5866666666666667,1,homology_30,random_forest,aac_ctd,42
P40048,Q03768,1,0.4633333333333333,0,homology_30,random_forest,aac_ctd,42
P23642,P52593,1,0.5133333333333333,1,homology_30,random_forest,aac_ctd,42
P53622,Q06142,1,0.6666666666666666,1,homology_30,random_forest,aac_ctd,42
P25615,P25655,1,0.5633333333333334,1,homology_30,random_forest,aac_ctd,42
P09624,P19414,1,0.6233333333333333,1,homology_30,random_forest,aac_ctd,42
P38723,Q12450,1,0.31,0,homology_30,random_forest,aac_ctd,42
P39727,P53094,1,0.56,1,homology_30,random_forest,aac_ctd,42
P25559,P47019,1,0.3933333333333333,0,homology_30,random_forest,aac_ctd,42
P40014,P53116,1,0.48,0,homology_30,random_forest,aac_ctd,42
P38840,P47012,1,0.44333333333333336,0,homology_30,random_forest,aac_ctd,42
P41813,Q03081,1,0.49666666666666665,0,homology_30,random_forest,aac_ctd,42
P27796,Q01649,1,0.5966666666666667,1,homology_30,random_forest,aac_ctd,42
P39013,P42073,1,0.6366666666666667,1,homology_30,random_forest,aac_ctd,42
P14832,Q08965,1,0.53,1,homology_30,random_forest,aac_ctd,42
P10869,P52286,1,0.51,1,homology_30,random_forest,aac_ctd,42
P32802,P36003,1,0.37,0,homology_30,random_forest,aac_ctd,42
P19073,P48524,1,0.4266666666666667,0,homology_30,random_forest,aac_ctd,42
P04147,P39730,1,0.5933333333333334,1,homology_30,random_forest,aac_ctd,42
P53039,Q12300,1,0.33,0,homology_30,random_forest,aac_ctd,42
P09624,P39727,1,0.5766666666666667,1,homology_30,random_forest,aac_ctd,42
P40483,Q02196,1,0.49333333333333335,0,homology_30,random_forest,aac_ctd,42
P32917,P38129,1,0.5766666666666667,1,homology_30,random_forest,aac_ctd,42
P39717,Q04031,1,0.5533333333333333,1,homology_30,random_forest,aac_ctd,42
P53847,P89886,1,0.6133333333333333,1,homology_30,random_forest,aac_ctd,42
P04386,P43572,1,0.48,0,homology_30,random_forest,aac_ctd,42
P20081,P54885,1,0.57,1,homology_30,random_forest,aac_ctd,42
P52286,Q04067,1,0.57,1,homology_30,random_forest,aac_ctd,42
P41920,P48240,1,0.51,1,homology_30,random_forest,aac_ctd,42
P20081,Q07915,1,0.45666666666666667,0,homology_30,random_forest,aac_ctd,42
P09624,Q00916,1,0.52,1,homology_30,random_forest,aac_ctd,42
P46675,P46963,1,0.49666666666666665,0,homology_30,random_forest,aac_ctd,42
P39935,Q12280,1,0.5766666666666667,1,homology_30,random_forest,aac_ctd,42
P25567,P39935,1,0.5466666666666666,1,homology_30,random_forest,aac_ctd,42
P25343,P25584,1,0.4266666666666667,0,homology_30,random_forest,aac_ctd,42
P33203,P51601,1,0.5533333333333333,1,homology_30,random_forest,aac_ctd,42
P00899,P39730,1,0.52,1,homology_30,random_forest,aac_ctd,42
P29461,Q12468,1,0.52,1,homology_30,random_forest,aac_ctd,42
P40892,Q04067,1,0.49333333333333335,0,homology_30,random_forest,aac_ctd,42
P53094,P53845,1,0.45666666666666667,0,homology_30,random_forest,aac_ctd,42
P14747,Q06479,1,0.53,1,homology_30,random_forest,aac_ctd,42
P20424,P53965,1,0.6,1,homology_30,random_forest,aac_ctd,42
P32783,P38194,1,0.55,1,homology_30,random_forest,aac_ctd,42
P25441,P32558,1,0.5333333333333333,1,homology_30,random_forest,aac_ctd,42
P32849,Q12468,1,0.48,0,homology_30,random_forest,aac_ctd,42
P12945,P35178,1,0.5333333333333333,1,homology_30,random_forest,aac_ctd,42
P39016,P54885,1,0.6,1,homology_30,random_forest,aac_ctd,42
P34244,Q04199,1,0.6,1,homology_30,random_forest,aac_ctd,42
P32916,P35210,1,0.5866666666666667,1,homology_30,random_forest,aac_ctd,42
Q03619,Q04978,1,0.49666666666666665,0,homology_30,random_forest,aac_ctd,42
P07347,P14747,1,0.53,1,homology_30,random_forest,aac_ctd,42
P07270,P53845,1,0.4066666666666667,0,homology_30,random_forest,aac_ctd,42
P18851,P40160,1,0.47333333333333333,0,homology_30,random_forest,aac_ctd,42
P38264,Q12349,1,0.5066666666666667,1,homology_30,random_forest,aac_ctd,42
P89102,Q12021,1,0.5866666666666667,1,homology_30,random_forest,aac_ctd,42
P33333,Q03619,1,0.2866666666666667,0,homology_30,random_forest,aac_ctd,42
P40164,Q12129,1,0.52,1,homology_30,random_forest,aac_ctd,42
P20604,P53280,1,0.49,0,homology_30,random_forest,aac_ctd,42
P52286,P53622,1,0.4666666666666667,0,homology_30,random_forest,aac_ctd,42
P07264,P38861,1,0.5266666666666666,1,homology_30,random_forest,aac_ctd,42
P25584,Q03619,1,0.41333333333333333,0,homology_30,random_forest,aac_ctd,42
P34244,P42845,1,0.48,0,homology_30,random_forest,aac_ctd,42
P20081,P27472,1,0.48333333333333334,0,homology_30,random_forest,aac_ctd,42
P33411,P43583,1,0.5466666666666666,1,homology_30,random_forest,aac_ctd,42
P33411,Q07824,1,0.36,0,homology_30,random_forest,aac_ctd,42
P33411,Q12517,1,0.47,0,homology_30,random_forest,aac_ctd,42
P31109,Q12044,1,0.51,1,homology_30,random_forest,aac_ctd,42
P40510,Q08204,1,0.59,1,homology_30,random_forest,aac_ctd,42
P48836,Q12256,1,0.4066666666666667,0,homology_30,random_forest,aac_ctd,42
P48232,Q08004,1,0.5433333333333333,1,homology_30,random_forest,aac_ctd,42
P17119,P39730,1,0.5366666666666666,1,homology_30,random_forest,aac_ctd,42
P38861,P39936,1,0.49,0,homology_30,random_forest,aac_ctd,42
Q05881,Q12256,1,0.3233333333333333,0,homology_30,random_forest,aac_ctd,42
P20081,P41813,1,0.4666666666666667,0,homology_30,random_forest,aac_ctd,42
P22543,P47019,1,0.5466666666666666,1,homology_30,random_forest,aac_ctd,42
P07991,Q03758,1,0.5633333333333334,1,homology_30,random_forest,aac_ctd,42
P32802,P53845,1,0.4766666666666667,0,homology_30,random_forest,aac_ctd,42
P19414,P40548,1,0.5066666666666667,1,homology_30,random_forest,aac_ctd,42
P41834,P52286,1,0.62,1,homology_30,random_forest,aac_ctd,42
Q12021,Q12044,1,0.49,0,homology_30,random_forest,aac_ctd,42
P19073,Q00618,1,0.46,0,homology_30,random_forest,aac_ctd,42
P46682,Q12028,1,0.55,1,homology_30,random_forest,aac_ctd,42
P34244,Q04062,1,0.53,1,homology_30,random_forest,aac_ctd,42
P38328,P39016,1,0.57,1,homology_30,random_forest,aac_ctd,42
Q04062,Q06142,1,0.6066666666666667,1,homology_30,random_forest,aac_ctd,42
O14455,P32634,1,0.39666666666666667,0,homology_30,random_forest,aac_ctd,42
P32773,P40202,1,0.47333333333333333,0,homology_30,random_forest,aac_ctd,42
P25567,P31412,1,0.53,1,homology_30,random_forest,aac_ctd,42
P09624,P32849,1,0.6166666666666667,1,homology_30,random_forest,aac_ctd,42
P27472,P38344,1,0.59,1,homology_30,random_forest,aac_ctd,42
P04147,Q00955,1,0.6233333333333333,1,homology_30,random_forest,aac_ctd,42
P25341,Q04031,1,0.5666666666666667,1,homology_30,random_forest,aac_ctd,42
P53039,Q06644,1,0.36666666666666664,0,homology_30,random_forest,aac_ctd,42
P47187,P52286,0,0.45,0,homology_30,random_forest,aac_ctd,42
P25584,Q04697,0,0.41333333333333333,0,homology_30,random_forest,aac_ctd,42
P07347,Q02608,0,0.5066666666666667,1,homology_30,random_forest,aac_ctd,42
P47035,P47187,0,0.41333333333333333,0,homology_30,random_forest,aac_ctd,42
P40892,P49956,0,0.4633333333333333,0,homology_30,random_forest,aac_ctd,42
P27692,P53100,0,0.5266666666666666,1,homology_30,random_forest,aac_ctd,42
P39730,Q03697,0,0.31,0,homology_30,random_forest,aac_ctd,42
P39992,Q03220,0,0.5033333333333333,1,homology_30,random_forest,aac_ctd,42
P07276,P43592,0,0.5966666666666667,1,homology_30,random_forest,aac_ctd,42
P36015,P39706,0,0.4066666666666667,0,homology_30,random_forest,aac_ctd,42
P06781,P32569,0,0.64,1,homology_30,random_forest,aac_ctd,42
P12753,P49956,0,0.5433333333333333,1,homology_30,random_forest,aac_ctd,42
P23179,P33328,0,0.5066666666666667,1,homology_30,random_forest,aac_ctd,42
P40969,Q08004,0,0.5066666666666667,1,homology_30,random_forest,aac_ctd,42
P04051,P38344,0,0.5833333333333334,1,homology_30,random_forest,aac_ctd,42
P36160,P38729,0,0.44,0,homology_30,random_forest,aac_ctd,42
Q03619,Q03944,0,0.5133333333333333,1,homology_30,random_forest,aac_ctd,42
P23179,Q12517,0,0.49,0,homology_30,random_forest,aac_ctd,42
P10823,P47019,0,0.49,0,homology_30,random_forest,aac_ctd,42
P32832,Q12028,0,0.5933333333333334,1,homology_30,random_forest,aac_ctd,42
P04050,P12753,0,0.5133333333333333,1,homology_30,random_forest,aac_ctd,42
P32387,P32479,0,0.4666666666666667,0,homology_30,random_forest,aac_ctd,42
P04051,Q08732,0,0.5466666666666666,1,homology_30,random_forest,aac_ctd,42
P47187,Q04226,0,0.43,0,homology_30,random_forest,aac_ctd,42
Q04697,Q12021,0,0.54,1,homology_30,random_forest,aac_ctd,42
P08431,Q12082,0,0.4033333333333333,0,homology_30,random_forest,aac_ctd,42
P30605,P34909,0,0.29333333333333333,0,homology_30,random_forest,aac_ctd,42
P32838,P49687,0,0.49666666666666665,0,homology_30,random_forest,aac_ctd,42
P33441,Q06644,0,0.36,0,homology_30,random_forest,aac_ctd,42
P34226,Q02608,0,0.4266666666666667,0,homology_30,random_forest,aac_ctd,42
P48415,P80428,0,0.6066666666666667,1,homology_30,random_forest,aac_ctd,42
P39955,Q03081,0,0.5466666666666666,1,homology_30,random_forest,aac_ctd,42
P16649,P35723,0,0.4066666666666667,0,homology_30,random_forest,aac_ctd,42
P39706,Q08886,0,0.4766666666666667,0,homology_30,random_forest,aac_ctd,42
P25567,P40969,0,0.52,1,homology_30,random_forest,aac_ctd,42
P38328,Q12349,0,0.4033333333333333,0,homology_30,random_forest,aac_ctd,42
P40960,Q04226,0,0.5833333333333334,1,homology_30,random_forest,aac_ctd,42
Q05031,Q08204,0,0.41333333333333333,0,homology_30,random_forest,aac_ctd,42
P33328,P40355,0,0.53,1,homology_30,random_forest,aac_ctd,42
P38428,Q08949,0,0.4666666666666667,0,homology_30,random_forest,aac_ctd,42
P32618,P46675,0,0.5366666666666666,1,homology_30,random_forest,aac_ctd,42
P20052,P40510,0,0.4666666666666667,0,homology_30,random_forest,aac_ctd,42
O74700,Q99278,0,0.5466666666666666,1,homology_30,random_forest,aac_ctd,42
P36034,Q03973,0,0.4033333333333333,0,homology_30,random_forest,aac_ctd,42
P36131,P46678,0,0.51,1,homology_30,random_forest,aac_ctd,42
Q06091,Q12082,0,0.4033333333333333,0,homology_30,random_forest,aac_ctd,42
P32832,P35210,0,0.5866666666666667,1,homology_30,random_forest,aac_ctd,42
P34240,P35723,0,0.37333333333333335,0,homology_30,random_forest,aac_ctd,42
P25336,Q12415,0,0.52,1,homology_30,random_forest,aac_ctd,42
P20424,P38817,0,0.5933333333333334,1,homology_30,random_forest,aac_ctd,42
P32917,Q01684,0,0.42333333333333334,0,homology_30,random_forest,aac_ctd,42
P36121,P38428,0,0.6166666666666667,1,homology_30,random_forest,aac_ctd,42
P23833,P89886,0,0.4533333333333333,0,homology_30,random_forest,aac_ctd,42
P13259,P38080,0,0.47,0,homology_30,random_forest,aac_ctd,42
Q03944,Q05881,0,0.49666666666666665,0,homology_30,random_forest,aac_ctd,42
P07270,Q06675,0,0.5333333333333333,1,homology_30,random_forest,aac_ctd,42
O74700,P17536,0,0.5233333333333333,1,homology_30,random_forest,aac_ctd,42
P13433,P20604,0,0.63,1,homology_30,random_forest,aac_ctd,42
P38351,Q07528,0,0.47,0,homology_30,random_forest,aac_ctd,42
P20484,P50091,0,0.52,1,homology_30,random_forest,aac_ctd,42
P40548,P80428,0,0.53,1,homology_30,random_forest,aac_ctd,42
P40959,P47090,0,0.41333333333333333,0,homology_30,random_forest,aac_ctd,42
P33441,Q06665,0,0.5533333333333333,1,homology_30,random_forest,aac_ctd,42
Q04003,Q12335,0,0.37333333333333335,0,homology_30,random_forest,aac_ctd,42
P04050,P41920,0,0.58,1,homology_30,random_forest,aac_ctd,42
P32558,Q12450,0,0.33,0,homology_30,random_forest,aac_ctd,42
P07347,P36121,0,0.6766666666666666,1,homology_30,random_forest,aac_ctd,42
P36131,Q01684,0,0.4533333333333333,0,homology_30,random_forest,aac_ctd,42
P38274,P46678,0,0.4866666666666667,0,homology_30,random_forest,aac_ctd,42
Q03691,Q12159,0,0.47,0,homology_30,random_forest,aac_ctd,42
P14906,P38344,0,0.5266666666666666,1,homology_30,random_forest,aac_ctd,42
P27476,Q07834,0,0.49,0,homology_30,random_forest,aac_ctd,42
P39706,Q08965,0,0.42,0,homology_30,random_forest,aac_ctd,42
P38072,P47012,0,0.43666666666666665,0,homology_30,random_forest,aac_ctd,42
P40070,Q05016,0,0.47,0,homology_30,random_forest,aac_ctd,42
P12294,P46957,0,0.49666666666666665,0,homology_30,random_forest,aac_ctd,42
P50091,P53116,0,0.43666666666666665,0,homology_30,random_forest,aac_ctd,42
P52891,Q03697,0,0.3,0,homology_30,random_forest,aac_ctd,42
P53344,Q12691,0,0.43,0,homology_30,random_forest,aac_ctd,42
P35178,P42934,0,0.3233333333333333,0,homology_30,random_forest,aac_ctd,42
P14906,Q08550,0,0.5233333333333333,1,homology_30,random_forest,aac_ctd,42
P38744,Q07084,0,0.42333333333333334,0,homology_30,random_forest,aac_ctd,42
P38744,P43592,0,0.4033333333333333,0,homology_30,random_forest,aac_ctd,42
P32832,Q07732,0,0.53,1,homology_30,random_forest,aac_ctd,42
P38915,Q12336,0,0.35,0,homology_30,random_forest,aac_ctd,42
P38147,P53280,0,0.54,1,homology_30,random_forest,aac_ctd,42
P02294,P53941,0,0.5333333333333333,1,homology_30,random_forest,aac_ctd,42
P32447,P32832,0,0.5233333333333333,1,homology_30,random_forest,aac_ctd,42
P32773,Q03323,0,0.5133333333333333,1,homology_30,random_forest,aac_ctd,42
P39962,Q03944,0,0.5,1,homology_30,random_forest,aac_ctd,42
Q06604,Q12321,0,0.53,1,homology_30,random_forest,aac_ctd,42
Q03323,Q06644,0,0.36666666666666664,0,homology_30,random_forest,aac_ctd,42
P32916,P53904,0,0.6533333333333333,1,homology_30,random_forest,aac_ctd,42
P89102,Q05031,0,0.5033333333333333,1,homology_30,random_forest,aac_ctd,42
Q07732,Q12050,0,0.5566666666666666,1,homology_30,random_forest,aac_ctd,42
P04050,P12385,0,0.5666666666666667,1,homology_30,random_forest,aac_ctd,42
P39520,Q12082,0,0.42333333333333334,0,homology_30,random_forest,aac_ctd,42
P47042,Q06673,0,0.61,1,homology_30,random_forest,aac_ctd,42
P38723,P39730,0,0.47333333333333333,0,homology_30,random_forest,aac_ctd,42
P38817,Q06091,0,0.62,1,homology_30,random_forest,aac_ctd,42
P53955,Q12050,0,0.5833333333333334,1,homology_30,random_forest,aac_ctd,42
P04050,P36003,0,0.5266666666666666,1,homology_30,random_forest,aac_ctd,42
P06780,P23337,0,0.5666666666666667,1,homology_30,random_forest,aac_ctd,42
Q08208,Q12300,0,0.33666666666666667,0,homology_30,random_forest,aac_ctd,42
P40355,Q04477,0,0.5633333333333334,1,homology_30,random_forest,aac_ctd,42
P25655,P54837,0,0.49,0,homology_30,random_forest,aac_ctd,42
O13530,P17891,0,0.43666666666666665,0,homology_30,random_forest,aac_ctd,42
P39955,P40164,0,0.6366666666666667,1,homology_30,random_forest,aac_ctd,42
Q06005,Q07528,0,0.5433333333333333,1,homology_30,random_forest,aac_ctd,42
P28795,P53115,0,0.5466666666666666,1,homology_30,random_forest,aac_ctd,42
P32558,Q12336,0,0.38666666666666666,0,homology_30,random_forest,aac_ctd,42
P40969,P46963,0,0.4533333333333333,0,homology_30,random_forest,aac_ctd,42
P33754,P34252,0,0.5666666666666667,1,homology_30,random_forest,aac_ctd,42
P31382,Q12233,0,0.26666666666666666,0,homology_30,random_forest,aac_ctd,42
P46675,P80428,0,0.5566666666666666,1,homology_30,random_forest,aac_ctd,42
P04386,Q04749,0,0.48,0,homology_30,random_forest,aac_ctd,42
P20081,P32832,0,0.4633333333333333,0,homology_30,random_forest,aac_ctd,42
P33328,P40077,0,0.5366666666666666,1,homology_30,random_forest,aac_ctd,42
P23179,Q08004,0,0.5033333333333333,1,homology_30,random_forest,aac_ctd,42
Q02256,Q06091,0,0.5766666666666667,1,homology_30,random_forest,aac_ctd,42
P02294,P40960,0,0.49,0,homology_30,random_forest,aac_ctd,42
P42934,Q12044,0,0.38,0,homology_30,random_forest,aac_ctd,42
P38351,P51601,0,0.49333333333333335,0,homology_30,random_forest,aac_ctd,42
P04050,Q12468,0,0.49333333333333335,0,homology_30,random_forest,aac_ctd,42
P10823,Q03976,0,0.5166666666666667,1,homology_30,random_forest,aac_ctd,42
P16649,P38072,0,0.48,0,homology_30,random_forest,aac_ctd,42
P32387,P38194,0,0.44666666666666666,0,homology_30,random_forest,aac_ctd,42
P32618,P81449,0,0.4533333333333333,0,homology_30,random_forest,aac_ctd,42
P38811,P42845,0,0.5133333333333333,1,homology_30,random_forest,aac_ctd,42
O74700,Q00955,0,0.53,1,homology_30,random_forest,aac_ctd,42
P38742,Q03697,0,0.36333333333333334,0,homology_30,random_forest,aac_ctd,42
P53740,Q99189,0,0.51,1,homology_30,random_forest,aac_ctd,42
P13259,P38194,0,0.49333333333333335,0,homology_30,random_forest,aac_ctd,42
P14832,P53212,0,0.5633333333333334,1,homology_30,random_forest,aac_ctd,42
P32486,P40563,0,0.52,1,homology_30,random_forest,aac_ctd,42
P04051,P54837,0,0.47333333333333333,0,homology_30,random_forest,aac_ctd,42
P38886,P53344,0,0.51,1,homology_30,random_forest,aac_ctd,42
P32447,Q12161,0,0.52,1,homology_30,random_forest,aac_ctd,42
P53628,Q12233,0,0.32666666666666666,0,homology_30,random_forest,aac_ctd,42
Q03944,Q03973,0,0.39666666666666667,0,homology_30,random_forest,aac_ctd,42
P08431,Q03691,0,0.4666666666666667,0,homology_30,random_forest,aac_ctd,42
P07276,P23642,0,0.5666666666666667,1,homology_30,random_forest,aac_ctd,42
P12383,P53044,0,0.51,1,homology_30,random_forest,aac_ctd,42
P25719,P32486,0,0.5,1,homology_30,random_forest,aac_ctd,42
P46678,Q03920,0,0.4033333333333333,0,homology_30,random_forest,aac_ctd,42
P38744,P47150,0,0.44,0,homology_30,random_forest,aac_ctd,42
P02294,Q12691,0,0.44333333333333336,0,homology_30,random_forest,aac_ctd,42
P32387,Q04368,0,0.5333333333333333,1,homology_30,random_forest,aac_ctd,42
P20457,P48232,0,0.5033333333333333,1,homology_30,random_forest,aac_ctd,42
Q06675,Q12300,0,0.39666666666666667,0,homology_30,random_forest,aac_ctd,42
Q00916,Q06675,0,0.52,1,homology_30,random_forest,aac_ctd,42
P34240,P47042,0,0.5,1,homology_30,random_forest,aac_ctd,42
P26754,P51601,0,0.55,1,homology_30,random_forest,aac_ctd,42
P25656,Q04477,0,0.4866666666666667,0,homology_30,random_forest,aac_ctd,42
P27472,Q12443,0,0.5033333333333333,1,homology_30,random_forest,aac_ctd,42
P38817,Q03782,0,0.6533333333333333,1,homology_30,random_forest,aac_ctd,42
P02294,P40563,0,0.49333333333333335,0,homology_30,random_forest,aac_ctd,42
P32585,P38328,0,0.49666666666666665,0,homology_30,random_forest,aac_ctd,42
P23291,Q04062,0,0.4666666666666667,0,homology_30,random_forest,aac_ctd,42
P04386,Q12082,0,0.37,0,homology_30,random_forest,aac_ctd,42
P46677,P53344,0,0.4866666666666667,0,homology_30,random_forest,aac_ctd,42
P51601,Q12300,0,0.36666666666666664,0,homology_30,random_forest,aac_ctd,42
P32479,Q12335,0,0.37333333333333335,0,homology_30,random_forest,aac_ctd,42
P38247,Q02574,0,0.45666666666666667,0,homology_30,random_forest,aac_ctd,42
P39705,Q12161,0,0.43333333333333335,0,homology_30,random_forest,aac_ctd,42
P38744,Q06644,0,0.33,0,homology_30,random_forest,aac_ctd,42
P35210,P47110,0,0.5266666666666666,1,homology_30,random_forest,aac_ctd,42
P53094,Q02776,0,0.48333333333333334,0,homology_30,random_forest,aac_ctd,42
P32618,Q08004,0,0.5666666666666667,1,homology_30,random_forest,aac_ctd,42
Q04067,Q07350,0,0.6666666666666666,1,homology_30,random_forest,aac_ctd,42
P53552,Q04225,0,0.56,1,homology_30,random_forest,aac_ctd,42
P36121,P38820,0,0.5566666666666666,1,homology_30,random_forest,aac_ctd,42
P32916,P40485,0,0.6133333333333333,1,homology_30,random_forest,aac_ctd,42
Q02895,Q04675,0,0.4766666666666667,0,homology_30,random_forest,aac_ctd,42
P07276,P25655,0,0.5233333333333333,1,homology_30,random_forest,aac_ctd,42
P32939,Q12161,0,0.43,0,homology_30,random_forest,aac_ctd,42
P32832,P47012,0,0.49333333333333335,0,homology_30,random_forest,aac_ctd,42
P07560,P38723,0,0.41333333333333333,0,homology_30,random_forest,aac_ctd,42
P07276,P38748,0,0.51,1,homology_30,random_forest,aac_ctd,42
Q03944,Q06675,0,0.47,0,homology_30,random_forest,aac_ctd,42
P08678,Q08208,0,0.5633333333333334,1,homology_30,random_forest,aac_ctd,42
Q12055,Q12161,0,0.4633333333333333,0,homology_30,random_forest,aac_ctd,42
P32783,P40510,0,0.5766666666666667,1,homology_30,random_forest,aac_ctd,42
Q08004,Q12149,0,0.5433333333333333,1,homology_30,random_forest,aac_ctd,42
P38194,Q06675,0,0.48,0,homology_30,random_forest,aac_ctd,42
P47110,Q08911,0,0.49,0,homology_30,random_forest,aac_ctd,42
P40077,P48836,0,0.5266666666666666,1,homology_30,random_forest,aac_ctd,42
P46669,Q07688,0,0.59,1,homology_30,random_forest,aac_ctd,42
P32558,Q12411,0,0.5933333333333334,1,homology_30,random_forest,aac_ctd,42
P38727,P40453,0,0.37666666666666665,0,homology_30,random_forest,aac_ctd,42
P53280,Q05016,0,0.6366666666666667,1,homology_30,random_forest,aac_ctd,42
O74700,P40960,0,0.6,1,homology_30,random_forest,aac_ctd,42
P12954,Q03735,0,0.49,0,homology_30,random_forest,aac_ctd,42
P30606,Q08004,0,0.3466666666666667,0,homology_30,random_forest,aac_ctd,42
P32387,Q12691,0,0.49,0,homology_30,random_forest,aac_ctd,42
P33441,P36049,0,0.54,1,homology_30,random_forest,aac_ctd,42
P13433,Q04603,0,0.49666666666666665,0,homology_30,random_forest,aac_ctd,42
P20053,P54791,0,0.5533333333333333,1,homology_30,random_forest,aac_ctd,42
P01123,P21657,0,0.5566666666666666,1,homology_30,random_forest,aac_ctd,42
P02294,P38970,0,0.5133333333333333,1,homology_30,random_forest,aac_ctd,42
P32832,P42934,0,0.26666666666666666,0,homology_30,random_forest,aac_ctd,42
P20457,P53912,0,0.6033333333333334,1,homology_30,random_forest,aac_ctd,42
P33296,P41834,0,0.61,1,homology_30,random_forest,aac_ctd,42
P13259,Q12159,0,0.5366666666666666,1,homology_30,random_forest,aac_ctd,42
P46682,P53115,0,0.5066666666666667,1,homology_30,random_forest,aac_ctd,42
P33754,P46677,0,0.5466666666666666,1,homology_30,random_forest,aac_ctd,42
