split,split_label,difficulty,model,n_train,n_test,roc_auc,pr_auc,f1,mcc,balanced_accuracy,accuracy,precision,recall,specificity,brier_score,ece
random,Random (R0),0,logistic_regression,8931,2233,0.6398948476301409,0.6149205748482185,0.6156521739130435,0.20864878805294418,0.6041335759185992,0.6041200179131213,0.597972972972973,0.6344086021505376,0.5738585496866607,0.2392518658828583,0.044245882790838506
random,Random (R0),0,mlp,8931,2233,0.7010329126596779,0.680113241303222,0.6605019815059445,0.3096487952511187,0.6547323379636314,0.6547245857590686,0.6493506493506493,0.6720430107526881,0.6374216651745748,0.2296699662871464,0.08963717351929285
random,Random (R0),0,random_forest,8931,2233,0.6844526429279656,0.6547761985838771,0.6710798510550269,0.2920424707597561,0.6440137432895974,0.6439767129422301,0.6233666410453498,0.7267025089605734,0.5613249776186213,0.22717594665870527,0.0591700253769219
random,Random (R0),0,xgboost,8931,2233,0.6756432841424322,0.6505982353215916,0.6326440827100748,0.25230950308936057,0.6260717391374104,0.6260635915808329,0.6214347450302506,0.6442652329749103,0.6078782452999105,0.26373664951627535,0.1768116193451905
seen_seen,Seen-seen (R1),1,logistic_regression,5703,1426,0.6599992120400284,0.6530428299124633,0.637661454792658,0.2517591776274604,0.6259297927665275,0.6262272089761571,0.6415868673050615,0.6337837837837837,0.6180758017492711,0.23507667855164333,0.06595554236329668
seen_seen,Seen-seen (R1),1,mlp,5703,1426,0.6966137420219053,0.6836988658436529,0.6792207792207792,0.3050286341635088,0.6514833346466,0.6535764375876578,0.65375,0.7067567567567568,0.5962099125364432,0.22648152060505772,0.06725983709290796
seen_seen,Seen-seen (R1),1,random_forest,5703,1426,0.700694389725002,0.6850127914770375,0.6877828054298643,0.32061469189997804,0.6590221416752029,0.6612903225806451,0.6592317224287485,0.7189189189189189,0.5991253644314869,0.22416349540283625,0.07722066386161754
seen_seen,Seen-seen (R1),1,xgboost,5703,1426,0.6953727050665826,0.6877384471205676,0.6582278481012658,0.27878755763166047,0.6391773697896146,0.6402524544179523,0.6491458607095927,0.6675675675675675,0.6107871720116618,0.2571096391665228,0.182065439393527
one_unseen,One-unseen (R2),2,logistic_regression,5703,3570,0.6059702879765277,0.5686088455121603,0.5802707930367504,0.15031536210286098,0.5750842150479292,0.5745098039215686,0.5605979711692471,0.6013745704467354,0.5487938596491229,0.2544897035121977,0.09909462561504685
one_unseen,One-unseen (R2),2,mlp,5703,3570,0.6262512936838086,0.587331391166446,0.6039387308533917,0.19083949196903316,0.5952082202930005,0.5943977591036415,0.5780104712041885,0.6323024054982818,0.5581140350877193,0.25566539931036253,0.11509928995771274
one_unseen,One-unseen (R2),2,random_forest,5703,3570,0.6516425074355419,0.6026333465586029,0.6319644258435784,0.2183313620909016,0.6077208431301622,0.6058823529411764,0.5816080885893115,0.6918671248568156,0.5235745614035088,0.23242006847183316,0.028718954248366086
one_unseen,One-unseen (R2),2,xgboost,5703,3570,0.64085453467575,0.5945419215519064,0.5985974754558204,0.19881901632588297,0.5994152046783626,0.5991596638655462,0.5865860362836723,0.6111111111111112,0.5877192982456141,0.2890928658984339,0.21831014478991345
both_unseen,Both-unseen (R3),3,logistic_regression,5703,462,0.5581364804773252,0.5227902441540748,0.5482456140350878,0.10859416273880285,0.5543276357018219,0.5541125541125541,0.5364806866952789,0.5605381165919282,0.5481171548117155,0.2752975684445243,0.1436232377594804
both_unseen,Both-unseen (R3),3,mlp,5703,462,0.5874064206240501,0.549074416943848,0.5738396624472574,0.1291015131420871,0.5643469613674316,0.5627705627705628,0.5418326693227091,0.6098654708520179,0.5188284518828452,0.27266046184708437,0.14668809747084288
both_unseen,Both-unseen (R3),3,random_forest,5703,462,0.5866652907293093,0.5230232068327887,0.5670995670995671,0.13556110100005628,0.5677805505000282,0.5670995670995671,0.5481171548117155,0.5874439461883408,0.5481171548117155,0.2422886964886965,0.03513708513708513
both_unseen,Both-unseen (R3),3,xgboost,5703,462,0.6330750323657992,0.5969617552244493,0.5861297539149888,0.19829470503664864,0.5991613036381035,0.5995670995670995,0.5848214285714286,0.5874439461883408,0.6108786610878661,0.29741480371591134,0.22229338766305476
homology_50,50% identity,4,logistic_regression,7227,450,0.6084387351778656,0.5836256606557738,0.6147368421052631,0.1854711563876013,0.5923913043478262,0.5933333333333334,0.5959183673469388,0.6347826086956522,0.55,0.25145034297317637,0.08009763578444512
homology_50,50% identity,4,mlp,7227,450,0.5838339920948616,0.5668569021805907,0.570230607966457,0.08715509211520224,0.5433794466403162,0.5444444444444444,0.5506072874493927,0.591304347826087,0.4954545454545455,0.31350207479405007,0.2579440699429616
homology_50,50% identity,4,random_forest,7227,450,0.6298418972332016,0.6030908376314021,0.6061855670103092,0.1495197661300249,0.5741106719367588,0.5755555555555556,0.5764705882352941,0.6391304347826087,0.509090909090909,0.23512567901234566,0.0566962962962963
homology_50,50% identity,4,xgboost,7227,450,0.5830632411067194,0.5681011734013732,0.5625,0.12967502539261475,0.5648221343873517,0.5644444444444444,0.5779816513761468,0.5478260869565217,0.5818181818181818,0.31598095090840606,0.23979123836590185
homology_40,40% identity,5,logistic_regression,7111,423,0.6183991356412912,0.5377939453194103,0.5882352941176471,0.18159910789491043,0.5907239004186737,0.5862884160756501,0.5411255411255411,0.6443298969072165,0.537117903930131,0.24835385597365903,0.08245957232626787
homology_40,40% identity,5,mlp,7111,423,0.5860307027416378,0.530761908721954,0.5619047619047619,0.13648431747365986,0.5683158510781974,0.5650118203309693,0.5221238938053098,0.6082474226804123,0.5283842794759825,0.32082810665251676,0.2553124070069672
homology_40,40% identity,5,random_forest,7111,423,0.6409084770179624,0.6184139524154961,0.6170678336980306,0.19938898996433435,0.5970265160041417,0.5862884160756501,0.5361216730038023,0.7268041237113402,0.4672489082969432,0.23310415024954032,0.08033884948778565
homology_40,40% identity,5,xgboost,7111,423,0.5868185296898213,0.5223848830558814,0.5484633569739953,0.10448836267050826,0.5522441813352541,0.5484633569739953,0.5065502183406113,0.5979381443298969,0.5065502183406113,0.3114793296289286,0.24392749700281355
homology_30,30% identity,6,logistic_regression,7174,419,0.5564291900268928,0.5286511232329846,0.5806451612903226,0.1305629048198733,0.5651921236154793,0.5656324582338902,0.5701357466063348,0.5915492957746479,0.5388349514563107,0.2705421628036317,0.12277387331899746
homology_30,30% identity,6,mlp,7174,419,0.5443274533935001,0.5452699753281578,0.548926014319809,0.09815853047085099,0.5490792652354255,0.548926014319809,0.558252427184466,0.539906103286385,0.558252427184466,0.3957350536408873,0.3699854994936477
homology_30,30% identity,6,random_forest,7174,419,0.5758124800583435,0.5755934361551348,0.57847533632287,0.10140535592248832,0.5503897169424312,0.5513126491646778,0.5536480686695279,0.6056338028169014,0.49514563106796117,0.2508430124635375,0.03902943516308671
homology_30,30% identity,6,xgboost,7174,419,0.5539906103286385,0.5444536969905338,0.5613207547169812,0.11207073426892336,0.5560417521309085,0.5560859188544153,0.5639810426540285,0.5586854460093896,0.5533980582524272,0.325736913401789,0.25122402019816537
homology_20,20% identity,7,logistic_regression,7043,445,0.6101626016260162,0.5445962794716626,0.57847533632287,0.16266114708201415,0.5813008130081301,0.5775280898876405,0.5352697095435685,0.6292682926829268,0.5333333333333333,0.250466360782529,0.0860427652968594
homology_20,20% identity,7,mlp,7043,445,0.5855691056910569,0.5061156063019174,0.5145631067961165,0.09617535116012296,0.548119918699187,0.550561797752809,0.5120772946859904,0.5170731707317073,0.5791666666666667,0.3245600878700352,0.27443563208888244
homology_20,20% identity,7,random_forest,7043,445,0.6600406504065041,0.5914049182563077,0.6233766233766234,0.23371484135938575,0.6158028455284552,0.6089887640449438,0.5603112840466926,0.7024390243902439,0.5291666666666667,0.2313938826466916,0.048591760299625496
homology_20,20% identity,7,xgboost,7043,445,0.6248577235772358,0.5496300844718606,0.5977011494252874,0.21692923181134657,0.608739837398374,0.6067415730337079,0.5652173913043478,0.6341463414634146,0.5833333333333334,0.2983348515576335,0.2326694568221489
