protein_a,protein_b,label,y_prob
O44371,P91870,1,0.9999978920165506
O16198,Q9NF14,1,0.9995891884794261
O18302,Q22227,1,0.9999996339790825
Q22847,Q95QA6,1,0.9999984419436793
O17670,Q19007,1,0.9999969985015735
gi:17553408,gi:32566959,1,0.9999998285437889
Q22174,Q22227,1,0.9999813514526353
P39745,Q9N5V2,1,0.9999999649000358
Q9XUB3,gi:29570505,1,0.999944690878424
O45666,O45987,1,0.9971731815322222
O44606,Q20712,1,0.999999999999815
P34605,gi:32566959,1,0.9151965523359374
Q18964,Q95ZS5,1,0.9999978070903084
O01576,P43509,1,0.9999999994187172
O45666,Q9TVX9,1,0.9999966285591997
Q22660,Q95Q26,1,2.608216764285551e-07
O01255,Q9GSQ0,1,0.9999983770745171
Q23158,Q9UB29,1,0.9999551147834672
P91080,Q22631,1,0.99913383874168
P91056,Q17878,1,0.9622789677457096
P90745,Q9NET4,1,0.9999996157093023
O18657,P41941,1,0.030918482721232248
O61208,Q9N4I4,1,0.9999831936764149
O45521,Q22837,1,0.99999999429441
Q9TZ39,Q9XUL9,1,0.9999970064179956
O16453,Q22623,1,0.9999961743146476
O45521,Q18000,1,0.9999991186595283
O45449,Q9U4L0,1,0.998893430787077
Q17958,Q23595,1,0.9999494502495744
Q09349,Q93375,1,0.9999524279838253
Q18033,Q9N4B8,1,0.6523637120157454
O17763,Q95QA6,1,0.9999999280463464
Q20979,Q23158,1,0.9999999986870429
Q18406,gi:32563802,1,0.9939895286948734
Q9GYR5,Q9TZ39,1,0.9999908217645256
O16946,gi:17553966,1,0.9999983100350307
P34546,Q27874,1,0.9999999926863508
Q9GS00,gi:30025087,1,0.8931882231620432
O01961,Q18953,1,0.9436513845931729
Q20084,Q9U1S2,1,0.9999999999816291
Q09620,gi:17537175,1,0.9953073577784228
O18209,P91505,1,0.9976204874738286
Q9NES7,gi:25150348,1,1.0
Q95Y94,gi:21392634,1,0.9999999999863749
Q22479,Q9N597,1,0.999996282774718
O61799,Q20084,1,0.9935334520770774
Q18885,Q9N2Z8,1,0.9723779735760594
O17723,Q09989,1,0.9999998923673299
P91001,Q8MXI4,1,2.6556586368594516e-05
Q18239,Q95QA6,1,0.9999998670680402
O76828,gi:17569097,1,0.9999817623834791
Q20577,Q9U2W6,1,0.9999999996047844
Q93375,Q9NA39,1,0.9997043923603165
Q93573,Q95QC4,1,0.9995831641214897
O45603,Q18268,1,0.9999992647305304
P92004,Q9U2R6,1,0.9453847683096664
O16519,O45521,1,0.9999992002312711
Q18240,Q21793,1,0.00019484920021536128
Q95QC4,Q9N5N7,1,0.9999999958636145
O16500,P91479,1,0.9999999999999518
Q18192,Q9TZ39,1,0.9999999997064846
Q22012,Q9XW13,1,0.9999972775546829
Q17539,Q20778,1,0.9999999977991669
O44606,Q9NES7,1,1.0
Q94261,Q9N359,1,0.8695140922067556
Q19969,Q9U1T6,1,0.999999952238071
O45105,Q21453,1,0.9999999999999998
Q20198,Q95QA6,1,0.9999999400894017
O18203,Q18843,1,0.9999992662510938
Q9GYK1,Q9XTG1,1,0.9999999999940754
P53013,Q9XVA3,1,0.9999493440880577
Q22849,Q23520,1,0.9999991611201092
O17801,O62332,1,0.9995976687669282
O17670,Q18999,1,0.9999977534006471
gi:17554366,gi:25150846,1,0.9958405215930434
P91276,Q9N2K7,1,0.9999992583448636
O44772,Q22886,1,0.999999989734747
O45521,O61967,1,0.9999999944974582
Q17878,Q20712,1,0.9995310180504992
O45521,Q9N5S5,1,0.9999999999354072
O18246,P53016,1,0.8751964654508279
O01794,Q95Q26,1,0.9999999512631631
Q21701,gi:17563260,1,0.9999994377425657
Q22174,gi:25149417,1,0.9999998223628852
Q27535,Q9U2K1,1,0.011891359517622123
P55853,Q23158,1,0.9999978111575023
Q21993,gi:17534721,1,0.998110177936381
P53489,Q21592,1,0.9946112771064679
O17670,Q11103,1,0.9999999996856466
O17244,O17915,1,0.995800085019413
Q23664,Q9TZ39,1,0.9999999999938831
P91249,Q22799,1,0.05318973986711672
O01301,O45521,1,0.999999833821536
gi:14018161,gi:17555418,1,0.9850434057946833
Q21746,Q9BIB5,1,0.9999999611418939
O61521,Q9TZA7,1,0.8541677818990451
O45521,Q9TZH9,1,0.9999998394683114
Q95QC4,gi:17511075,1,0.9999997814401829
O01482,O61208,1,0.9999999972211688
O01497,Q09506,1,0.9999999993634117
O62462,Q17958,1,0.9999970383622713
Q20577,Q8I7I0,1,0.9999999960585337
O62127,P91505,1,0.9615754575787187
O17670,Q95ZK7,1,0.9999964478414842
Q18089,Q9TZA7,1,0.2922438524688772
P29355,Q9XU98,1,0.9999919549497263
P46563,Q9TZA7,1,0.998595607046096
Q17339,Q18089,1,0.9999929034399326
Q20052,Q9TZ84,1,0.9999999999870361
Q09485,Q9N3Z0,1,0.9999999997902915
Q9N5S5,Q9TZ39,1,0.999999999945967
O45764,P17330,1,0.9999999669245787
Q9U3S0,gi:25151716,1,0.9659037751222206
O01869,Q9NF15,1,0.9999706903986278
P47991,Q18516,1,0.9998821758725089
O02639,Q9XVA3,1,0.9999999217882941
Q95QC4,Q9U2A0,1,7.242589979808321e-05
P90925,Q9XX47,1,0.9746135673624807
P91374,Q9GSQ0,1,0.9999984631451289
Q22799,Q9N432,1,0.9994531013645511
P34604,Q22227,1,0.9999991822498259
O45436,Q17446,1,0.999987169438979
O44720,Q19370,1,0.9999747209981759
Q9U2H4,gi:17553966,1,0.9999999818067816
O61208,Q9U1T6,1,0.9999999994828972
Q20660,gi:17556801,1,0.9999998077473901
Q21648,gi:17536521,1,0.999999999234062
O45303,P34475,1,0.9999344184463577
O01482,Q22227,1,0.9999999997604565
Q17958,Q18502,1,0.9999911663170955
P05690,Q19294,1,0.9977407892659722
P91419,Q21351,1,0.9999999999991913
Q9N582,Q9TZ39,1,0.9999999999418387
P91820,Q17359,1,0.9999999999287521
O45935,gi:30424329,1,0.9999999007729093
O44949,Q9Y048,1,0.9999997446603835
P21541,Q23472,1,0.9966473417471493
Q17878,Q9XU12,1,0.9999120209908948
Q9N2Z7,Q9TZ39,1,0.9999999760220871
O17670,Q9N4Q7,1,0.9999875403978697
O17624,Q21412,1,0.9509256155996538
Q11093,Q9N2Z8,1,0.9999999200350267
Q9XU77,Q9XW30,1,0.9999786308194376
Q19120,Q22499,1,0.9999978585885583
O18302,gi:25150348,1,0.9999999989607369
P91001,Q9XYC3,1,0.014589203292917094
P51875,Q965M4,1,0.9999812183105314
O17670,Q21134,1,0.9999999980200551
Q17940,Q22174,1,0.9999999997782165
Q8MQ36,Q9XUS9,1,0.9999999609577452
O45607,Q21493,1,0.9999997314432925
O44400,Q9NAD6,1,0.9998013655236904
Q17757,Q8MPT7,1,0.9973373069415106
P21541,gi:17554366,1,0.9983804037117808
Q9BL58,Q9XX87,1,0.9999999971026485
O44414,Q20483,1,0.9999368788219455
O44656,O44732,1,0.9999999999579092
O44606,P30632,1,0.9999999999991493
O17156,Q18727,1,0.9999754955544762
O44739,Q93601,1,0.9999373417579152
Q20798,Q95Y80,1,2.1189024503178288e-05
Q9TZH8,gi:14018161,1,0.9984139250332882
Q95QA6,Q9BKS4,1,0.9999999997934248
Q23158,Q9XVW8,1,0.9358700113618106
Q9XUS3,Q9XVF7,1,0.9678933065075098
P34460,Q9XVA3,1,0.9999999998773725
Q95Q26,Q95YC6,1,0.9999805767607857
O16736,O45323,1,0.9999999948209937
P34808,Q94420,1,0.9997340123929512
Q19211,Q9U348,1,1.0
Q27363,Q9NAE1,1,0.8811895405082945
O16370,P91080,1,0.9999937741266588
O76640,Q10577,1,0.9999999889381354
Q09406,Q19895,1,0.9703884078094283
O17670,Q21021,1,0.9999995919821945
O01482,P91280,1,0.9999999972959004
Q9XVD1,gi:17553966,1,0.9999999930282157
Q27420,Q9Y048,1,0.0033105581372845083
Q19290,Q27473,1,0.9818172244919408
O45577,Q21126,1,0.995863437782898
Q19440,Q23624,1,1.2311585039885627e-06
Q19424,Q22860,1,0.9999999777920463
Q21215,Q9XYC3,1,0.9999854646388168
gi:17534721,gi:17554366,1,0.9168901308471902
Q17359,Q27420,1,0.9999977743891146
Q09581,Q9XV56,1,0.999988680993085
Q21355,Q22544,1,0.9999999998389653
Q18426,Q95Q26,1,0.9999999640121644
O45764,Q9NES7,1,1.0
O17378,Q17539,1,0.9915271818192136
O01802,P34546,1,0.964239498298148
O61828,Q9U238,1,0.9999999314932888
Q18646,Q9TYJ0,1,0.9999999620382057
P18835,gi:25155179,1,0.9999999999999263
Q17492,Q9U9Y8,1,0.9946951758057067
Q9TZ39,Q9U1S2,1,0.9999999999993261
Q8MQ88,Q9N3V9,1,0.9999999933990029
O61843,P34420,1,0.9938218434056768
O02244,Q9TZ39,1,0.9999590445590922
O01255,Q02330,1,0.999964173195006
Q17339,Q9XUV5,1,0.9999999237553532
O18180,Q9N3T6,1,0.9465303570352844
O45189,Q17385,1,0.9999999999484508
Q9BL70,Q9TZ39,1,0.9993860642376271
Q20681,Q9TZ39,1,0.9999999999779963
Q94261,Q9GRZ9,1,0.4807471107701268
Q18516,Q9XWW1,1,0.9926942742918315
Q18668,Q21449,1,0.9997033989484219
Q19684,Q9TZA7,1,0.9999949647993019
Q17935,Q9XV46,1,0.9999997056103126
Q17446,gi:17554366,1,0.9893840022619139
O76725,P30625,1,0.9998845840983849
Q9XUS9,gi:25150348,1,0.9999999952825456
P91249,Q19503,1,0.9999999985577384
Q23333,Q93758,1,0.9992294328954496
Q19162,Q95QA6,1,0.9929908358765739
O44606,Q17865,1,0.9999999999999198
O45666,Q9N4Q7,1,0.9893691251024099
Q19988,Q22799,1,0.041059147691618614
O17916,P47209,1,0.05701283072019933
Q9TZ39,gi:17557035,1,0.9999976642914424
Q94420,Q9GYQ9,1,0.9999999507168555
Q18488,Q9XW88,1,0.986926254419808
Q22544,Q95YA5,1,0.9999999999917228
Q22179,Q22352,1,0.9999999997424105
Q20052,Q9U1T6,1,1.0
O45734,Q22227,1,0.9999860761345032
O44490,Q95QA6,1,0.9999999831365719
P91001,Q22837,1,0.99775586033294
O01869,Q95X91,1,0.9896539390525781
Q17446,Q18846,1,0.9997416661947666
Q09957,Q21746,1,0.999999999979517
Q09384,Q22227,1,0.9999999999846496
P30642,Q9XU77,1,0.9618513746435224
O61708,Q17359,1,0.9999999784259834
O01869,Q17648,1,0.9999999917558088
Q94188,Q9U1W5,1,1.0
O18302,gi:25144933,1,0.9999731728330999
P30625,Q20177,1,0.4914521937081124
O18302,Q21418,1,0.99999999999969
O45734,P30642,1,0.9545444178784954
O02353,Q22388,1,0.9999999341310343
O18257,Q09535,1,0.999615233482738
O17759,Q9N5U5,1,0.0034793917768563723
O17670,Q9U3J5,1,0.999999982917911
Q22619,Q95R07,1,0.9997968519369287
Q9XV52,gi:25144646,1,0.9910528225606798
Q23382,gi:32564813,1,0.6999132813203766
O45521,Q9BHL1,1,0.9999969043039595
Q17359,Q18937,1,0.9999999999996818
Q20950,Q22174,1,0.9999966082360243
Q20956,Q9XW76,1,0.9999999999440714
Q95QA6,Q9TYY2,1,0.9999993684860011
Q22174,Q95ZV8,1,0.9999982714057825
P10983,Q18033,1,0.9984881083765986
O62068,Q20084,1,0.9954595069918237
Q9BL58,Q9U1T6,1,0.9999999999901856
Q23158,Q95QA6,1,0.9999998444828857
Q17446,Q93637,1,0.9999999991614159
Q23158,Q9GYR3,1,0.9999999999999962
P34808,Q17760,1,0.9999996660426812
P30632,Q18989,1,0.9999996400710681
O02065,O17670,1,0.9999994094887193
Q09479,Q95Q26,1,0.999999996427053
Q18318,Q22174,1,0.9998308550652241
Q17339,gi:17542710,1,0.9999117293655195
P49405,gi:25151713,1,0.020110021956313028
Q21344,Q95QA6,1,0.9999999266230004
O02482,Q9XVV3,1,0.5369898240510673
Q22837,gi:32564316,1,0.9999999820384987
Q8MYM0,Q9TZ39,1,0.9999999990845525
Q93635,Q95QA6,1,0.9999999814017314
Q22048,gi:25150348,1,1.0
Q17878,gi:17535271,1,0.9999972381324729
Q21954,Q22837,1,0.9999428015348429
O45922,gi:17554122,1,0.9999999889229786
O45521,Q09620,1,0.9999999943791629
Q20435,Q22174,1,0.9993416639887794
P10567,Q966M3,1,0.985152592519369
O44820,O61208,1,0.9997598895944313
Q93379,gi:25155179,1,0.005911698544743175
Q20502,Q9TZ39,1,0.9998848219060682
O02365,Q95Q26,1,0.9999558729779371
Q22174,Q9N5S8,1,0.9999964758589774
Q09566,gi:17565204,1,0.7575461906629697
Q9N428,Q9NGT3,1,0.9999866792738921
O45922,Q19403,1,0.9999715491711676
Q18776,gi:32566959,1,0.9999901799042724
Q94420,Q9N3I5,1,0.9999999997192874
Q20665,Q9N3F2,1,0.9999997901172099
Q09485,Q21418,1,0.9999999999999665
Q9NES7,Q9XVA3,1,1.0
O76670,Q9NAE1,1,0.9991246760105583
P91001,Q9U3S0,1,0.10056644734745794
O44490,Q9TZ39,1,0.9999999999905389
Q21636,Q9U9Y8,1,0.9999999999965994
O45469,Q9NAE1,1,0.9993263930380533
O45521,O45799,1,0.9999999996898175
Q18033,Q8ST15,1,0.9952665049048108
Q22068,Q9N2Z8,1,0.7785436163699557
P91126,Q95Q26,1,0.9999999589466303
O01427,Q9GSQ0,1,0.9987687134325267
Q17381,Q23158,1,0.9953827760372844
Q18266,Q9TZ39,1,0.9999999760723103
O01916,Q9XXA2,1,0.5111728705339961
Q9BL19,Q9XW76,1,0.9177453808679229
Q21344,gi:25150348,1,0.9999999993852187
Q18164,gi:6042188,1,0.9996014293982326
Q95PV4,Q9U2R6,1,0.9999999892659307
P42171,Q9NF11,1,0.9999990498343023
Q9XXI4,gi:32566959,1,0.9999996069313593
Q95XM4,gi:17554086,1,0.9999994646778211
Q21559,Q9TZ39,1,0.9999999033504146
Q9N4A9,Q9NAD6,1,0.06121031419914206
O44552,Q9TZ39,1,0.999999994012035
O44858,Q09248,1,0.048787602679597974
O44750,Q22398,1,0.9999999514962091
O62238,Q09201,1,0.9999988812816026
O01900,Q17878,1,0.9999999999995617
P91487,Q21746,1,0.999999999207906
P50880,P91277,1,0.29897429313884083
O01869,Q9U3T2,1,0.9999999999835565
P47209,Q95ZV7,1,0.9155118017940849
Q965X6,Q9XXA2,1,0.9999862675298057
Q20347,gi:32566959,1,0.999551310309437
O44872,Q27498,1,0.9974923764982798
Q09560,Q9GYI4,1,0.998853098093941
O45166,Q20684,1,0.9986597784256276
O17850,P54812,1,4.888407075424409e-10
Q17935,Q23359,1,0.9999999997076741
Q09417,Q9XX47,1,0.07293062798192426
P52872,Q95Q26,1,0.9999991213607209
O16393,Q22227,1,0.999999999692897
P30642,Q20310,1,0.999998633586903
P35129,gi:32565768,1,0.9999105875516169
O17982,Q18529,1,0.9999999999991516
O45078,Q18033,1,0.9999999361750808
Q9TZ39,gi:17553604,1,0.9999999998889937
P45970,Q18165,1,0.9999979187200202
O45521,Q8I7I0,1,0.9999999992408786
P91419,gi:17542650,1,0.9999999999995905
Q9GYJ9,Q9N431,1,0.9593403296480599
Q17902,Q22799,1,0.7469806370206131
O44450,Q9XUP3,1,0.9999883308519704
O61208,P47991,1,0.9999996405475373
Q22030,gi:6042188,1,0.9997538898118459
Q18075,Q21648,1,1.0
Q22227,gi:17541224,1,0.6482289362790391
O45243,Q22799,1,0.9052934076510251
Q09501,Q95QA6,1,0.9999999987635027
O16500,Q27389,1,0.9999999999994149
Q23158,Q9UAQ2,1,0.9999758669647674
O17670,Q9XXU2,1,0.9999999999977727
O17801,Q966M3,1,0.7678988624145389
P91401,Q18427,1,0.9999977898014201
P91015,gi:25150157,1,0.9998589896413536
O18302,Q965X6,1,0.9999999443600542
O61975,Q19201,1,0.9920164808607532
Q09278,Q17549,1,0.9999968457352446
O62020,Q17359,1,0.9999999998003779
P47991,Q9U1X8,1,0.9994896655406251
Q94420,Q9NF71,1,0.9999994900120789
O44960,P39745,1,0.9965986535014297
O44447,Q17359,1,0.999999999999899
Q27537,gi:17553966,1,0.9999914969305161
P54812,Q9TXH9,1,0.9999974592947171
Q22631,Q9BL58,1,0.99999999909882
P91505,Q09417,1,0.9999373177743663
Q22799,gi:17554366,1,0.3143182644363175
Q9TZ39,Q9Y049,1,0.999998254202092
O16215,P91149,1,9.073862357025256e-05
P91820,Q19201,1,0.9999658748165717
Q17935,Q18043,1,1.0
Q21554,gi:17553604,1,0.9924724706672384
Q9TZ39,Q9XU77,1,0.9999975753973188
O16364,Q9UAT1,1,0.9999999820716011
O18672,Q18989,1,0.9999841771830051
O02425,Q17862,1,0.9999999787353968
O62505,Q22174,1,0.9999332746039266
P30625,Q95XK1,1,0.9991867975321889
P91505,Q17849,1,0.999996484612902
Q21648,Q93838,1,0.9998519731649687
O02353,Q9N5V2,1,0.9243875079134768
P42171,Q9TZ39,1,0.9999999999999198
P91820,Q9XW40,1,0.999934448743684
O16364,Q95XU5,1,0.9999998836014827
P41941,P54412,1,0.6276752952015124
Q17878,Q9N4P3,1,0.9999999889282746
Q09983,Q93721,1,0.9999999999939657
Q20577,gi:32565589,1,0.9999999999999714
Q95QA6,gi:17535271,1,0.9999999921882509
Q9XVQ9,gi:17553966,1,0.9999998658300246
O16364,Q95YE2,1,0.9999999999998062
P91503,Q95QA6,1,0.9999100513365762
O16948,Q19965,1,0.9999708128435831
O01900,Q95QA6,1,0.9999999999581011
Q9Y048,gi:17554570,1,0.5121778410820254
O45436,Q22799,1,0.002475862894431463
O17670,Q21361,1,0.9988766688074331
Q9TVQ2,gi:25150348,1,0.9999999999999536
O16552,Q9TZ39,1,0.9999999782225564
O16580,Q18530,1,0.9999964124247706
O17670,Q9BIC1,1,0.9999748812791833
O02043,Q9N4A9,1,0.9999566519263184
Q20000,Q9BL58,1,0.9999999999571203
Q9N517,gi:13324910,1,0.9999999991841451
Q23158,Q95017,1,0.5428895780618321
Q17635,gi:17554746,1,0.9999179636009873
Q9XU77,gi:17509417,1,0.9972092367714678
O16500,Q20223,1,0.9999999999999944
Q18776,Q20052,1,0.9999999999999976
O18036,Q95QA6,1,0.9999999997825
O17666,Q23158,1,0.991676904746686
Q09232,Q95YF3,1,0.9982378993010086
Q20485,Q9N582,1,0.9999998847731426
P91199,Q18964,1,0.9998751276606966
O18118,P05690,1,0.9999999999947602
Q20485,Q9N5N7,1,0.9999998634727763
Q23500,Q9U3S0,1,0.8396824896398938
Q9TVS4,Q9TYY1,1,0.9999999957257852
Q18668,Q9U1W8,1,0.9999990737762731
O17109,P39745,1,0.7846349082197974
Q19739,Q95Q26,1,0.9999974898570579
Q17862,Q20016,1,0.9999999795136001
Q18986,Q22174,1,0.9999756763804682
Q19633,Q21080,1,0.0002398922022538355
P91042,Q21592,1,0.9999998033353015
O18209,Q9N4U2,1,0.9999998782025916
P36573,Q09248,1,0.9998520084028449
O16695,P45962,1,0.9251358797752963
P30429,P42573,1,0.9998109575578434
Q18124,Q21746,1,0.4829196980557072
Q17793,Q9TZ39,1,0.9999999852201384
O44400,Q966M5,1,0.9997631361990771
O01502,O02065,1,0.32589941443322623
Q9TXP7,Q9XU77,1,0.9999999998109304
O17982,P91820,1,0.9999999998463529
O45003,Q18937,1,0.9915019898938097
O16500,Q09456,1,1.0
Q19826,Q20628,1,0.02671539900714337
P36573,Q17991,1,0.9999967821303809
Q9U9Y8,Q9Y050,1,0.9999999874816637
Q09969,Q9XYC3,1,0.9999967445805886
Q18241,Q23158,1,0.9999371675356596
O16500,Q9UAY0,1,1.0
Q93319,Q9NES8,1,0.9999994562191875
O45521,Q20198,1,0.9999969457493249
P36573,Q27864,1,0.99840128683121
P36573,Q93637,1,0.9999999990941819
Q09485,Q19059,1,0.9999988366775778
P34604,Q22174,1,0.9999998729615541
O17615,Q9TZ39,1,0.9999999596321988
Q23187,Q9GYJ9,1,0.9996200545710551
O02056,O16948,1,0.9997240950079367
P91015,gi:17554366,1,0.5328925213127352
Q18938,gi:32566959,1,0.995492500797305
Q9XWH0,gi:32564813,1,0.9999642800590229
O16997,Q22174,1,0.997568852677491
Q22966,Q23158,1,0.9999999695020625
Q9NA98,Q9XW79,1,0.480671556113787
Q9U1P3,gi:32566959,1,0.9658791497978004
P53016,Q18547,1,0.6077175819694618
O18302,O45865,1,0.9977138848504791
Q9N5V2,Q9U1P3,1,0.9999999483305411
Q20623,gi:17553966,1,0.9993579712809326
Q19325,Q19555,1,0.9995732324713891
O62519,gi:17565204,1,0.8887639452164265
Q19325,Q9TVH6,1,0.9782738537006578
Q20103,Q20888,1,0.999999955373396
P91820,Q17878,1,0.9999990839901276
P47209,Q21353,1,0.999999886101057
O45006,P21541,1,0.9514274522804457
O17646,P36573,1,0.9999968973066979
O16949,Q95QA6,1,0.9999994274320115
Q95QA6,Q9N582,1,0.9999999999997247
Q19770,Q8MYM0,1,0.9999999864236693
P10983,Q9U9Y8,1,0.9982957188476892
O01482,gi:14018161,1,0.9999999381481999
O62022,O76614,1,0.999988560693792
Q22035,Q9XU77,1,0.9999999450364226
O76566,Q18668,1,0.999957934656241
Q18951,Q95YF3,1,0.5073995546566459
Q21318,Q94188,1,1.0
Q9NA98,Q9U310,1,0.5313038533049739
O16299,Q95Q26,1,0.9999999742637382
Q17935,Q18165,1,0.9740036801326284
Q17868,Q22100,1,0.24854250141213868
Q17878,Q18241,1,0.999999592507375
Q95QC4,gi:32565589,1,0.9999999995782827
O62195,P55853,1,0.9829056408949206
Q17878,Q9N4I4,1,0.9990959670991207
O18289,Q09620,1,0.999955500518266
O18302,Q93654,1,0.9999994304486921
P34563,Q19835,1,0.9999784986229613
Q22676,Q9XTT2,1,0.9999999858774491
P49405,Q23158,1,0.5808479696817502
Q95Q26,Q95YA7,1,0.9999997701029653
Q19455,Q23158,1,0.9999994655876574
O01869,Q19035,1,0.999990442663673
P34609,gi:14018161,1,0.9961481742078702
O01496,Q9XW68,1,0.9999718108483034
Q95YF3,Q9XVF7,1,0.21029357099941962
Q23215,Q23520,1,0.9999888966885873
Q9TVX8,Q9TZ39,1,0.9999788585771486
Q95ZV9,Q9TZ39,1,0.9999999943428208
P45972,Q17878,1,0.9996002954007654
Q22573,Q8MYQ1,1,0.9214518945854997
Q09387,Q9U283,1,0.6958631708145424
Q93831,Q95QA6,1,0.9999995815659845
Q17935,gi:17557023,1,0.024123495889920774
P41829,Q22068,1,0.999999109111762
Q09318,Q9U2N6,1,0.9862749286902175
Q21215,gi:6042188,1,0.99999943219755
Q20344,gi:29570404,1,0.9999999770051732
Q18043,Q22174,1,0.9999999999999996
O02056,Q9TZ39,1,0.9997991881230266
Q09560,Q95QA6,1,0.9999991627843873
Q94126,Q9NAE4,1,0.9999999999972724
P91542,Q22820,1,0.9999996650049722
Q17878,Q965W3,1,0.9999998313220464
Q20798,gi:32564931,1,0.22204657923820534
P34808,gi:17554996,1,0.1888293848260829
O61521,Q9TZL9,1,0.9987750968086683
P34480,Q9XVJ2,1,0.9999935209171472
O17670,Q9XU77,1,0.9999999876947167
Q21018,Q9TZ39,1,0.9999995888258811
Q9TYV7,Q9XWH0,1,0.9999999779728892
Q9TZK8,Q9U3S0,1,0.9996292159778767
P91270,Q9TZ39,1,0.9999999035485518
P53013,Q17878,1,0.8549238507264537
Q19279,Q21648,1,1.0
Q22276,Q22799,1,0.9871710431500884
O45521,O61766,1,0.9999988003939246
O18203,Q20486,1,0.9999999531646415
Q17784,Q95QA6,1,0.9983758697438476
Q18379,Q9TZ39,1,0.9999999998742239
O16208,O44750,1,0.9993655757207077
O17070,Q9N597,1,0.9999999999999878
Q9GSX9,Q9N4B8,1,0.9999898146678491
O44821,P34657,1,0.9999999999520894
P91400,Q9GRZ0,1,0.9999909520241254
O01530,Q17381,1,0.9886460962538467
Q09364,Q9XX56,1,0.9999999999999944
Q20869,gi:25144646,1,0.9999286398550649
P27604,gi:7105649,1,0.39562849951761014
Q20611,Q95Q26,1,0.9999999999976308
Q22696,Q22799,1,0.9719799143234717
Q17599,Q9TZ39,1,0.9999988666197948
Q23333,Q9U307,1,0.9808895896359685
O44175,Q95Y89,1,0.07700707089704482
Q19989,Q95QA6,1,0.9999997265333089
O16364,gi:25150348,1,0.9999999999999931
Q03563,Q22554,1,0.999726152277113
O17670,Q17508,1,0.9999999992527073
Q27532,Q93375,1,1.5581811930050278e-05
Q17359,Q17796,1,0.9999999999771074
O17916,Q9N362,1,0.9567103221645061
P91988,Q966L2,1,0.9965039986295425
O17218,Q18688,1,0.9998471031781534
O17836,P34480,1,0.10633865611385505
Q09589,Q18584,1,0.9999997659930543
O17030,Q95Q26,1,0.9999999251003663
O17169,P91505,1,0.999999942051419
O17915,P51403,1,0.0010627018813486753
P90862,Q9XTG8,1,0.99999745445022
Q20198,gi:17554746,1,0.9942531495303837
Q21746,Q93721,1,0.9999999999821114
Q09997,gi:17554366,1,0.0074477149880522765
Q17878,Q9BIC1,1,0.999949530251319
O76449,Q9U3S0,1,0.9694617464686703
Q17776,Q9U2K8,1,0.9999991726258912
Q95QA6,Q9N4Z2,1,0.9999999948708307
Q20772,Q9XXA2,1,0.11258527175611614
Q09218,Q23158,1,0.999995845711569
Q9U1T6,gi:25150348,1,0.9999999999999596
Q17559,gi:32566844,1,0.9044961033147169
O17200,gi:17554384,1,0.9993207455289179
O17695,P34369,1,0.015004333551599898
P39745,Q21829,1,0.9999431992313028
Q19766,Q21746,1,0.7749984036065986
Q17868,Q23332,1,0.9999999900991295
O62195,Q965X6,1,0.9999981825067147
O02056,Q9XVA3,1,0.9999965222056978
Q19521,Q9XU77,1,0.9999999998963798
P30625,Q9GRZ0,1,0.9982487164793
P91277,Q93339,1,0.7854126141113476
O45831,Q20953,1,0.9999999407891329
O61708,gi:32564931,1,0.8473217962425974
Q18036,Q18516,1,0.9834638475753117
Q21952,Q95Y29,1,0.9999995458848886
Q17878,Q8I4L6,1,0.9999999999987201
O01869,Q23666,1,0.9999991601058316
O18118,P91419,1,1.0
Q03601,Q9U3S0,1,0.9877747485126428
Q9TZ39,Q9U3P1,1,0.9999678792654166
O61208,gi:25150348,1,0.9999999939799491
Q9N5D6,Q9U1W5,1,0.9999251429811499
O17982,Q23451,1,0.9999969541509794
Q20409,Q9XU77,1,0.999999142618326
gi:17565204,gi:32565876,1,0.9999926899702788
O44821,Q9XU77,1,0.9999990768797917
Q23679,Q9BI74,1,0.999999999999974
O45441,Q17339,1,0.9999999997409343
O01460,Q9NAE1,1,0.9889906774886503
P91419,Q9UAY0,1,1.0
O01802,Q9XVA3,1,0.999952603814484
O45734,Q9XXN3,1,0.9999978183263787
Q17878,Q20398,1,0.9999662649361489
Q17599,Q95QC4,1,0.9996327496939834
O76725,P91505,1,0.9999994609554449
Q21307,Q93321,1,0.9988280322530947
O16299,P55853,1,0.9998745382616167
Q20988,Q9XXR6,1,0.9999999974163933
Q95QM1,gi:32564931,1,0.9999997065910172
P27604,Q9U1P3,1,0.0035696221164462074
P39745,Q21229,1,0.9999905577136186
O45521,Q9N2Z7,1,0.999999997761261
Q09967,Q18479,1,0.9999998019704245
Q95Q26,Q9XVP7,1,0.9999999854509225
P27604,Q09227,1,0.9968448753149234
Q19872,gi:25144756,1,0.9269281279295428
Q9XTS1,Q9XW88,1,0.9999955775784284
Q23049,Q23158,1,0.9951653198573329
Q22190,Q9TYY1,1,0.9998130645224941
P39745,P91820,1,0.999997756779558
Q17359,Q18241,1,0.9999999956007883
Q17446,Q22436,1,0.999420836219588
Q9Y048,gi:25149523,1,0.9024786847678647
O18250,P30642,1,0.4971191458820824
Q17581,gi:14018161,1,0.002190536604707208
Q09620,Q23130,1,0.9999996420891646
Q17539,Q20437,1,0.9572201021049873
Q21344,Q22179,1,0.999999999981207
gi:17554366,gi:32563802,1,0.9047081769394903
Q9U3S0,Q9XXM6,1,0.9999999515865595
gi:17534779,gi:25141314,1,0.9999999999405988
O17916,P91042,1,0.999887622766218
Q19750,gi:25150348,1,0.999999999893592
O17908,gi:6042188,1,0.9994864266442083
O44631,gi:25150348,1,1.0
Q17446,Q9GRZ1,1,0.12470962178145478
Q9N4B6,Q9TZ39,1,0.9999999950841401
P48154,Q18516,1,0.8448727458705306
Q95Q26,Q9XXH0,1,0.9999960391120245
O16511,Q9TZA7,1,0.9999999999993643
O17915,P10983,1,0.0011878403841058907
Q09456,Q9N5U5,1,0.9999416776035707
Q18476,Q22977,1,0.9999944995004358
P30642,Q17878,1,0.9886178832325941
O45799,Q9XXI0,1,0.999999995060848
gi:25151685,gi:27713522,1,0.9999999998870288
O02065,Q17359,1,0.9999999926154419
Q19901,gi:25144646,1,0.9999949824842191
O44781,Q27535,1,0.9989461607490121
gi:17556654,gi:32566655,1,0.9822809808972582
P34629,Q9N5C5,1,0.9999021302429941
O18302,Q9XWJ8,1,0.9690938728103748
P91419,Q93637,1,0.9999999999995577
Q93156,Q9XWH0,1,0.9999999791483938
P91820,Q9XU77,1,0.9999999417097744
Q21648,gi:32565186,1,0.9999999866947737
Q18964,gi:25152251,1,0.9971929718161553
Q18183,gi:6042188,1,0.9999186729731078
O16519,Q95Q01,1,0.9999999844166738
gi:25151723,gi:25152916,1,0.021627746123328354
Q21128,gi:6042188,1,0.9999999994757249
Q23187,Q9N5B7,1,0.9997154456197618
Q23017,Q95QJ7,1,0.9986752215989605
Q18668,Q9XWR2,1,0.9999999999996809
Q27505,gi:17553966,1,0.9999999499075395
P51404,P81299,1,0.9999989276720317
gi:17550840,gi:25148095,1,0.8180332404638806
Q23158,Q9N580,1,0.9999999197499294
Q17381,gi:17568353,1,0.09814129880726885
P53013,Q9GSX9,1,0.933713118115041
Q19884,gi:14018161,1,0.010866565853441597
Q20676,Q94261,1,0.28104796752240363
Q22799,gi:25144933,1,0.09805865336685919
Q95QC0,gi:7105649,1,0.0017323749050184366
Q09983,Q20002,1,1.0
Q93716,gi:32566959,1,0.9999997463272328
Q17539,Q23192,1,0.9892050084128969
Q18535,Q22174,1,0.989980869366119
Q17868,Q20052,1,1.0
Q17961,Q21746,1,0.9999999891722214
gi:17563290,gi:6042188,1,1.0
P43509,P91400,1,0.9999525500618968
O16500,O17970,1,1.0
Q9BIB5,Q9BKP8,1,0.9999999859085642
O17641,Q22799,1,0.999999999982043
O45865,Q27531,1,0.5219210531251487
P34453,Q19766,1,0.601512487597633
O76640,Q23158,1,0.9999999145084577
O17982,Q19969,1,0.9999953734421556
Q9TZ39,Q9XVA2,1,0.9999999999996272
Q22179,Q9NES7,1,1.0
O16453,Q20858,1,0.9999995735281708
O17353,P90786,1,0.5671265225185629
O18267,Q22174,1,0.9986915885381284
O01900,Q9TZ39,1,0.9999999999999831
P91051,Q17878,1,0.9999999204019979
O45379,Q10658,1,0.9999999572280422
Q22174,Q95X87,1,0.9999999958801404
O61771,gi:17553966,1,0.9999999452938259
Q95QC4,Q9XTQ7,1,0.9999999999738858
Q9XWC9,gi:17553604,1,0.9999925200753403
O45503,gi:25151901,1,3.2507299104156454e-06
O16497,Q8I4H0,1,0.9872514694836615
P54406,Q23158,1,0.9999999999998144
Q23186,Q9XU77,1,0.9999999997545979
Q93763,Q9TZ39,1,0.9999997608180443
Q9TZ39,gi:32564316,1,0.9999999999161646
P34475,P52275,1,0.9952362100345936
Q23536,Q9NA30,1,0.932190758552449
P91277,gi:17556058,1,0.9999999575653196
O17915,gi:32566959,1,0.999996020530862
Q9TXS0,Q9XXR6,1,0.9931072696778868
Q21271,gi:32566959,1,0.999614193710062
Q95QA6,gi:32566875,1,0.9999839378755403
O17645,Q9XYC3,1,0.49202613575925974
Q9TXX2,Q9XWG3,1,0.9999999995556621
O62195,Q19749,1,0.8906241078374612
O02637,Q21526,1,0.9768298779296495
O17670,Q9U1S2,1,0.999999938997657
Q09587,gi:17563260,1,0.9999999642065913
O01437,Q9XU77,1,0.9999984053310066
Q18238,Q9NA40,1,0.9999999999742051
O02116,Q17539,1,0.9999999013231278
O61208,Q21997,1,0.3620522900937138
O44450,Q22306,1,0.9999936083392764
P91419,Q09975,1,0.99999998882904
Q19294,Q9GYM9,1,0.9999957446674173
Q22837,Q23664,1,0.9999768793398434
Q17878,gi:32564228,1,0.9999999951919765
P45962,Q9XU77,1,0.9999484431176153
P34609,Q20485,1,0.9999996177141153
O18250,Q95QA6,1,0.9999998217433217
P45962,Q22227,1,0.9971819119714851
O16443,Q9XWP3,1,0.8811534315637851
P91216,Q17688,1,0.9999999501939534
P54412,Q9NAH3,1,0.9983898785213422
Q20027,gi:25153807,1,0.8786735635799728
Q95008,Q95YI9,1,0.890552948809046
Q93930,Q9U1P3,1,0.9437026624324663
Q93520,Q9TZ39,1,0.9999999214883124
O45521,Q9N3T4,1,0.999999971269787
P48156,Q21018,1,0.9990964864811991
P34333,Q17878,1,0.9999908079832684
O61708,P34331,1,0.2748392700984969
Q10051,gi:32566981,1,0.9999940140487782
O45521,P34611,1,0.9999807240865998
Q22227,Q9N3Z0,1,0.9999998678898757
O17670,Q93619,1,0.9999303476321326
Q20187,Q21648,1,0.9999999998272326
Q21361,gi:17508231,1,0.9985848655057903
O45521,Q9U348,1,1.0
O45003,P91820,1,0.9996136068088958
O61955,Q9XW13,1,0.9999995719131719
Q23130,gi:14018161,1,0.9984674876192169
O45946,gi:25152916,1,0.0020527238673048336
P36573,Q9XW17,1,0.9999971279530638
P21137,P30625,1,0.6292533776782044
P39745,gi:33300394,1,0.9583531334556975
P91409,Q21431,1,0.9996304281382716
P92004,Q22174,1,0.999931566096307
Q9BL58,gi:25150348,1,0.9999999927094014
Q05036,gi:17554086,1,0.9999938909659144
Q966M3,Q9TZ39,1,0.9997464544917979
P50880,gi:17540098,1,0.9878311159904895
Q22168,gi:17553966,1,0.9999999999849423
O16525,Q9TZ39,1,0.9999999987107682
O44606,gi:32567230,1,0.9999999999995421
O01839,Q20888,1,0.9944309110447607
O17915,Q9TVH6,1,0.0757529792173884
O45521,Q9U3I4,1,0.9999997902031794
Q21847,Q9TZ39,1,0.9999999999960685
O44606,P41942,1,0.9999999999918301
O45268,Q17878,1,0.9999999979542187
O18250,Q9TZ39,1,0.9999999589130121
Q23332,Q9TZ39,1,0.9999999921880968
P91001,Q17522,1,0.9999999999718345
P36573,gi:32566558,1,0.9998393976217512
Q19762,Q9TZ39,1,0.9999999999999984
Q9NAG2,Q9XVA3,1,0.9999999990385844
O45952,Q22837,1,0.8542662475769226
Q22544,gi:32566354,1,0.9999999978133973
Q22227,Q95ZX3,1,0.9999853791009491
Q95ZU1,Q9U2M8,1,0.00015759027436665381
Q20347,Q23144,1,0.999964001951292
Q22227,Q9U203,1,0.9999999766358335
P53013,Q18195,0,0.02527033373880365
Q8MXI4,Q9GYI4,0,6.788214747743975e-05
O44451,gi:30025113,0,1.5872008598534153e-05
Q965H3,gi:17551336,0,0.007216895936207875
Q93353,Q95PZ0,0,0.0013589801519969227
Q10051,Q22866,0,3.244807156079694e-05
P41848,Q09450,0,1.151431424781931e-06
Q19266,gi:25144756,0,2.247695105538916e-06
P50880,Q8MQ29,0,6.142943652528382e-07
O01422,Q09544,0,3.7224516482040305e-08
Q21580,Q22347,0,4.855968949114718e-05
O18209,gi:17556296,0,0.0036315622132340308
Q18938,Q23120,0,4.316426620869741e-06
P10984,Q21997,0,3.023625598318025e-05
Q18090,Q9TW67,0,0.00019072803233336332
Q19969,Q93353,0,0.000208558871894172
Q22949,Q9UA36,0,0.00501464351367065
O44451,Q9XVT0,0,9.2671476923388e-09
Q10453,Q9Y048,0,0.0018508152628010774
P34369,Q19266,0,0.8119998848960412
P34420,P53585,0,0.0005231602028051485
Q93573,gi:17541224,0,3.742568480820121e-05
O17850,Q19286,0,0.0002016537703684038
P34331,gi:25144500,0,1.1142848006421068e-05
Q17599,Q22619,0,0.0003330545038268573
Q19203,Q19766,0,0.0017955095647130203
Q18786,Q95Q33,0,0.3876005302542883
Q21580,Q9XV52,0,0.0012248446086386806
P50880,gi:25151296,0,0.0005203804946035854
O16785,gi:25144756,0,0.02757508031969858
Q23237,gi:25144756,0,4.9907442227628625e-06
P10984,Q22053,0,1.2859181789183717e-07
P50093,Q23120,0,1.5112716011033642e-07
P50093,Q9U299,0,0.009126523683720886
P17331,Q17345,0,0.00045078136458571603
Q02332,Q9TW67,0,4.719225647396624e-05
P10984,Q9N4Q7,0,6.981210972589741e-06
O16927,Q18919,0,0.0006144337490702025
O44451,gi:25151296,0,3.2781698227579944e-05
P34331,gi:17565204,0,0.004692464320797162
P34574,Q09589,0,0.04995548636627794
P91276,Q20719,0,1.2932468753443522e-05
gi:25144092,gi:25144500,0,0.0001235825759203683
Q17381,Q23500,0,0.0012495255518240025
P34264,Q18938,0,0.0009001084592904303
O16785,Q9XTU6,0,1.807964060014289e-08
O16785,gi:17537127,0,0.00039281989645912203
Q9N428,gi:25144500,0,0.00016250604843213166
P34331,Q9XTU6,0,3.077853317348348e-06
P53585,Q9U297,0,0.003765472735136261
Q9N4Q7,Q9Y048,0,0.3867156635704813
P53588,gi:17556296,0,7.670359606906834e-05
P49029,Q23233,0,0.006243621192559017
Q09248,gi:17508429,0,0.06763752717476786
P34264,Q18953,0,0.005206350042967258
P91276,Q9U373,0,0.004380572396446998
Q09296,gi:25148068,0,0.00012723536639539215
P17331,P34537,0,0.0005702969912217055
P32085,P91353,0,0.00010633596847008104
Q95QE9,gi:30025113,0,0.12637730699914174
Q9U299,gi:17551336,0,0.0004496335392151328
Q17336,Q9GYN4,0,6.685619159404128e-05
Q27873,gi:25144500,0,0.002032076045330621
P10983,Q93353,0,6.475588182467172e-06
Q18409,Q95QE9,0,5.077002014053329e-05
O16927,P34619,0,0.009445772836969313
O45503,P17331,0,5.4265235776813475e-05
Q21580,Q95Q33,0,0.3899200141976913
P34369,Q95QE9,0,0.000487251164988581
Q8MXI4,gi:32565186,0,0.0002621488802803914
Q22619,Q9N359,0,0.002490828057784161
P53585,Q18195,0,0.0038730607264633407
Q09248,Q18195,0,0.1315585244499243
O17645,O45952,0,0.0014406578025472254
Q8MQ29,Q9TW67,0,3.831282604782916e-05
Q9TZ93,gi:17541224,0,4.338993219367769e-05
O61390,P34574,0,0.0017296890257921529
O45952,Q19286,0,2.689532586171416e-05
P34331,Q19766,0,4.040252521720414e-05
Q09248,Q10661,0,0.14796113018533807
P53489,Q10661,0,0.0032090773571349196
P29691,Q18195,0,0.008253234824048352
P30429,P91276,0,0.007524842545973289
Q18953,gi:25155179,0,0.004350171855151974
O16927,Q23233,0,0.0019694092832989374
P27798,P41932,0,0.00017113479915929956
P34559,P53585,0,0.009937689210046062
Q17967,Q9TZ93,0,0.02210939784956933
Q21580,gi:17552438,0,0.0020313358986384917
Q18240,Q19766,0,0.02566901777238869
P52899,Q9TW67,0,0.00046398637740932254
gi:17551336,gi:17555086,0,0.6872975662572935
O17801,Q18240,0,0.025089485853859145
Q23500,Q9N4Q7,0,0.3125224769398367
Q22949,gi:17556296,0,1.3449388686790542e-05
O02108,O02115,0,0.012294101692267842
P46769,Q19766,0,9.915573126556079e-06
P53489,Q93353,0,0.0004313903442364519
Q09544,Q9GYN4,0,5.409295252486405e-08
Q18195,Q21444,0,0.07260627988353859
Q9U297,Q9Y048,0,0.12690965578244703
P34659,Q9XVF7,0,0.0026759923971103857
O02108,Q93353,0,0.0064796506229094246
O45007,Q09248,0,0.0004746984647124102
O45946,gi:17541224,0,0.001783164430762667
P10983,P34537,0,1.6577217406691232e-05
P34264,Q9U1P3,0,0.012259071638320792
Q23233,gi:29570425,0,0.27086619189071304
P30429,Q9GS00,0,0.02553012179025683
P91353,Q9TZ93,0,0.0003863423570583147
O02108,P34420,0,0.00022207352252895943
Q19826,gi:17541224,0,5.441750056164474e-05
P53585,Q21444,0,0.004176118338915558
P49405,Q23120,0,2.891752886465463e-09
Q21997,gi:25151296,0,0.008857847017283182
P34574,Q18421,0,0.002590132463754379
P34619,P53588,0,8.601831288478345e-06
Q9U357,gi:25155179,0,0.0020700226692301933
P04970,Q10453,0,1.2769544374073085e-06
P52713,P91276,0,5.606196145307999e-05
O45946,P34659,0,0.11741314791092693
Q18409,Q19766,0,2.1734195027637523e-06
Q17599,gi:17541620,0,0.005972290767416041
Q19286,gi:17552438,0,0.004884131002899708
O17214,P48727,0,1.1835912395468911e-05
P17330,P34537,0,0.000503603932414777
P17330,gi:25148068,0,3.7939669198965336e-05
Q21580,gi:17508429,0,0.004225791421737227
Q9Y048,gi:17508429,0,0.39400086399573936
P34369,Q20347,0,0.0024130866710800982
P34537,P53489,0,0.01561162258554577
Q23500,gi:17554366,0,0.04656478011147994
P04970,gi:25148068,0,1.358639345804119e-05
Q18919,Q93573,0,0.42578576400568763
Q18090,gi:17535709,0,0.0025645352666538294
Q22799,gi:17568353,0,0.0071123925819877275
P46769,Q19749,0,8.342394341761872e-07
Q9UA36,gi:17541224,0,0.005005448474647832
Q8MXI4,gi:17537127,0,0.009573884499823009
P34659,P52899,0,1.8986633887510845e-05
P10983,Q9XWV8,0,2.8005816223795435e-05
Q18953,gi:17555086,0,0.024583368916089997
O02115,P53585,0,0.010162786764787789
Q9GYI4,gi:17551336,0,0.009690207217237371
P17329,Q22053,0,1.568494945542498e-06
P46769,P91353,0,4.015468817017144e-08
P53588,Q23670,0,2.0052524461027576e-05
O02115,Q9GYN4,0,0.00015455034169710468
P49405,Q18240,0,3.69928512678704e-05
O01916,Q95PZ0,0,0.0008223758663215235
P50880,Q02332,0,0.009013629912554433
P34369,P49405,0,0.00029968946073137857
P30429,Q09296,0,0.0007194589389170606
Q95Q33,gi:29570425,0,0.8702535626442075
O62190,Q94126,0,0.06485444572559015
P50093,Q9NAD6,0,0.20192851752385685
Q09544,Q23500,0,1.2669099554996724e-08
O45503,Q9GYN4,0,0.0010958147538047665
Q19826,Q9TW67,0,0.0009292304738781129
P10984,Q9U281,0,8.531844062384076e-07
P41848,Q8MXI4,0,0.0009077446083859658
P49405,gi:17565204,0,0.0032012922260363018
O18209,Q9TZ93,0,0.0012150795428759644
P34369,Q9TZQ3,0,0.0002241210624650527
O45946,Q09450,0,1.7968215878807158e-06
gi:17541790,gi:17565204,0,0.004892581730377658
O02085,P30625,0,0.00489262011238241
P91353,gi:17535709,0,7.6590904969187e-07
P53588,Q21997,0,9.710064190209375e-06
Q17599,Q9U281,0,0.0005576229882058015
Q18786,gi:17541224,0,7.220822359281365e-06
gi:17551336,gi:17556296,0,0.005064402933864488
O01916,P10986,0,6.78988316239126e-07
P49405,Q18919,0,0.0013034048496974565
P53588,Q23237,0,3.350450065348363e-05
O18158,O44451,0,3.1911573928541444e-05
O17919,P30429,0,0.0003221731894329754
O17801,Q18090,0,1.3239550271752922e-06
O17583,Q9XVT0,0,5.681652839957667e-06
P49029,Q9Y048,0,0.9710659719670603
O17645,P53489,0,0.0979606979721183
Q22949,Q9XVT0,0,2.4286901259903744e-06
P47209,Q965H3,0,0.00013255850500809127
P34659,Q94392,0,0.000314362316524492
Q18938,gi:29570425,0,0.05577455628190828
O01916,Q95YF3,0,2.142027191853257e-05
P34574,P40614,0,0.0006567163544010766
P53489,Q18195,0,0.013304742260809735
gi:29570425,gi:31043777,0,8.520044352672347e-05
Q19969,Q22619,0,0.04648284033029245
O45007,Q09296,0,0.003452235230591352
O17732,Q23670,0,1.1564059422085775e-05
P34686,Q17345,0,0.003941955459792088
P53588,Q93573,0,0.00013652990570279922
P34652,Q20655,0,0.47873664503199914
O61390,P34537,0,0.0014434744497857806
Q18938,gi:25144756,0,3.5669295753943566e-05
Q18919,Q9XVF7,0,8.82786309922289e-06
Q22949,gi:17535709,0,0.008927741400684202
gi:17551336,gi:30025113,0,0.4141156808080471
P34686,Q20845,0,0.9020282752629468
Q9TZQ3,gi:17555086,0,0.030928953351745836
O18158,Q19749,0,0.0008389534797631859
Q21580,Q9U281,0,0.00019154187785529384
P52899,Q18786,0,4.335471478880709e-06
P34619,Q9XVF7,0,4.956271773059082e-05
P47209,gi:30025113,0,0.00046710921551735657
O16927,Q965H3,0,8.56719558334582e-07
O44451,gi:17556296,0,6.229354845407044e-05
P47209,Q22949,0,0.006628708084416973
P17330,P34559,0,0.001560245679705323
P91353,Q09511,0,6.524893960718226e-05
O17732,O17915,0,0.00019270311857656715
Q23237,Q95Q33,0,0.9311891296440191
O17801,P32085,0,0.00018384818591644613
Q18409,gi:25144756,0,3.392166884887326e-09
P34264,Q27873,0,1.9139232109918143e-05
Q19266,Q9U2J8,0,0.0030980515395087394
O02115,Q17599,0,0.00042331289717013014
P47209,Q9GYI4,0,0.008508395762202487
P52713,Q95YF3,0,0.006123335961987596
P34659,Q19266,0,0.003777151821499046
O17801,Q19826,0,0.015422107231835692
P17331,Q9XVZ8,0,1.9682636647954937e-06
P10986,P30429,0,0.00015568545530973062
P34331,gi:29570425,0,0.0009442582617687216
P34264,gi:25155179,0,2.6344539225118177e-05
P29691,gi:25148068,0,0.00038490284623930363
O45503,P53585,0,5.047458806866264e-06
Q17381,Q9Y048,0,0.8969202566582738
O17732,gi:25155179,0,4.049600712566912e-05
P52899,Q18240,0,0.0013282899851600367
P34264,Q8MXI4,0,0.000356832203028152
P04970,Q9XXC8,0,0.0008603803805039841
P46769,Q9U299,0,0.05435660740288015
Q09450,Q09511,0,5.706419223755154e-08
Q09450,gi:17554384,0,3.9423132323005484e-05
P32085,gi:25144500,0,3.2423336197740013e-08
O45503,Q9GS00,0,0.004722157986782516
Q9XVT0,gi:31043777,0,3.3670362150626376e-05
O18158,Q02332,0,0.007361053929949839
O16785,Q95Q33,0,0.14466072942967365
P17330,Q9XWV8,0,9.961941917871321e-06
P32085,P52899,0,5.5488496086342277e-08
P32085,Q19766,0,1.4870285976891979e-06
Q18090,Q9N428,0,0.08687482833756323
O17732,Q23120,0,5.354357251570256e-07
P46769,Q9TZ93,0,0.004342476328392959
Q22949,Q23120,0,1.2053999872082492e-06
P50093,P50880,0,0.0001550046381187674
Q95QE9,gi:25144500,0,9.968527571955693e-07
Q02332,Q9NAD6,0,0.002107319081241783
Q8MXI4,gi:25144756,0,1.4435153788429298e-06
P34619,Q20347,0,0.010618882966468854
Q19537,Q9TZQ3,0,1.4210928276247805e-05
P53585,gi:17508429,0,0.004924595270029473
Q9TW67,gi:25155179,0,0.00039900982384847184
O16785,P52899,0,4.713571858451409e-05
O16927,P91353,0,0.00020253548295197436
Q09248,Q9XXC8,0,0.008987065970943604
P50093,Q19266,0,0.006964156564221468
Q19286,gi:17568353,0,0.0019129833234244682
O17801,P34264,0,0.002781492880415995
O17645,Q22799,0,0.9866380490102066
Q94392,gi:17556296,0,0.000155450045042125
O45007,P91276,0,0.0022947299610024817
O17801,Q18409,0,4.191138223862671e-06
O45503,P48727,0,2.397546442510952e-06
P34331,P91353,0,2.277574648932503e-06
P53013,Q21924,0,2.3495895810956323e-06
P52713,Q95PZ0,0,0.08490497805722802
O17214,Q21557,0,0.0002390868180215847
P10986,gi:17568353,0,3.495213372668953e-05
P53489,Q9U281,0,3.256225050299612e-06
P47209,P52899,0,0.0010013867501781535
gi:17555086,gi:25144756,0,6.074739278618864e-05
P10986,Q10661,0,6.025916653726234e-06
Q94126,Q95YF3,0,0.07167358239329344
Q09248,gi:25147971,0,0.0015979848134428248
P34264,gi:17551336,0,0.006198072145191504
P50093,gi:17537127,0,0.0006933290449948139
P34611,Q19826,0,0.04279261058031672
P34611,P34619,0,0.0019072356182158856
P91001,Q20719,0,7.002548218708259e-07
P47209,Q17967,0,0.01143941340209804
Q19286,Q9XWV8,0,0.00013662179607020882
P53013,Q9XV52,0,0.00734952803176124
Q19266,Q9XVT0,0,4.390838404040095e-05
P34369,Q8MXI4,0,0.042956818889898975
P34611,Q19537,0,0.060271359025586786
O02108,P30429,0,0.002617254628402677
O45007,Q9GYN4,0,0.0011192247981485519
P91353,gi:29570425,0,0.00025411496592693284
Q9XTU6,Q9XVF7,0,1.3994211644375218e-09
P10986,Q9XXC8,0,0.006704646781611539
Q19766,Q965H3,0,0.0005489706281940782
O02115,P34686,0,0.00010926705333580555
Q19286,Q20719,0,1.8100454610900016e-06
Q8MQ29,Q9TZQ3,0,0.00010488835089732343
Q18090,gi:17537127,0,8.950618197981911e-07
Q09248,Q9XV52,0,0.23883887593479913
O17645,Q18953,0,0.32517830433306855
P17329,Q9XV52,0,1.2952613560981951e-05
O45946,Q23120,0,1.9389053626146227e-06
Q9UA36,gi:30025113,0,0.03050430269324991
P34264,Q9TZQ3,0,0.00013844883264754182
P50880,gi:17556296,0,0.022400625714863034
P34264,gi:17535709,0,0.00815371087376388
P34686,gi:25147971,0,0.0011767507930454425
Q27873,gi:31043777,0,3.677181553708045e-07
P34369,Q9TW67,0,0.16509658344471978
Q95Q33,gi:17541620,0,0.5329551099716634
Q18090,Q8MXI4,0,1.876065379363425e-05
O44451,gi:17535709,0,6.45846769066687e-08
P34331,Q23120,0,8.615832164327066e-06
Q18240,gi:31043777,0,9.492791413203788e-05
P10983,Q20845,0,2.5630654165090558e-06
P34331,Q18090,0,0.0014249448356041226
gi:17535709,gi:17541790,0,8.841143777029171e-05
O18158,Q09450,0,1.6050227589971374e-06
P91001,Q09544,0,8.492852108790608e-07
Q9TZ93,gi:25144500,0,6.726090992006047e-07
Q19826,gi:25144500,0,3.1210707850530646e-05
P34264,gi:17556296,0,0.00016255604910432006
Q8MQ29,Q94392,0,0.0002216183754565747
P50093,Q22866,0,0.0017021686088620784
P34605,gi:17555086,0,0.002346456371435143
P32085,Q21444,0,0.003013759659211163
Q19266,Q965H3,0,0.0024259936015100657
Q9TZQ3,gi:17556296,0,0.003800311577314379
O17850,Q19290,0,1.2525722197497507e-05
P34264,Q93573,0,0.0013752622793934018
Q20347,Q23120,0,4.954343161272339e-07
O45007,P10986,0,0.0001702300240894998
O02115,P04970,0,6.759569471152728e-05
O44451,Q9U299,0,1.474684258011838e-07
O44451,Q9TZ93,0,2.524341880895675e-07
P49405,Q09450,0,2.6201236763286145e-06
P34686,gi:25148068,0,0.0735039261712546
Q9UA36,gi:25155179,0,0.28450619517549086
P34264,P34611,0,0.004752267312145585
Q22866,Q965H3,0,1.5456918281867186e-07
P04970,Q10654,0,0.010932788056000288
P91353,Q19203,0,0.0065100591045987415
P91276,Q94126,0,0.0029157014702184316
P34574,Q21924,0,0.092098370780094
P91276,gi:17552438,0,0.010303229684990317
Q19766,gi:17551336,0,0.001210788677652781
P91353,Q23670,0,5.453868510602271e-07
P91001,Q93353,0,1.8098303542534441e-06
Q09544,Q9Y048,0,6.7736524602833155e-06
P04970,Q18195,0,0.003027956843440735
Q02332,gi:25155179,0,0.0004235543555278509
O17732,Q18409,0,3.2653141257783224e-08
Q21580,Q22053,0,0.05109488918800544
O17583,Q23237,0,0.004343632693606329
P10986,Q94126,0,0.0025303973940934326
P52899,Q20347,0,0.0001741443792951108
O45007,P53489,0,5.63164339764979e-05
gi:17541790,gi:32564251,0,0.0004905301812156078
P53588,Q18409,0,4.906215720465499e-10
P41941,gi:17541790,0,0.0004500423298128134
P52899,Q09511,0,4.769520909943453e-08
O02085,Q18919,0,0.003982638786875633
Q18090,Q9TZ93,0,7.170339612516e-06
gi:17551336,gi:25151296,0,0.02567033823390099
O01422,O45293,0,8.82606402271267e-05
Q18953,gi:17541790,0,1.022911486972594e-05
P41941,Q10453,0,0.11626611520175677
Q965H3,gi:17541790,0,2.7144260425435373e-06
P34659,Q22866,0,0.003313569832937006
P34619,Q93573,0,0.0006692910689522792
P53588,gi:17565204,0,2.8920257565580532e-05
gi:17537127,gi:31043777,0,2.085668550613948e-06
O01422,O45503,0,0.0029950148749799937
P53489,Q27532,0,1.6969586292583416e-07
Q18240,Q22866,0,0.01075122449290504
O45503,P53489,0,4.9463269741060865e-05
Q8MXI4,gi:17556296,0,0.00013265090200993907
Q93353,Q94261,0,0.00035108406507090254
P17329,gi:17552438,0,1.5814729873004064e-05
gi:17535709,gi:31043777,0,5.9919259916062306e-05
P34619,P50093,0,0.0016280359599368608
Q8MXI4,gi:17565204,0,0.015298718568342935
P17330,Q22619,0,0.000263388266326564
O16785,Q8MQ29,0,0.0033277910671863217
O02115,P91276,0,0.01428383063185303
O44451,Q18953,0,0.004472886405221959
Q94261,Q9XWV8,0,0.015570071005139591
P34686,Q18421,0,0.0020944011559404854
Q19203,gi:17541224,0,0.08674471409618051
Q18409,Q8MXI4,0,3.6139964549348604e-08
O17732,Q9U299,0,2.580805431479931e-05
Q20347,Q22949,0,0.004649095211622814
Q19286,Q9XXC8,0,7.370144102481249e-05
Q9U299,gi:17541790,0,0.0016312045815585125
P27798,P53585,0,0.0001454096560789706
O17695,O45503,0,0.004375995531477381
P52713,P53585,0,0.0015402578209855735
O16927,gi:25144756,0,1.0984829146134582e-05
Q18953,Q8MQ29,0,6.653931359404683e-05
Q10051,Q20347,0,0.002822764743007172
Q9GYN4,gi:25148068,0,0.0002820187847045911
Q18090,gi:25151296,0,0.00023825201494773085
P52713,Q9GS00,0,0.007408724696664109
P34659,Q18953,0,0.0030962766627500382
O17919,Q20719,0,1.2305070942093012e-06
Q19766,gi:25155179,0,3.38272538782655e-05
P34605,Q9GS00,0,0.00036523116408358617
gi:17541790,gi:29570425,0,4.8919330181610504e-06
Q9TZQ3,gi:25144500,0,3.413614044285718e-06
P32085,gi:32564251,0,0.6620876108672866
P34611,Q23120,0,0.021210755037146655
O16785,gi:25151296,0,0.00032978809001979486
P10986,Q22347,0,1.8493546512298548e-06
Q10453,Q21580,0,0.0005504573268231781
P30429,Q23500,0,0.077989365919293
P46769,Q18240,0,0.008228514461813021
P40614,Q94261,0,0.5966742692122441
Q20719,Q95YF3,0,0.00018168321374849368
Q18953,Q23120,0,4.4398143038118503e-07
Q17345,Q19290,0,8.316900389032887e-05
Q19286,Q9U373,0,0.00551387032596156
P53489,gi:17541620,0,0.0051951690940150765
O02108,Q27532,0,4.4369700332202466e-09
O16785,O61390,0,0.00023487585580038935
P17329,Q18195,0,0.002289268369074086
Q17967,Q18421,0,4.238582369950442e-06
P52899,Q27873,0,3.0201641752721722e-05
Q09511,gi:17551336,0,0.0019035336186372929
P50093,Q95QE9,0,7.892094521825215e-05
O17801,Q09450,0,2.1507099758128445e-06
Q18786,Q95QE9,0,0.0025116497199315813
P34369,Q21997,0,0.25132749875587973
P17329,gi:17508429,0,0.0014204716035315292
P30429,P34686,0,0.0020248307455776274
O45952,P10984,0,2.9063207309437743e-05
Q09511,gi:31043777,0,2.1690350071787087e-05
Q18409,gi:25144500,0,2.8486120434033285e-09
Q9U2J8,Q9XVF7,0,0.0007333682243647092
P52899,Q9N428,0,0.0008385309145216715
P32085,gi:25144092,0,1.9963917268817795e-05
P91276,Q9U281,0,0.00044351300234042975
Q09544,Q20655,0,1.6681399080232354e-09
Q17345,Q9GYN4,0,0.0002958110154626978
P49405,Q22949,0,4.175691656798833e-06
P29691,Q93353,0,5.97614771796911e-06
P17331,Q20719,0,6.485840729715678e-06
Q10051,Q19266,0,0.2889722167048389
Q17336,Q22799,0,0.359946928086019
P04970,Q23233,0,0.870076905531038
P10984,P40614,0,4.6440929175484204e-05
Q19286,Q9N4Q7,0,3.1944678853174416e-05
P41848,Q9TZQ3,0,3.3985881139261247e-05
Q02332,Q19203,0,7.742191240875955e-06
O16927,Q9U299,0,0.2759890614316437
P46769,gi:17537127,0,3.980810456237129e-05
Q18786,gi:25144500,0,1.9145611110761566e-06
gi:17565204,gi:31043777,0,3.338975679866301e-05
P10986,Q9N4Q7,0,7.282356220722951e-06
Q22949,gi:17565204,0,0.00020027346135515452
P50880,gi:32565186,0,0.00016162018135011091
O16785,gi:17555086,0,5.234444662647177e-06
O02108,P49029,0,0.0010536904931829586
P91276,Q21444,0,0.0016474827273933116
P10983,Q22347,0,1.2309006003750943e-06
P40614,Q9GS00,0,0.016207203298446184
P29691,Q17381,0,0.038329227229354244
Q9TZQ3,gi:17541224,0,0.00014536598251411803
Q23120,gi:25144500,0,2.0593408004047372e-07
P34331,Q17967,0,0.04815846036217466
O16927,Q19537,0,9.930834505140097e-06
Q17599,Q18421,0,0.03448073791263425
P29691,Q10661,0,0.0005102042876841911
O62190,Q27532,0,3.378254483537347e-06
Q17599,Q27532,0,2.446453513553297e-05
Q19749,Q9TZQ3,0,4.5154460994067245e-06
O17919,Q9XWV8,0,3.691749255266388e-06
O16785,Q18240,0,0.0028466346028290777
P10983,Q17381,0,3.41798030756954e-05
P91353,gi:17555086,0,7.348939860082264e-08
O44451,Q23120,0,4.8167689548120806e-08
Q21580,Q9N4Q7,0,0.151771541337262
P41848,gi:17541790,0,0.0024130333387245434
P34611,Q02332,0,0.00010928417420091052
Q27873,gi:17555086,0,2.0902851032103686e-05
Q10654,Q21557,0,0.0243555538578662
P17330,gi:17554366,0,0.0002985932463217178
O61390,Q20655,0,0.0004571981664515223
P29691,Q20719,0,1.5048978722385904e-06
Q02332,Q18409,0,1.3075753041930415e-09
O02108,Q22619,0,0.0007841910599740171
P50093,gi:30025113,0,0.00014725772456355773
Q9TZQ3,gi:31043777,0,7.82528868520882e-06
O17695,P52713,0,0.005449945000499617
P27798,gi:17551336,0,0.0052142659195677735
P17331,gi:17554366,0,0.00018933642217987338
P53489,Q09544,0,9.404840762662292e-08
P17331,Q9U373,0,4.625848158098526e-05
P34559,Q94261,0,0.018238247499458484
O01916,P53013,0,0.00016919116956798993
O17214,Q21580,0,0.0005862371704672196
Q18953,Q9GYI4,0,2.228230672571871e-05
P10983,Q22619,0,1.965961972536094e-05
P34574,P52713,0,0.30136541404945827
P34619,gi:25144500,0,2.1019226472878483e-06
Q21557,Q22053,0,2.979537981547186e-05
Q18240,Q23233,0,0.41448723797451537
P17329,gi:25148068,0,1.1608261008626646e-05
P41848,P50093,0,0.00218983685842931
O01916,Q19969,0,0.0075777702198432766
P47209,Q23120,0,1.5750347135542333e-05
O17801,P91353,0,0.000854930908525918
P52899,gi:17551336,0,0.0005242309969754096
Q19766,Q19826,0,4.158489393824123e-06
P10983,Q9XXC8,0,0.005720970634868796
Q22949,gi:29570425,0,0.008654680026436084
P17330,Q9XV52,0,3.652304158727111e-05
Q10661,Q23233,0,5.706831740392848e-05
Q18421,Q19286,0,1.5218581604554492e-05
Q17967,Q21924,0,0.05042017839352489
Q19766,Q95Q33,0,0.005166286408817727
Q18919,Q19266,0,0.004445095998206829
P34659,P47209,0,3.604022208029858e-05
O45007,P04970,0,0.000581632495542853
P49405,Q23670,0,0.0019727131159014235
P34264,P41848,0,0.0012690413645137914
P10984,P34559,0,0.00017991709331682804
P49029,Q21580,0,0.010757792827730222
P34331,gi:17541224,0,0.0006455675281395744
P52899,Q23120,0,4.169745129207666e-08
O17645,Q19826,0,0.042392463907234064
Q09296,gi:17508429,0,0.006986800472059394
Q19969,Q9U2J8,0,0.0099859135749015
P34574,Q20845,0,0.263608536316671
Q18938,Q9XTU6,0,1.8831035328230952e-07
O16927,Q18786,0,0.35958882889231836
P34559,Q21580,0,0.0005962618934778822
P53588,Q95QE9,0,2.861261285840154e-06
P34264,Q94392,0,1.3717863649481237e-05
P34686,Q10661,0,0.04790908804213149
O17214,Q19286,0,0.0007393625465877973
O44451,Q23670,0,2.4080653920013583e-05
P52713,Q09248,0,0.049833776119442216
Q8MXI4,gi:29570425,0,0.024558579109238667
Q09296,Q22053,0,2.7009867682579878e-05
O16927,gi:17537127,0,0.00012114250268058248
Q93573,gi:25151296,0,0.0001525169945914377
Q17345,Q19286,0,0.00028948069223168284
Q9N428,gi:17541790,0,0.13560135394259934
O18209,P47209,0,0.4653594516606979
P50093,Q9XTU6,0,5.063638668652589e-11
Q22949,gi:17537127,0,2.2785036554812674e-05
Q18090,gi:29570425,0,0.0004969600650794822
O16927,Q23670,0,0.08369098193341014
O02085,P34619,0,0.05802429912371142
O17801,P50093,0,0.002458137282006703
Q18421,Q19290,0,0.00014706590340645315
O62190,Q09544,0,2.8691539508984055e-07
Q19286,gi:17508429,0,0.001043232409040672
Q18240,Q20347,0,0.2718328654565843
Q18240,Q8MXI4,0,0.06340746681462309
O45946,Q18919,0,0.002523790780434228
O02108,Q94126,0,0.003125533762438737
O45946,P52899,0,0.00019025109935334492
Q20347,gi:17556296,0,0.00022159398162258112
Q20845,Q9Y048,0,0.9420576912240182
Q17599,Q21924,0,0.003373608313464523
Q17345,Q17599,0,0.00010646438527214023
Q19290,Q9XV52,0,0.0009149793396648718
P10983,P49029,0,3.947499136697685e-05
Q9UA36,Q9XVT0,0,1.0386934139441494e-07
O17214,Q95PZ0,0,0.0018253426993275826
Q09589,Q9Y048,0,0.7588464168171596
P53585,Q22619,0,5.343615487957474e-05
Q18090,Q20347,0,2.00600339477821e-06
P49405,gi:29570425,0,0.0004443280471484925
P52713,Q94261,0,0.19813259194178365
O17732,gi:29570425,0,5.8208349832688374e-05
P29691,Q9XWV8,0,0.00015145486763023096
P34686,Q10453,0,0.0034856092462063263
P34619,gi:17541224,0,0.0012871190739060837
P53588,Q94392,0,6.338441447759339e-05
P53013,gi:17552438,0,1.1850150089540555e-06
Q22866,gi:17541224,0,5.22767840538872e-05
P34659,Q19766,0,0.0008645560527427957
O18209,Q10661,0,0.9031716978941047
Q02332,Q9U299,0,5.5460451480381266e-05
O44451,P49405,0,1.0154982539296534e-05
P48727,Q21444,0,7.653021629349042e-05
P47209,Q8MQ29,0,1.6730646608000112e-05
O17695,Q22619,0,0.002992434066017976
P10986,P41941,0,1.4357988932366098e-05
Q18953,Q965H3,0,3.069786251759641e-05
O45946,Q19766,0,0.00014236243928118311
Q22799,gi:25147971,0,0.024775336807844116
O17695,Q9XXC8,0,0.0002835964055525877
P49029,P91276,0,0.0006940975795712151
P34559,Q17599,0,7.942786040476077e-06
P34264,Q9NAD6,0,0.11901071070177781
gi:17556296,gi:25144500,0,1.7669990504138284e-05
Q22866,gi:32565186,0,2.830946672242884e-07
P34369,P50880,0,0.0015027090727026925
P41848,Q9TW67,0,3.3167192602115744e-05
O02115,Q9Y048,0,0.0019012822278284569
P10983,Q27484,0,1.691797709882283e-05
P29691,Q21924,0,0.0015170101076005201
Q21444,Q22347,0,3.110714542269445e-05
P04970,Q9XVZ8,0,1.0561241794829884e-06
Q21557,Q9U373,0,0.005056544269814194
P34659,Q8MXI4,0,0.0007295327746566898
Q19826,Q95QE9,0,0.0008710081792649504
P52713,Q9U2J8,0,0.012759673775181278
P46769,Q8MQ29,0,4.098513166615444e-06
P29691,Q9XVZ8,0,0.00043453050631007766
Q20845,Q93561,0,0.01201781844454396
O17732,Q22949,0,2.0349614061278804e-07
Q95YF3,gi:17508429,0,0.048592115953493574
Q22619,Q95YF3,0,0.1215393527726829
P53588,Q19203,0,0.0003891018141554374
Q09544,Q21580,0,1.0558529783430037e-09
O45946,Q9XTU6,0,2.503498248283562e-07
P53588,Q8MXI4,0,3.7717470684493094e-06
Q19286,Q22619,0,0.0007333664577043012
P17330,Q94126,0,0.0008719370910552043
O17915,Q19266,0,0.5604854895423693
gi:17551336,gi:32565186,0,0.005191033894591842
gi:17541224,gi:17554384,0,0.001223881474512934
P10986,Q9U373,0,2.3947688639155773e-05
Q22949,Q9N428,0,0.9703696710776971
P46769,P53588,0,7.593976376088014e-06
P46769,gi:17541224,0,0.003169528915619694
Q21444,Q9U1P3,0,0.6976286417338188
Q18195,Q22799,0,0.6573994789899773
P17330,Q9N4Q7,0,0.01703180423102842
P41941,Q9N359,0,0.001939042396051858
O17850,Q23500,0,6.028259747786579e-08
Q09511,Q18938,0,8.980281407232572e-05
P30625,P34659,0,4.720544856686456e-05
Q18090,Q95008,0,0.0006840443442029945
P34537,Q9GYN4,0,0.00969732664673257
O17695,Q9XWV8,0,0.0023678542057243095
gi:31043777,gi:32565186,0,6.183471093856839e-06
P30625,Q20719,0,2.449141978990494e-06
Q21580,gi:17568353,0,0.06026573984001757
P50093,Q27873,0,0.0004518438398532382
P47209,Q19826,0,0.00041632938018406316
P32085,Q9TZQ3,0,3.3522211814522287e-06
P34652,gi:32564251,0,0.06841239443243724
O44451,Q22866,0,5.213350925974458e-07
Q19969,Q9XXC8,0,0.003626240421692083
Q18409,Q27873,0,1.1487971733722528e-09
Q965H3,Q9XVF7,0,0.00010881733652408113
P34264,Q9TZ93,0,0.0025409997199124443
P34611,Q18240,0,0.5705493394356004
P10983,Q18195,0,0.00014234382345441746
Q18938,gi:31043777,0,4.7280990631069284e-07
P41941,Q95Q33,0,0.7789899295164443
P50880,Q19749,0,0.007549847483915923
P34537,Q22799,0,0.23332888039004424
O45946,Q19749,0,0.03336005009029844
Q18786,Q9TZQ3,0,0.002164623849897158
P49029,Q17599,0,0.031802691744808806
gi:17556296,gi:32564251,0,0.0008474440505071794
P52899,Q9TZ93,0,8.427606170038431e-08
O01422,P34559,0,1.1392314247238173e-05
P49405,Q9XTU6,0,1.5297070446646188e-08
gi:17541790,gi:17556296,0,4.865432963801091e-06
Q27532,Q95Q33,0,0.0027819856370132233
P10983,Q09544,0,3.4146122600219556e-09
O17850,Q09296,0,0.0019327339782390057
O02108,Q9N4Q7,0,3.48853105833167e-05
Q17336,Q19286,0,0.00028697754828130247
Q10051,Q9TW67,0,0.001613768725354938
P30429,P53489,0,0.023977625165390214
Q18421,Q95PZ0,0,0.006736056089120856
Q17599,gi:17508429,0,4.5342820192966555e-06
O61390,Q9XTU6,0,4.290696482460768e-08
P91353,Q9TZQ3,0,3.0192876379458415e-07
Q18090,Q19266,0,2.9481053010322953e-05
O45952,Q9Y048,0,0.05582835791461076
P17329,Q09589,0,9.382959454675274e-05
Q09450,gi:17556296,0,2.0022631511531602e-06
Q18953,gi:25144756,0,6.829454269830503e-06
O17214,P10986,0,3.3934175036200057e-06
P34559,P34574,0,0.00012159057092666703
P53585,Q09589,0,0.014748755953824133
P49405,Q18786,0,0.00863661634215373
P34686,Q9U373,0,0.0016492174548733032
P47209,Q02332,0,0.1516231282584528
P10984,Q17336,0,0.0001639450475580852
O45946,P53588,0,1.6002980413945802e-05
P52899,Q18409,0,2.040994143898882e-09
Q19290,gi:17508429,0,0.00010031872065300722
P34264,Q19266,0,0.002627924860600801
Q19290,Q9U373,0,0.00010503473676086493
O44451,gi:17537127,0,1.7016045846865313e-05
O17801,gi:17556654,0,0.07878805727162436
O17801,gi:17555086,0,0.0009962908931414995
O17801,Q8MQ29,0,7.660826681622181e-05
P17331,P30429,0,0.0006892530517719837
Q17336,Q9U2J8,0,1.7438153958904664e-06
O16785,Q09450,0,8.28954441042994e-07
P91353,Q9UA36,0,2.579383477922081e-05
P40614,Q19286,0,0.0038531800762590697
P52899,Q23670,0,0.0005182815014613815
P34420,Q09296,0,0.016679873968603296
Q09248,gi:17554366,0,0.10063791233687312
O17915,gi:17551336,0,0.49640022888489654
Q9XTU6,gi:17541224,0,2.2956370536942402e-07
Q22949,Q94392,0,0.00016058434300330324
P50093,Q9U1P3,0,0.004365229246169323
O17915,O45946,0,0.0016883628270291124
O02085,P52899,0,0.00046770438187502053
Q19826,Q22866,0,8.041590223259032e-06
O01916,Q20655,0,0.020833489846617145
O45946,Q23670,0,4.4694232735000166e-05
O17214,P10983,0,2.312422676753124e-06
O16927,gi:29570425,0,0.04013876431156598
O17732,gi:17555086,0,0.0017488583624734226
O17583,P34686,0,0.006792944508378552
O18158,P50093,0,2.671119606209973e-05
Q17345,Q22799,0,0.2522661729739422
gi:29570425,gi:32564251,0,0.0012254610952671598
Q10661,Q19290,0,0.0016304149767482165
Q23120,Q9XVF7,0,4.3536600769981404e-08
P32085,Q94392,0,5.385691556726828e-06
P34574,Q9U281,0,7.937388132359752e-05
O17214,Q20655,0,0.0045040306650027786
gi:17541790,gi:25151296,0,0.0006087350809325558
O45503,P17329,0,2.7287412486448398e-05
P34264,gi:25151296,0,0.00018849869411566512
O16785,gi:32565186,0,2.9989540786612215e-06
Q09544,Q22799,0,0.0005683993439321343
Q95YF3,gi:17554366,0,0.020286068560128975
Q94126,Q9Y048,0,0.15398232632053382
O01422,Q21997,0,0.03385132181290929
Q19826,gi:32564251,0,3.3553935691730717e-05
P48727,Q20719,0,2.4038241794275018e-09
O44451,P34331,0,1.3291914837411856e-05
Q23500,Q9XXC8,0,0.004253056214253176
Q09511,Q9UA36,0,0.000938909293374404
Q27873,gi:25144756,0,7.200082156034208e-07
O45503,P34686,0,0.0002992283344136131
O45946,gi:31043777,0,0.0001968906121551936
Q9TW67,gi:30025113,0,5.09630181336017e-05
Q8MXI4,gi:17541224,0,7.399910660116632e-05
Q09296,gi:25147971,0,8.909403539300597e-06
O17214,P34686,0,0.0001394926072580476
Q22949,gi:25144092,0,8.404731342679468e-06
Q18938,gi:17556654,0,0.001344138278006419
Q93353,Q95YF3,0,0.0018457645688083467
P34574,Q09544,0,2.8976770673334162e-08
P53588,Q9UA36,0,0.00021377525978056623
Q09248,Q22619,0,0.02299522431744957
O45503,P10983,0,9.628382943205661e-06
Q95YF3,Q9U281,0,9.353972889395789e-05
P32085,gi:31043777,0,1.2210281582598715e-07
O18209,Q09544,0,2.0565948384188667e-06
O01916,P91276,0,0.0013067382969297308
P17331,P34559,0,0.003952123614233138
Q22866,Q23670,0,0.0010679000781453217
P34605,Q17967,0,2.5168526927319846e-06
O45293,Q18786,0,0.0013731578649509191
O01422,P40614,0,0.008036891815855164
gi:25144756,gi:32564251,0,8.85157507739017e-05
gi:17537127,gi:17551336,0,0.17947347017649853
Q18938,gi:17556296,0,0.00062866504696289
Q09248,Q17336,0,0.13070249597378802
O17915,P50880,0,0.03506619314815915
P34611,Q18786,0,0.15484102570315694
O44451,Q9XVF7,0,3.9615749951329125e-05
P34420,P91276,0,0.003439741789587974
P40614,P91276,0,0.004189785165085515
O17583,gi:25155179,0,0.01439616264929003
P41848,Q27873,0,1.538367910018786e-05
Q09296,Q20845,0,0.004904330347007571
Q18919,Q94392,0,0.018813593800374562
P50880,gi:17541790,0,9.380036345187126e-06
O62190,Q9XV52,0,1.0327752038800954e-06
Q18409,Q18938,0,1.2391687386237034e-08
P10983,Q10654,0,3.433794707261358e-05
P46769,gi:30025113,0,0.0018180234493824924
