protein_a,protein_b,y_true,y_probability
P22515,P38691,1,0.731823141663042
Q04087,Q04792,1,0.99787387945956
P53104,Q05583,1,0.9931239452219813
P38774,Q12330,1,0.9477871955276321
P38063,P53048,1,0.9559718967479742
P38203,Q03081,1,0.7654850470166412
P32895,P39984,1,0.990191161471972
P32561,P39929,1,0.9997982668284467
P24482,Q06604,1,0.9998821119625748
P38692,Q06436,1,0.9998821119625748
P29496,P53086,1,0.9974579262441551
P26754,P39520,1,0.34598151802789534
P47176,Q08162,1,0.9988791550721102
P38319,Q03323,1,0.6727975513822142
P39016,P54885,1,0.8481655091752459
P33895,P38814,1,0.9995419351819327
P27614,Q08581,1,0.9559718967479742
P39081,P40561,1,0.9931239452219813
P38070,P40567,1,0.991786366108694
P14164,Q12344,1,0.7960989186865239
P11075,Q08217,1,0.9931239452219813
P13186,P14904,1,0.9559718967479742
O13539,P39994,1,0.9998589928845002
P16892,P17629,1,0.5011182063166444
Q04217,Q12175,1,0.9833297649651694
P53280,P53840,1,0.9974579262441551
P29509,Q12452,1,0.8481655091752459
P34758,Q99186,1,0.177666046269762
P13586,P43588,1,0.8481655091752459
Q01939,Q03048,1,0.9737935762921218
P07264,P39940,1,0.731823141663042
P39678,Q03750,1,0.11979573795215004
P15442,P53731,1,0.990191161471972
P38337,P40090,1,0.0736682654912242
P32074,P38990,1,0.9998821119625748
P14741,Q12020,1,0.9995419351819327
P50113,Q05874,1,0.9882898033828155
P40512,P53847,1,0.99787387945956
P04840,P33338,1,0.269936153739633
P38555,P38631,1,0.9999998410438595
Q03071,Q06679,1,0.9999637188089363
P27514,P46677,1,0.8887939866477393
P42935,Q12368,1,0.9995419351819327
P53550,Q12009,1,0.9559718967479742
P17536,P53281,1,0.9381793741923651
P37012,Q12518,1,0.9999637188089363
P02293,P38822,1,0.9994521404297803
P07866,Q06706,1,0.8481655091752459
P54861,Q00955,1,0.9833297649651694
P38859,Q03656,1,0.8236371563432046
P34077,P53834,1,0.9969608439827334
P14736,P40202,1,0.9988791550721102
P38590,P40164,1,0.9882898033828155
P01123,Q08273,1,0.6727975513822142
P39703,Q12310,1,0.9559718967479742
P25293,P33334,1,0.8236371563432046
P53112,P53185,1,0.99787387945956
P40492,Q03330,1,0.8887939866477393
P38789,Q12483,1,0.9737935762921218
P36047,Q06648,1,0.9995419351819327
P36124,Q04217,1,0.9998313406780007
P33313,P50094,1,0.9477871955276321
P46682,Q12477,1,0.9963669152846191
P27801,P38013,1,0.998221892612242
P32074,P36010,1,0.9974579262441551
P53124,P53861,1,0.9477871955276321
P22515,Q12124,1,0.731823141663042
P51534,P53271,1,0.990191161471972
P52286,Q08966,1,0.9801250807406316
P53738,Q04067,1,0.99787387945956
P38759,P40362,1,0.8887939866477393
P36037,P41814,1,0.881144331613277
P53064,Q04264,1,0.998221892612242
P53322,P53742,1,0.7654850470166412
P50108,P53159,1,0.9974579262441551
P24813,P40055,1,0.9381793741923651
P17123,P25635,1,0.8887939866477393
P51996,Q04338,1,0.9882898033828155
P27705,P38873,1,0.990191161471972
P43132,Q12488,1,0.3875429546951469
Q04175,Q07915,1,0.5011182063166444
P14904,Q12168,1,0.9995419351819327
P43574,Q06251,1,0.9629237816511903
P25344,P37012,1,0.9963669152846191
P40151,Q99314,1,0.05265727275303471
Q04978,Q06177,1,0.99787387945956
P27514,P53082,1,0.8986587364327409
P25558,P27472,1,0.999344754691662
P00431,P38957,1,0.34598151802789534
Q08920,Q12276,1,0.9559718967479742
O13565,P25451,1,0.632223427858254
P32945,P50091,1,0.9956574233257949
P25359,Q08004,1,0.08686233352054024
P35189,Q08018,1,0.10215886649901955
P39083,P47041,1,0.9882898033828155
P32589,P40413,1,0.9882898033828155
P25575,P27895,1,0.06234150225217952
P33891,P53599,1,0.9664608438412623
P40517,Q00916,1,0.9477871955276321
P40395,Q06549,1,0.9969608439827334
P38334,Q08004,1,0.8236371563432046
P12962,P41834,1,0.9999566029930074
P14291,Q06525,1,0.269936153739633
P40959,P47029,1,0.991786366108694
O13563,P32337,1,0.7109420055082598
O13553,P38622,1,0.9882898033828155
P09798,Q08492,1,0.9559718967479742
P22202,Q07418,1,0.9882898033828155
P12612,P53221,1,0.9974579262441551
P54790,Q01159,1,0.34598151802789534
P38931,P40032,1,0.08686233352054024
P40507,Q12033,1,0.99787387945956
P53538,Q12161,1,0.3875429546951469
P32801,Q07084,1,0.968813797052317
P39875,Q03406,1,0.11979573795215004
P16521,Q12734,1,0.990191161471972
P00331,P22515,1,0.9963669152846191
P33338,P36018,1,0.9477871955276321
P10862,Q04493,1,0.7654850470166412
P35197,P39682,1,0.9999480916273077
P06103,P38861,1,0.9999921961737288
P13517,P38149,1,0.9999566029930074
P25360,P40567,1,0.968813797052317
P39990,P50944,1,0.9994521404297803
P34730,Q99385,1,0.9995419351819327
P10961,P32597,1,0.10215886649901955
O13539,P53082,1,0.9997587088099581
P33891,P38634,1,0.9925911304644275
P11709,P18494,1,0.99787387945956
P38785,P39994,1,0.999344754691662
P47912,Q08972,1,0.9882898033828155
P25343,P53924,1,0.9974579262441551
P40485,Q12055,1,0.926939874527476
P39706,Q12749,1,0.3875429546951469
P46682,Q12028,1,0.991786366108694
P08018,P38348,1,0.9559718967479742
P38217,P53159,1,0.9974579262441551
P17442,P38821,1,0.5896863956571242
P38814,P39925,1,0.9992163368214833
P22133,P53632,1,0.04440616256742121
P38328,P39016,1,0.8887939866477393
Q12017,Q99260,1,0.7960989186865239
P02400,P38194,1,0.4564542746521081
P32602,P36085,1,0.9737935762921218
P53900,Q06551,1,0.9737935762921218
P53248,Q08723,1,0.9974579262441551
P19955,Q02608,1,0.11979573795215004
P08518,P38719,1,0.11979573795215004
P50108,P53100,1,0.9994521404297803
P38820,Q12330,1,0.7960989186865239
P29465,P40013,1,0.9559718967479742
P33332,P53290,1,0.8698216636960541
P21965,P38794,1,0.7960989186865239
P40468,Q00362,1,0.9629237816511903
P38636,Q12024,1,0.9629237816511903
P32491,Q04493,1,0.999344754691662
P43561,Q04149,1,0.8698216636960541
P16522,P41817,1,0.34598151802789534
P25369,Q05871,1,0.632223427858254
P38219,P43574,1,0.8481655091752459
P38766,P53130,1,0.991786366108694
P13517,Q12044,1,0.9998589928845002
P17555,P40565,1,0.9974579262441551
P38753,Q06706,1,0.9053022951992605
P32349,P32776,1,0.998221892612242
P40473,P53599,1,0.991786366108694
P35203,P51996,1,0.9997587088099581
Q07468,Q07834,1,0.8481655091752459
P32578,P40362,1,0.8698216636960541
P38631,Q06673,1,0.9996548093732386
P39937,P47912,1,0.9477871955276321
P52488,P53211,1,0.5457642996380554
P38339,P50113,1,0.9996548093732386
P38785,P42839,1,0.999344754691662
P32345,P32794,1,0.8481655091752459
P43583,Q03012,1,0.9998589928845002
P39969,P53196,1,0.9994521404297803
P38814,Q03619,1,0.999344754691662
P07274,P29461,1,0.9931239452219813
Q02100,Q05568,1,0.9988791550721102
P22133,P36013,1,0.9994521404297803
P46948,Q12390,1,0.9477871955276321
P19262,P43321,1,0.9998821119625748
P10964,P40090,1,0.9737935762921218
P32588,P46675,1,0.9974579262441551
P39994,P53865,1,0.9999696678784947
P32432,P40079,1,0.20535703713610182
P27472,P53250,1,0.9559718967479742
P14164,Q04338,1,0.8698216636960541
Q04370,Q07376,1,0.5011182063166444
P22007,Q12285,1,0.998221892612242
Q00578,Q07732,1,0.41247978840017635
P32807,Q07980,1,0.7109420055082598
P53886,Q06151,1,0.990191161471972
P06100,P33307,1,0.9860250851958448
P27796,Q01649,1,0.152990112142205
Q00916,Q07786,1,0.9998589928845002
P40087,P53238,1,0.5457642996380554
P27476,P50106,1,0.11979573795215004
P38705,Q12118,1,0.9990627746532618
P41896,Q12004,1,0.34598151802789534
P33311,P53086,1,0.9998821119625748
Q00816,Q03899,1,0.9992163368214833
P38801,P39744,1,0.41247978840017635
P09119,P50090,1,0.11979573795215004
P43583,Q04359,1,0.9974579262441551
P53248,Q04978,1,0.9974579262441551
P33334,P43563,1,0.99787387945956
Q07657,Q99299,1,0.998659609322839
P40492,P40565,1,0.8481655091752459
P40202,Q05610,1,0.9763191646925744
P49687,Q04053,1,0.9559718967479742
P53248,Q00684,1,0.9998821119625748
P14291,Q04089,1,0.3066456413177487
P07170,P50275,1,0.991786366108694
P25584,P38208,1,0.9969608439827334
P38998,Q12347,1,0.9994521404297803
P32773,P36149,1,0.9931239452219813
P35194,Q04601,1,0.99787387945956
P51534,Q02205,1,0.23612467042648871
P13365,P47104,1,0.7960989186865239
P28708,Q07528,1,0.998221892612242
P12945,P35178,1,0.9737935762921218
P40512,P53168,1,0.998221892612242
P02994,P13663,1,0.968813797052317
P38149,Q07657,1,0.9999971274511633
P40468,Q12154,1,0.9559718967479742
P15303,Q08817,1,0.991786366108694
P35729,P38708,1,0.9974579262441551
Q08562,Q08923,1,0.6727975513822142
P32318,P35203,1,0.9763191646925744
P36022,P41814,1,0.614578181515051
P40103,P54885,1,0.9629237816511903
P18759,P32776,1,0.9969608439827334
P40892,Q04067,1,0.8481655091752459
P38339,P53011,1,0.9983971290076769
P23639,Q08438,1,0.9969608439827334
Q06640,Q12754,1,0.8236371563432046
P22219,Q08245,1,0.99787387945956
P23624,Q02866,1,0.9381793741923651
P32525,P38555,1,0.9999866448374121
P39727,Q03308,1,0.9737935762921218
P32521,P38883,1,0.9629237816511903
P46985,Q00582,1,0.9994521404297803
P25591,Q99186,1,0.177666046269762
P25043,Q99210,1,0.990191161471972
P38990,P53280,1,0.9998821119625748
P23594,P53221,1,0.9629237816511903
P47017,Q02884,1,0.99787387945956
P43639,Q04199,1,0.1311946267480314
P17536,Q12285,1,0.9969608439827334
P32828,Q03125,1,0.34598151802789534
P32523,P47113,1,0.9994521404297803
P25360,P48837,1,0.968813797052317
P38700,Q12222,1,0.04440616256742121
P40515,Q12163,1,0.998221892612242
P05986,P53100,1,0.99787387945956
Q00246,Q99210,1,0.990191161471972
P38149,P53953,1,0.3291747920847551
P13586,P29496,1,0.8481655091752459
P13663,Q06616,1,0.968813797052317
P29509,P53169,1,0.9974579262441551
P38990,Q03898,1,0.9994521404297803
O13539,Q04412,1,0.9994521404297803
P30656,Q07622,1,0.05265727275303471
P40186,Q12380,1,0.7960989186865239
P41816,Q04934,1,0.9860250851958448
P36100,P39875,1,0.3066456413177487
P38555,P39927,1,0.998659609322839
P36144,Q12176,1,0.9053022951992605
P40960,P47089,1,0.9629237816511903
P36019,P53930,1,0.9974579262441551
P52910,Q12241,1,0.9988791550721102
P06779,P41814,1,0.0687001599016809
P32790,P51996,1,0.7960989186865239
P30283,Q01684,1,0.34598151802789534
P39107,Q05610,1,0.9931239452219813
P32945,Q99207,1,0.9956574233257949
Q00416,Q12380,1,0.614578181515051
P39682,P40316,1,0.9969608439827334
P33307,P40024,1,0.9381793741923651
Q06525,Q12159,1,0.269936153739633
P12753,P32912,1,0.7960989186865239
P35197,Q04412,1,0.9988791550721102
P53968,Q06251,1,0.9629237816511903
P36224,P38861,1,0.9833297649651694
P40339,P50091,1,0.9963669152846191
P38274,Q03338,1,0.8887939866477393
P27472,P38344,1,0.9559718967479742
P08431,Q07418,1,0.968813797052317
P53131,Q03280,1,0.7109420055082598
P28795,P36008,1,0.8236371563432046
P13434,Q06525,1,0.269936153739633
P40494,Q12440,1,0.9629237816511903
P38329,P80667,1,0.990191161471972
P25605,P25644,1,0.4564542746521081
P32350,P41911,1,0.9629237816511903
Q01939,Q12098,1,0.9629237816511903
P05318,P43616,1,0.9963669152846191
P23642,P52593,1,0.9994521404297803
P43568,P53829,1,0.9969608439827334
P06844,Q05775,1,0.9974579262441551
P32481,Q08649,1,0.9882898033828155
P07560,P40009,1,0.968813797052317
P27705,P53196,1,0.9882898033828155
P38792,P40495,1,0.991786366108694
P40024,Q02554,1,0.8887939866477393
P32589,P49687,1,0.990191161471972
P35187,Q12149,1,0.0736682654912242
P39962,Q12208,1,0.06234150225217952
P32345,Q00582,1,0.99787387945956
P28006,P50944,1,0.99787387945956
P11709,Q12341,1,0.5011182063166444
P19657,Q04675,1,0.9882898033828155
P17065,Q06665,1,0.968813797052317
P51601,Q12527,1,0.9998313406780007
P36224,Q06436,1,0.9882898033828155
P22336,P39926,1,0.968813797052317
P18963,P32447,1,0.8236371563432046
P12385,Q06408,1,0.9559718967479742
P32801,P46673,1,0.991786366108694
P25343,P47104,1,0.9974579262441551
P12962,P53622,1,0.9801250807406316
P49960,Q08729,1,0.177666046269762
P25357,Q08215,1,0.9997113960672188
P43565,P48559,1,0.9559718967479742
O13553,Q04411,1,0.9998589928845002
P53739,Q12017,1,0.9974579262441551
P23201,Q12118,1,0.5011182063166444
P19414,P40548,1,0.269936153739633
P53855,Q05949,1,0.9381793741923651
Q00362,Q12142,1,0.8481655091752459
P13856,P47045,1,0.99787387945956
P34730,P38324,1,0.9992163368214833
P33750,P53829,1,0.991786366108694
P00560,P53754,1,0.9737935762921218
Q03071,Q04195,1,0.9860250851958448
P23644,Q00916,1,0.9998589928845002
O14455,P35056,1,0.991786366108694
P38726,P38829,1,0.8887939866477393
P32432,Q03656,1,0.177666046269762
P38261,P53313,1,0.9629237816511903
P47120,Q03956,1,0.9477871955276321
P18898,P23624,1,0.9969608439827334
P32447,P38822,1,0.9995419351819327
P38358,Q05080,1,0.9833297649651694
P06787,P39730,1,0.9998589928845002
P43593,P47116,1,0.9969608439827334
P06777,P32805,1,0.6727975513822142
P38310,Q03162,1,0.731823141663042
P80667,Q08229,1,0.8698216636960541
P27692,P40456,1,0.3875429546951469
P43592,Q12468,1,0.8236371563432046
P02557,P41816,1,0.9860250851958448
P53550,Q04601,1,0.9559718967479742
P32319,P39548,1,0.11979573795215004
P33201,P36013,1,0.9882898033828155
P34253,P53847,1,0.999344754691662
P32492,P38200,1,0.991786366108694
O13565,P07278,1,0.968813797052317
P24869,P48232,1,0.990191161471972
P35184,P38929,1,0.3066456413177487
P00899,P39730,1,0.7654850470166412
P36172,P51862,1,0.968813797052317
P32492,P39723,1,0.9974579262441551
Q00723,Q05610,1,0.990191161471972
P40066,Q06479,1,0.7960989186865239
P28817,Q03776,1,0.09546740270219344
P34909,P39936,1,0.8698216636960541
P53858,Q04149,1,0.06234150225217952
P32492,P47054,1,0.9629237816511903
Q05580,Q07084,1,0.8887939866477393
P11746,Q03900,1,0.998221892612242
P32917,Q03503,1,0.9931239452219813
P53067,Q12055,1,0.9998313406780007
P31688,P35197,1,0.9763191646925744
P32581,P53252,1,0.5457642996380554
P38959,Q00723,1,0.9992163368214833
P39523,P51601,1,0.9992163368214833
P38922,Q12310,1,0.9995419351819327
P39081,P53100,1,0.990191161471972
P40555,Q02875,1,0.731823141663042
P30902,P38200,1,0.9860250851958448
P27636,P53256,1,0.999344754691662
P32501,P51862,1,0.968813797052317
P47129,P53941,1,0.9477871955276321
P38779,Q12165,1,0.632223427858254
P38352,P39730,1,0.999344754691662
P17536,P32911,1,0.999344754691662
P08431,Q06142,1,0.968813797052317
P24279,Q03220,1,0.99787387945956
P53081,Q05881,1,0.9629237816511903
P37012,P38873,1,0.9992163368214833
P39944,P47103,1,0.20535703713610182
P13393,Q06218,1,0.3875429546951469
P13574,Q05027,1,0.08686233352054024
P20486,Q03981,1,0.8236371563432046
P53169,Q06412,1,0.9477871955276321
P15790,P50275,1,0.9882898033828155
P47083,Q02866,1,0.9737935762921218
P23255,P35718,1,0.6727975513822142
P13712,Q12168,1,0.998659609322839
P53755,Q07824,1,0.9477871955276321
Q02196,Q99207,1,0.991786366108694
P04807,P07991,1,0.999344754691662
P08458,P43619,1,0.9882898033828155
P26263,P43619,1,0.991786366108694
P40167,Q02100,1,0.2908998230638355
Q04199,Q12285,1,0.9969608439827334
P40010,P47124,1,0.8698216636960541
P32591,P41814,1,0.998659609322839
P21306,Q00381,1,0.968813797052317
P29295,P34217,1,0.991786366108694
P06843,Q04359,1,0.991786366108694
P20435,Q04601,1,0.990191161471972
P04807,P38257,1,0.9559718967479742
Q00381,Q04048,1,0.968813797052317
P00128,P37366,1,0.11979573795215004
P40151,Q03323,1,0.5457642996380554
P28707,Q03308,1,0.9477871955276321
P32336,P40314,1,0.5457642996380554
P30624,P53971,1,0.8698216636960541
P38806,P41814,1,0.998659609322839
P38283,Q00955,1,0.9999921961737288
Q12175,Q12499,1,0.968813797052317
P25357,P34253,1,0.9999379110486144
P38217,P40202,1,0.9997587088099581
P32578,P38871,1,0.9801250807406316
P11484,Q06704,1,0.9998313406780007
P41816,P46947,1,0.9860250851958448
P06775,Q08902,1,0.34598151802789534
P04807,P38282,1,0.8236371563432046
P40087,P53254,1,0.998221892612242
P35728,Q02354,1,0.8698216636960541
P23776,P43622,1,0.10215886649901955
P39073,P40344,1,0.9559718967479742
P19097,P20967,1,0.8887939866477393
P35197,P42951,1,0.9948100989555331
P32263,P32905,1,0.9994521404297803
P33891,P51601,1,0.9999840254227226
P06844,P38801,1,0.9998589928845002
P18898,P22141,1,0.998221892612242
Q05949,Q12460,1,0.9559718967479742
P23624,P53743,1,0.9999637188089363
P18851,P40160,1,0.20535703713610182
P27801,P35197,1,0.9948100989555331
P53731,Q12129,1,0.9882898033828155
P32600,P43561,1,0.8887939866477393
P30619,P38182,1,0.9860250851958448
P33891,Q04053,1,0.8610709359016563
P36003,P38708,1,0.9629237816511903
P32892,P41901,1,0.10215886649901955
P21268,P25808,1,0.991786366108694
P21190,P38902,1,0.14000267481391956
P34087,P53168,1,0.9629237816511903
P36018,Q04493,1,0.9998589928845002
P39008,P53267,1,0.9882898033828155
P47089,Q04978,1,0.9629237816511903
P32259,Q06677,1,0.3066456413177487
P41832,Q01649,1,0.177666046269762
P10081,P53091,1,0.9559718967479742
P03965,P22137,1,0.9882898033828155
P32457,P36049,1,0.9381793741923651
P30771,P36145,1,0.99787387945956
P15938,P29468,1,0.14000267481391956
P43638,Q06706,1,0.8236371563432046
P02400,Q08921,1,0.9974579262441551
P04147,P53124,1,0.9997982668284467
P13185,Q07915,1,0.9992163368214833
P15790,P33418,1,0.9882898033828155
P40016,P47116,1,0.8481655091752459
P09435,Q07471,1,0.9969608439827334
P38861,Q03690,1,0.9963669152846191
P13185,P13517,1,0.9999637188089363
P25646,Q99257,1,0.8481655091752459
P32464,Q06604,1,0.7960989186865239
P39108,Q07657,1,0.881144331613277
P00044,P21374,1,0.968813797052317
Q04338,Q12151,1,0.968813797052317
P20435,P32471,1,0.991786366108694
P32458,Q00245,1,0.9629237816511903
P52593,P53145,1,0.99787387945956
P18888,P41811,1,0.9629237816511903
P25635,Q12514,1,0.9737935762921218
P21965,Q06164,1,0.7960989186865239
P07283,P38182,1,0.991786366108694
P25357,P53036,1,0.9999866448374121
P05986,P38768,1,0.9969608439827334
P32565,P38989,1,0.5896863956571242
Q06340,Q08931,1,0.990191161471972
P19812,Q03897,1,0.8481655091752459
P21576,P53743,1,0.11209327609155617
P39925,P39946,1,0.731823141663042
P24813,P53159,1,0.9629237816511903
P17505,P53142,1,0.11979573795215004
P39998,P47165,1,0.990191161471972
P38324,P40339,1,0.9999921961737288
P53068,Q08229,1,0.7960989186865239
P11154,P38063,1,0.999344754691662
P10659,P38249,1,0.990191161471972
P25357,P39730,1,0.9999379110486144
P07834,P32864,1,0.9053022951992605
P32328,P46680,1,0.8481655091752459
P35207,P52919,1,0.998221892612242
P38132,P53064,1,0.998221892612242
P28834,Q06169,1,0.991786366108694
P19882,P25390,1,0.9138445948538809
P50095,Q08438,1,0.9969608439827334
P23202,P32873,1,0.968813797052317
P38823,P40963,1,0.9629237816511903
P21801,Q07508,1,0.999344754691662
Q08235,Q12250,1,0.968813797052317
P17157,P53900,1,0.9737935762921218
P38283,Q06706,1,0.731823141663042
P09938,P39929,1,0.9999566029930074
P32861,Q08446,1,0.632223427858254
P24868,P27472,1,0.8236371563432046
P30619,Q06604,1,0.9998589928845002
P19735,P40573,1,0.9997982668284467
P38113,P53549,1,0.9974579262441551
P21242,P39944,1,0.998221892612242
P53202,Q04411,1,0.7654850470166412
P29056,P36160,1,0.269936153739633
P39077,P46947,1,0.991786366108694
P10592,Q03330,1,0.9629237816511903
P34241,Q08923,1,0.7109420055082598
P00958,P50091,1,0.998221892612242
P40070,P53939,1,0.7960989186865239
P04147,Q06549,1,0.9999566029930074
P05318,Q08581,1,0.926939874527476
P32913,P53941,1,0.9974579262441551
P05085,P12754,1,0.9963669152846191
P04807,P53685,1,0.9559718967479742
P11484,P32898,1,0.9994521404297803
P38620,Q12447,1,0.8887939866477393
P39927,Q07442,1,0.8236371563432046
P34240,P38853,1,0.99787387945956
P38013,Q04377,1,0.991786366108694
P32582,P36131,1,0.5011182063166444
P41814,Q02354,1,0.614578181515051
Q03768,Q12276,1,0.99787387945956
P17555,Q05933,1,0.9882898033828155
P25385,P25694,1,0.4564542746521081
P20606,P29465,1,0.926939874527476
P35193,P36124,1,0.9477871955276321
P06838,P29539,1,0.14000267481391956
P38181,Q06676,1,0.3875429546951469
P40455,Q06525,1,0.632223427858254
P23724,P53738,1,0.990191161471972
P29469,P31377,1,0.968813797052317
P27636,P41921,1,0.9559718967479742
P10363,P40561,1,0.9931239452219813
P34240,P38922,1,0.99787387945956
P25301,Q04089,1,0.08686233352054024
P37370,P38634,1,0.99787387945956
Q03785,Q08732,1,0.8698216636960541
Q06651,Q12347,1,0.9882898033828155
P32447,P53859,1,0.9995419351819327
P38716,P39998,1,0.991786366108694
P18852,Q12084,1,0.8887939866477393
P14736,Q02908,1,0.177666046269762
P38962,Q06001,1,0.11979573795215004
P04456,P32802,1,0.9994521404297803
P38810,Q06665,1,0.991786366108694
P46681,P53259,1,0.34598151802789534
P22203,P22543,1,0.990191161471972
P32945,Q12084,1,0.9138445948538809
P07262,P18898,1,0.99787387945956
P38316,P40064,1,0.6727975513822142
P24279,P25296,1,0.991786366108694
P38427,P52553,1,0.8698216636960541
P41808,Q12045,1,0.9956574233257949
P39111,Q12236,1,0.5896863956571242
P33199,Q07834,1,0.7960989186865239
Q12041,Q12310,1,0.99787387945956
P12688,P38764,1,0.991786366108694
P19145,Q06479,1,0.9998589928845002
P17119,P21182,1,0.9969608439827334
P54784,Q04089,1,0.3066456413177487
P28007,Q12517,1,0.9882898033828155
P31382,P43638,1,0.9995419351819327
P33755,P36144,1,0.8481655091752459
P48240,Q02773,1,0.9931239452219813
P25454,P51534,1,0.991786366108694
P17119,P53271,1,0.999344754691662
Q04792,Q08550,1,0.8236371563432046
P24868,P38228,1,0.9053022951992605
P24813,Q03656,1,0.9559718967479742
P20484,P53269,1,0.11979573795215004
P38429,P41817,1,0.6727975513822142
P25357,P41940,1,0.9997113960672188
P33201,P38903,1,0.9860250851958448
P21192,P34077,1,0.999344754691662
P22202,P40495,1,0.9974579262441551
P36085,P46985,1,0.9477871955276321
P32571,Q12427,1,0.9992163368214833
P17121,P49704,1,0.9974579262441551
P38930,P41832,1,0.177666046269762
P30656,P50101,1,0.9629237816511903
P32496,P50111,1,0.9629237816511903
P12612,Q12330,1,0.9998821119625748
P07260,Q12499,1,0.9559718967479742
P08153,P22204,1,0.9629237816511903
P38152,P53299,1,0.3875429546951469
P40469,Q12038,1,0.8887939866477393
P38165,Q06679,1,0.731823141663042
P39723,Q03012,1,0.9998589928845002
P06778,P38751,1,0.34598151802789534
P17065,P41811,1,0.9629237816511903
P53893,Q05946,1,0.991786366108694
P11927,P38794,1,0.8698216636960541
P36124,P47113,1,0.9998821119625748
P32561,P46988,1,0.9477871955276321
Q00816,Q06673,1,0.9998313406780007
P05453,P32497,1,0.152990112142205
P38293,Q04233,1,0.991786366108694
P53086,Q03010,1,0.9974579262441551
P32356,P38293,1,0.5896863956571242
P38810,Q12418,1,0.8481655091752459
P11075,P36017,1,0.9860250851958448
P32324,P49166,1,0.9974579262441551
P23624,Q07508,1,0.9999696678784947
P39729,Q05568,1,0.9995419351819327
P34218,Q06525,1,0.8887939866477393
P40457,P47012,1,0.990191161471972
P40574,P53267,1,0.9477871955276321
P38786,Q03758,1,0.990191161471972
P32590,P36018,1,0.9477871955276321
P47093,P47116,1,0.991786366108694
P28006,P53169,1,0.9974579262441551
P38590,Q07508,1,0.9998589928845002
P09440,P38883,1,0.20535703713610182
P29703,P40167,1,0.5896863956571242
P14680,Q12434,1,0.8698216636960541
P25567,P31412,1,0.8887939866477393
P25390,P34160,1,0.926939874527476
P38792,P47912,1,0.9882898033828155
P22213,Q04921,1,0.9860250851958448
P38153,P40314,1,0.998221892612242
P14904,P34226,1,0.5011182063166444
P38132,P53919,1,0.05265727275303471
Q03900,Q04195,1,0.991786366108694
P25045,P33296,1,0.10215886649901955
P43569,Q12418,1,0.9053022951992605
P15436,P38624,1,0.968813797052317
P23394,P53755,1,0.9629237816511903
P25296,P53136,1,0.9931239452219813
P32573,P33307,1,0.9969608439827334
P00830,P29366,1,0.9998821119625748
P06242,P53600,1,0.9995419351819327
P25659,P46949,1,0.9629237816511903
P10592,Q02354,1,0.8481655091752459
P33441,P39952,1,0.14000267481391956
P33313,P38313,1,0.9629237816511903
P21965,P33199,1,0.9998821119625748
P38042,Q12494,1,0.8481655091752459
P19882,P38764,1,0.9801250807406316
P53893,P57743,1,0.8698216636960541
P17536,P53048,1,0.9381793741923651
P32835,P53185,1,0.998221892612242
P32263,P47057,1,0.9559718967479742
P07264,P38861,1,0.731823141663042
P26798,P53914,1,0.10215886649901955
P35688,P48566,1,0.9860250851958448
P41911,Q08956,1,0.9559718967479742
P31109,P38339,1,0.9983971290076769
P32527,P40473,1,0.991786366108694
P14681,Q06479,1,0.4564542746521081
Q07887,Q12045,1,0.9801250807406316
P36048,Q02804,1,0.991786366108694
P32590,Q08285,1,0.968813797052317
P35207,P46985,1,0.9974579262441551
P32573,P40956,1,0.991786366108694
P33297,P49435,1,0.8887939866477393
P18851,P32364,1,0.998221892612242
P23639,Q06163,1,0.8481655091752459
P08638,P32828,1,0.34598151802789534
P12954,Q08096,1,0.14000267481391956
P23287,Q00764,1,0.731823141663042
P31384,P32523,1,0.5011182063166444
P38999,P40465,1,0.6727975513822142
P22204,P53281,1,0.9629237816511903
P53032,Q07896,1,0.9974579262441551
P04147,Q01939,1,0.9138445948538809
P40413,Q12517,1,0.9882898033828155
P39937,Q12017,1,0.9477871955276321
P47160,Q03162,1,0.9053022951992605
P03965,P50091,1,0.9974579262441551
P38886,P40217,1,0.5457642996380554
Q12734,Q99189,1,0.9882898033828155
P20676,Q7LIF1,1,0.5896863956571242
P09798,P53743,1,0.9992163368214833
P06701,P38204,1,0.11979573795215004
P00331,P38344,1,0.9629237816511903
P38293,P38793,1,0.9882898033828155
P07560,Q06648,1,0.9559718967479742
P49960,Q08235,1,0.269936153739633
P32917,Q07508,1,0.9860250851958448
P35182,P40988,1,0.7654850470166412
P17536,P36015,1,0.9860250851958448
P36084,Q08685,1,0.7109420055082598
P32074,P39925,1,0.9998313406780007
P53939,P54199,1,0.9997587088099581
P17536,P20459,1,0.9998589928845002
P54199,Q12363,1,0.8986587364327409
Q00416,Q04411,1,0.9999379110486144
P00817,P32786,1,0.9477871955276321
P07149,P07258,1,0.998221892612242
P12612,P89102,1,0.9477871955276321
Q02932,Q12417,1,0.5457642996380554
P39081,Q12175,1,0.9931239452219813
P40061,Q05778,1,0.990191161471972
P41940,Q06506,1,0.4564542746521081
P47093,Q04491,1,0.9860250851958448
P12754,P54885,1,0.9963669152846191
Q12118,Q12301,1,0.9559718967479742
P12753,P40010,1,0.9882898033828155
P39730,Q06549,1,0.9999696678784947
P14742,Q05670,1,0.9994521404297803
P24869,P43586,1,0.8236371563432046
P25604,P53855,1,0.9969608439827334
P43616,P53886,1,0.99787387945956
P30902,P38922,1,0.999344754691662
Q12034,Q99299,1,0.9559718967479742
P32642,P47054,1,0.9629237816511903
P14747,P18759,1,0.9998589928845002
P35203,Q03973,1,0.9948100989555331
P25342,Q00246,1,0.968813797052317
P39979,P40096,1,0.9477871955276321
P36120,Q12157,1,0.3066456413177487
P36057,P39551,1,0.10215886649901955
P16521,P53742,1,0.8236371563432046
P27476,Q12060,1,0.34598151802789534
P13185,P38823,1,0.9963669152846191
P14741,P41800,1,0.9994521404297803
P38070,P41940,1,0.9974579262441551
P10659,P53068,1,0.9994521404297803
P36224,Q04272,1,0.990191161471972
P39101,Q12406,1,0.34598151802789534
P41277,P53883,1,0.9833297649651694
P08153,P38590,1,0.9477871955276321
P36000,P37302,1,0.5896863956571242
P38208,P38229,1,0.99787387945956
P53043,Q03973,1,0.9974579262441551
Q02948,Q06137,1,0.5896863956571242
P38301,Q08726,1,0.9974579262441551
P32458,P51601,1,0.926939874527476
P38720,P52910,1,0.99787387945956
P19882,P33297,1,0.6952530364452563
P39962,Q07471,1,0.991786366108694
P33333,P40473,1,0.998221892612242
P32581,Q12518,1,0.9969608439827334
P09798,P38339,1,0.9983971290076769
P32916,P35210,1,0.11979573795215004
Q05021,Q7LIF1,1,0.23612467042648871
P20133,P38254,1,0.9931239452219813
P01120,P40485,1,0.8887939866477393
P32457,Q12310,1,0.9559718967479742
P37302,P41911,1,0.968813797052317
P07273,Q12327,1,0.34598151802789534
Q03900,Q06512,1,0.20535703713610182
P22216,P47057,1,0.8887939866477393
P53685,Q06696,1,0.968813797052317
P21672,P43574,1,0.9629237816511903
Q03063,Q12327,1,0.3875429546951469
P32481,P53141,1,0.152990112142205
P38113,Q03656,1,0.9994521404297803
P26309,P32863,1,0.08686233352054024
P32450,P38922,1,0.9992163368214833
P32913,Q12734,1,0.991786366108694
P23287,P36130,1,0.9833297649651694
P89102,Q12021,1,0.9559718967479742
P25357,P48239,1,0.9718054059263412
Q00816,Q06411,1,0.731823141663042
P25515,P35178,1,0.968813797052317
P33311,P40529,1,0.9998821119625748
P40462,P40483,1,0.9860250851958448
P50086,Q08966,1,0.990191161471972
P16862,P53297,1,0.8887939866477393
P40339,P54786,1,0.9833297649651694
P20438,Q06078,1,0.9477871955276321
P27796,P38871,1,0.9997982668284467
P08153,P13712,1,0.881144331613277
P25558,P40574,1,0.9381793741923651
P36118,P53604,1,0.8236371563432046
P08964,P15303,1,0.99787387945956
P41277,P53250,1,0.968813797052317
P48566,Q03956,1,0.9882898033828155
P53067,Q03957,1,0.9477871955276321
P15436,P54786,1,0.9931239452219813
P48606,Q12460,1,0.9995419351819327
P39077,Q04930,1,0.5457642996380554
P18410,P32629,1,0.9833297649651694
P32854,P43619,1,0.9801250807406316
P28007,Q04048,1,0.9477871955276321
P25369,P32490,1,0.9559718967479742
P13185,P46985,1,0.9998313406780007
P40565,Q12344,1,0.9974579262441551
P27895,Q05775,1,0.991786366108694
P39682,Q00618,1,0.7654850470166412
P38748,Q12427,1,0.990191161471972
P36094,Q12084,1,0.9737935762921218
Q00776,Q06151,1,0.991786366108694
P48240,Q03656,1,0.990191161471972
P53043,Q08285,1,0.9882898033828155
P48836,Q12256,1,0.9629237816511903
P24869,Q08496,1,0.5011182063166444
P43535,Q12264,1,0.8698216636960541
Q04411,Q12460,1,0.999344754691662
P22203,P53163,1,0.9931239452219813
P13185,P32337,1,0.3698590404339149
P32264,P32864,1,0.8481655091752459
P25344,P50111,1,0.9629237816511903
P33306,Q04439,1,0.99787387945956
P28817,P47083,1,0.9138445948538809
P11745,P25694,1,0.9998821119625748
P21192,P32495,1,0.9994521404297803
P47045,P53196,1,0.9994521404297803
P53313,Q6Q547,1,0.998221892612242
P17119,Q08746,1,0.9999566029930074
P24871,Q12038,1,0.9737935762921218
P32800,P42945,1,0.7654850470166412
P36049,Q06648,1,0.999344754691662
P38820,P38872,1,0.8481655091752459
P11938,Q04675,1,0.4564542746521081
P32524,P40453,1,0.9559718967479742
P43603,P53927,1,0.8698216636960541
P17555,P53011,1,0.9994521404297803
P02557,P34758,1,0.990191161471972
P40959,Q05636,1,0.991786366108694
P22213,Q06708,1,0.9860250851958448
P13856,P40302,1,0.9629237816511903
P28743,P38193,1,0.9559718967479742
P53032,Q12318,1,0.7960989186865239
P14126,P42935,1,0.990191161471972
P36172,Q03619,1,0.9860250851958448
Q07528,Q12527,1,0.9974579262441551
P17709,P53068,1,0.7960989186865239
P36094,P38276,1,0.9559718967479742
O13553,P36008,1,0.7960989186865239
P23293,Q07786,1,0.9860250851958448
P37296,Q00245,1,0.9969608439827334
P43588,Q05785,1,0.9974579262441551
P25604,Q04894,1,0.99787387945956
P38181,Q03691,1,0.34598151802789534
Q02100,Q08235,1,0.8986587364327409
P39929,Q03330,1,0.9138445948538809
P38631,Q12222,1,0.9983971290076769
P37302,P38682,1,0.991786366108694
P32528,Q00723,1,0.990191161471972
P14736,Q06160,1,0.99787387945956
P53267,Q04195,1,0.9882898033828155
P19073,P32480,1,0.632223427858254
P36149,P39729,1,0.990191161471972
P20053,Q08746,1,0.9801250807406316
P38291,P50113,1,0.9477871955276321
P18961,P53130,1,0.9882898033828155
P40453,Q03096,1,0.99787387945956
P30619,Q03503,1,0.9860250851958448
P36162,Q08444,1,0.6727975513822142
P17442,P25558,1,0.9860250851958448
P38886,P53859,1,0.99787387945956
P38742,Q03018,1,0.9053022951992605
P39079,P43592,1,0.8236371563432046
P42846,P53886,1,0.9990627746532618
P38962,P39704,1,0.3875429546951469
P38089,Q12118,1,0.8236371563432046
Q02197,Q12469,1,0.968813797052317
P36973,Q12055,1,0.11209327609155617
Q02629,Q03768,1,0.998221892612242
P32318,Q07468,1,0.991786366108694
P11745,P30624,1,0.9882898033828155
Q01590,Q12098,1,0.998221892612242
P30283,Q02775,1,0.7109420055082598
P28274,Q12060,1,0.6727975513822142
P32610,Q12276,1,0.9559718967479742
P40055,Q06151,1,0.9860250851958448
P48361,Q07084,1,0.968813797052317
P16862,P48232,1,0.968813797052317
P32336,P48240,1,0.5896863956571242
P13712,Q12021,1,0.998659609322839
P38113,P40186,1,0.9998821119625748
P40003,Q03308,1,0.9737935762921218
P11745,P35497,1,0.9994521404297803
P52286,Q04792,1,0.9990627746532618
P42839,Q00381,1,0.9860250851958448
P38203,P48566,1,0.8698216636960541
P22543,P47019,1,0.99787387945956
P14126,P41816,1,0.9860250851958448
P40014,P53877,1,0.10215886649901955
P06103,P40164,1,0.9833297649651694
P25371,P25580,1,0.10215886649901955
P40350,Q12118,1,0.990191161471972
P21182,P35056,1,0.991786366108694
P20967,Q12468,1,0.9559718967479742
P38960,Q12415,1,0.7109420055082598
P09798,P39563,1,0.999344754691662
P38636,Q07732,1,0.5457642996380554
P38720,P50091,1,0.998221892612242
P47017,P53163,1,0.990191161471972
P27515,P40507,1,0.990191161471972
P17536,P22141,1,0.9969608439827334
P35817,P46974,1,0.34598151802789534
P32898,P38793,1,0.9994521404297803
Q05080,Q06412,1,0.926939874527476
P38757,P38837,1,0.7960989186865239
P25635,P38287,1,0.9477871955276321
P38129,P47165,1,0.990191161471972
O13553,P02994,1,0.9882898033828155
P38217,P40541,1,0.9882898033828155
P53256,Q03558,1,0.9969608439827334
P14680,Q06216,1,0.991786366108694
P38998,Q12306,1,0.5011182063166444
P28495,P36010,1,0.20535703713610182
P38072,Q08749,1,0.11979573795215004
P32591,P38749,1,0.9559718967479742
P32381,Q02931,1,0.6727975513822142
P07260,Q07732,1,0.5011182063166444
P22214,P53901,1,0.14000267481391956
P40483,Q04121,1,0.9998589928845002
P12383,P38692,1,0.9882898033828155
P31383,P32835,1,0.998221892612242
P32900,P36022,1,0.9053022951992605
P33306,P38904,1,0.20535703713610182
P38883,P50091,1,0.998221892612242
P28834,Q07442,1,0.8698216636960541
P28708,P32573,1,0.998221892612242
P32500,P49686,1,0.632223427858254
P21965,P38998,1,0.9994521404297803
Q03081,Q07468,1,0.9969608439827334
P32450,P40202,1,0.9999888347410987
P38837,P38987,1,0.8887939866477393
P39718,Q07786,1,0.9381793741923651
P20081,Q06103,1,0.152990112142205
P53209,P53740,1,0.3875429546951469
P46672,Q06673,1,0.9998821119625748
P10566,P28239,1,0.3875429546951469
P42944,Q12026,1,0.3066456413177487
P25341,P33328,1,0.9559718967479742
P39984,P89102,1,0.968813797052317
P06105,Q03862,1,0.8481655091752459
P08524,P32325,1,0.9477871955276321
P13711,Q12417,1,0.991786366108694
Q04868,Q12021,1,0.990191161471972
P15442,P39718,1,0.9559718967479742
Q02821,Q12152,1,0.8236371563432046
P48412,Q12329,1,0.968813797052317
P38814,P39990,1,0.9994521404297803
P33399,P53082,1,0.9763191646925744
Q08285,Q12220,1,0.9931239452219813
P39547,P43555,1,0.11979573795215004
P50944,P53184,1,0.990191161471972
P33750,Q08601,1,0.9931239452219813
P53968,Q08873,1,0.99787387945956
P12684,Q04697,1,0.14000267481391956
Q04675,Q06819,1,0.9477871955276321
P38237,P49166,1,0.9998821119625748
P35169,P35193,1,0.9381793741923651
Q02795,Q12174,1,0.11979573795215004
P40096,P47050,1,0.9994521404297803
P07991,P25298,1,0.7654850470166412
P06839,P13856,1,0.991786366108694
P40187,Q12297,1,0.34598151802789534
P21242,Q12222,1,0.99787387945956
P25344,P48606,1,0.99787387945956
P38328,P46672,1,0.9477871955276321
P38328,P41814,1,0.881144331613277
P04076,P12962,1,0.9956574233257949
Q06224,Q08553,1,0.14000267481391956
P38862,Q08438,1,0.9999637188089363
P32588,P39926,1,0.9477871955276321
P47104,Q07915,1,0.9994521404297803
P38872,Q06628,1,0.9629237816511903
P00812,Q04005,1,0.9882898033828155
P27801,P53136,1,0.991786366108694
P35210,P39702,1,0.11979573795215004
P23287,P32468,1,0.9963669152846191
P36130,P38254,1,0.9931239452219813
O14455,P36048,1,0.991786366108694
P27796,P43637,1,0.9994521404297803
P46949,Q12280,1,0.99787387945956
P40009,Q07468,1,0.991786366108694
P04456,Q12265,1,0.9559718967479742
P53131,Q04673,1,0.7109420055082598
P24004,P32642,1,0.9974579262441551
P32453,P39515,1,0.10215886649901955
P31374,P40036,1,0.9559718967479742
Q08726,Q99383,1,0.9882898033828155
Q03690,Q12009,1,0.99787387945956
P08964,P16658,1,0.9559718967479742
P50104,P50105,1,0.6727975513822142
P53036,Q03322,1,0.9999637188089363
P06844,P47120,1,0.9477871955276321
P14832,Q99210,1,0.8236371563432046
O14467,Q04175,1,0.6727975513822142
P00830,P35198,1,0.7960989186865239
Q00816,Q05874,1,0.9833297649651694
P53939,Q07930,1,0.9994521404297803
P40573,P43568,1,0.9998589928845002
P05453,P25343,1,0.9974579262441551
P30902,P40574,1,0.9381793741923651
P27895,P32873,1,0.9931239452219813
P42846,Q08215,1,0.9997982668284467
P38889,Q06160,1,0.991786366108694
P33306,P39079,1,0.99787387945956
P19735,P25451,1,0.3291747920847551
P12688,P39563,1,0.9969608439827334
P27705,P53136,1,0.9931239452219813
P33892,P39968,1,0.9629237816511903
P43321,Q12315,1,0.9998821119625748
P36005,P53955,1,0.7960989186865239
P06169,P21374,1,0.9629237816511903
P38200,P38270,1,0.968813797052317
P22515,P38862,1,0.9999921961737288
P38931,P53125,1,0.6727975513822142
P38805,Q12411,1,0.99787387945956
P10862,P12962,1,0.6952530364452563
P23201,P39979,1,0.632223427858254
P07274,P38358,1,0.9931239452219813
P19882,P38753,1,0.6952530364452563
P48239,P53086,1,0.9882898033828155
P46949,Q08245,1,0.998221892612242
P38863,Q08649,1,0.991786366108694
P21192,P52593,1,0.9995419351819327
P38855,P47116,1,0.99787387945956
P18410,P39715,1,0.9992163368214833
P33307,P54860,1,0.9860250851958448
P16861,Q06673,1,0.4564542746521081
P18852,P40368,1,0.6727975513822142
P25649,P38270,1,0.9559718967479742
P00560,P39014,1,0.968813797052317
Q06137,Q12255,1,0.5896863956571242
P23394,P43568,1,0.9969608439827334
P39990,P40959,1,0.9882898033828155
P38856,P53322,1,0.9969608439827334
P32324,P36029,1,0.9969608439827334
P17157,P52918,1,0.8887939866477393
P32521,P40005,1,0.9737935762921218
P33892,Q12163,1,0.998221892612242
P40573,Q12163,1,0.9974579262441551
P06101,P36172,1,0.9931239452219813
P08458,P32527,1,0.9882898033828155
P25567,P39935,1,0.731823141663042
P49687,Q06436,1,0.9994521404297803
P32598,Q07887,1,0.968813797052317
P07262,P27472,1,0.9995419351819327
P38264,Q07914,1,0.11979573795215004
P40529,Q05568,1,0.9994521404297803
P11433,P80667,1,0.9931239452219813
P32581,Q08162,1,0.99787387945956
P37370,Q12260,1,0.990191161471972
P07270,P38801,1,0.9860250851958448
P02293,P22219,1,0.9994521404297803
P17157,P25357,1,0.881144331613277
P38193,Q12248,1,0.99787387945956
P35207,P40453,1,0.99787387945956
P38555,P50277,1,0.9718054059263412
P19735,P39743,1,0.9990627746532618
P28274,P38265,1,0.9053022951992605
P38690,Q06665,1,0.9860250851958448
P52553,Q03254,1,0.5896863956571242
P10081,P46948,1,0.9559718967479742
P53297,Q06102,1,0.8481655091752459
P02293,Q03010,1,0.9974579262441551
P50113,P50278,1,0.9994521404297803
P20606,Q08723,1,0.9963669152846191
Q00684,Q12330,1,0.9998821119625748
P32854,P36145,1,0.9990627746532618
P34244,P42845,1,0.632223427858254
P38229,P47120,1,0.9559718967479742
O14455,P41911,1,0.9629237816511903
P21801,P32458,1,0.9559718967479742
P38112,P53538,1,0.3875429546951469
P17536,P27351,1,0.9860250851958448
P39966,Q05166,1,0.9629237816511903
P32327,P33419,1,0.9931239452219813
P40485,Q03774,1,0.9477871955276321
P36022,Q12365,1,0.9053022951992605
Q03860,Q06644,1,0.7109420055082598
P35189,P49956,1,0.34598151802789534
P20606,P42843,1,0.9992163368214833
P07251,Q03010,1,0.9629237816511903
Q06324,Q92317,1,0.968813797052317
P06843,P34216,1,0.9931239452219813
P06103,Q07508,1,0.9999637188089363
P53091,P53202,1,0.8887939866477393
P24870,P38786,1,0.9995419351819327
Q03768,Q04062,1,0.9969608439827334
P43593,P53628,1,0.9381793741923651
P20095,P38204,1,0.11979573795215004
P40395,P54860,1,0.991786366108694
P20133,P38237,1,0.9882898033828155
P33307,P38873,1,0.999344754691662
P17555,P38333,1,0.9477871955276321
P40061,Q07471,1,0.99787387945956
P39967,Q05080,1,0.9833297649651694
P39984,P40485,1,0.968813797052317
Q06628,Q07376,1,0.9559718967479742
P14832,Q08965,1,0.8236371563432046
P32800,P38077,1,0.9381793741923651
P13185,P28817,1,0.9999906655601724
P40991,Q05881,1,0.991786366108694
P05694,P08566,1,0.3066456413177487
P36068,Q08491,1,0.9477871955276321
P32380,Q04412,1,0.9995419351819327
P12945,P53278,1,0.632223427858254
P40479,Q12433,1,0.991786366108694
P39979,Q12168,1,0.9559718967479742
P16474,P53079,1,0.14000267481391956
Q04660,Q05636,1,0.99787387945956
P07834,P52919,1,0.8481655091752459
P36013,P38768,1,0.9998589928845002
P09734,P53893,1,0.9860250851958448
P13185,P38989,1,0.9833297649651694
P08431,P38237,1,0.9477871955276321
P38630,P54790,1,0.10215886649901955
P49955,Q08558,1,0.9629237816511903
P14724,P32634,0,0.991786366108694
P32642,Q12390,0,0.9974579262441551
P43132,Q01329,0,0.3875429546951469
P22224,Q07468,0,0.8481655091752459
P17505,P21190,0,0.14000267481391956
P53959,Q03063,0,0.34598151802789534
Q04660,Q12149,0,0.9559718967479742
P38276,P39937,0,0.9559718967479742
P47050,Q00416,0,0.998659609322839
P32524,Q12098,0,0.9629237816511903
P48568,Q03940,0,0.34598151802789534
P25333,P36131,0,0.9992163368214833
P15790,Q00955,0,0.9998313406780007
P08964,P33400,0,0.990191161471972
P40005,Q02100,0,0.8986587364327409
P38720,Q06160,0,0.998221892612242
P23287,P38998,0,0.9992163368214833
P25694,P38987,0,0.9477871955276321
Q07471,Q12477,0,0.9963669152846191
P47122,P48363,0,0.9882898033828155
P38705,Q12220,0,0.9801250807406316
P32471,P53941,0,0.9974579262441551
P07170,P32917,0,0.991786366108694
P36224,P53389,0,0.23612467042648871
P32318,P38310,0,0.9833297649651694
P32598,Q00776,0,0.9629237816511903
P32895,Q06408,0,0.9559718967479742
P06844,P39927,0,0.9994521404297803
P20438,P39946,0,0.7960989186865239
P20459,Q12033,0,0.9974579262441551
P49334,Q03976,0,0.10215886649901955
P00931,P25719,0,0.9559718967479742
P24783,Q12329,0,0.968813797052317
P23561,P33203,0,0.998221892612242
P30665,P38720,0,0.9629237816511903
P50108,Q03338,0,0.9477871955276321
P16521,P38129,0,0.990191161471972
P53150,Q12034,0,0.968813797052317
P53130,Q07471,0,0.991786366108694
P14724,P38920,0,0.05265727275303471
Q03785,Q04562,0,0.7654850470166412
P38817,P53973,0,0.3875429546951469
P07149,Q08963,0,0.9974579262441551
P38011,P38555,0,0.881144331613277
P25584,P38879,0,0.7654850470166412
P29340,Q12107,0,0.8481655091752459
P21951,Q06644,0,0.7109420055082598
P38991,P41834,0,0.7654850470166412
P29056,P41544,0,0.0736682654912242
P40496,P53093,0,0.11979573795215004
P27515,Q06696,0,0.9931239452219813
P07274,Q03503,0,0.9931239452219813
P14741,Q12527,0,0.9994521404297803
P43321,P47165,0,0.9994521404297803
P02400,P13712,0,0.9997113960672188
P35729,Q12440,0,0.9477871955276321
P39523,P39937,0,0.9559718967479742
P36421,Q08972,0,0.9882898033828155
P17629,Q12417,0,0.5457642996380554
P15108,P32327,0,0.9882898033828155
P32264,P43612,0,0.9629237816511903
P36062,P40413,0,0.9477871955276321
P39101,Q03280,0,0.7109420055082598
P22202,P53939,0,0.9998821119625748
Q03012,Q08491,0,0.9381793741923651
P32867,Q05778,0,0.990191161471972
P14747,P36049,0,0.9998589928845002
P38682,Q04651,0,0.991786366108694
P32786,P39715,0,0.9994521404297803
P20134,P48524,0,0.3066456413177487
P40078,P41832,0,0.999344754691662
P32796,Q05670,0,0.7960989186865239
P33895,Q04175,0,0.5011182063166444
P34087,P53900,0,0.9737935762921218
Q92331,Q99210,0,0.990191161471972
P38817,Q99344,0,0.028440739499073768
P40151,Q12447,0,0.9629237816511903
P28007,P39742,0,0.9477871955276321
P53040,Q03012,0,0.9381793741923651
O14455,P54786,0,0.991786366108694
P38344,P39705,0,0.9737935762921218
P53877,Q04225,0,0.11979573795215004
P53893,Q03920,0,0.8698216636960541
P38257,P40965,0,0.9737935762921218
P17123,P53199,0,0.8481655091752459
P40186,P51862,0,0.9477871955276321
P43583,Q06103,0,0.152990112142205
P14904,P32642,0,0.99787387945956
P40956,Q12483,0,0.968813797052317
P38959,P48361,0,0.9833297649651694
P09938,P38165,0,0.7654850470166412
P21657,P34226,0,0.10215886649901955
P22204,Q12434,0,0.8481655091752459
P12753,Q06604,0,0.9998821119625748
P25370,P46954,0,0.3066456413177487
Q03280,Q12199,0,0.5896863956571242
P38990,Q08446,0,0.9477871955276321
P32350,P40327,0,0.9629237816511903
P16661,P35172,0,0.3875429546951469
P27895,P38339,0,0.9664608438412623
P00044,Q06078,0,0.968813797052317
P14736,P19735,0,0.9990627746532618
P32324,P42935,0,0.99787387945956
P10591,P53115,0,0.34598151802789534
P18759,Q07844,0,0.9860250851958448
P53322,Q04264,0,0.9969608439827334
P12868,P41921,0,0.9737935762921218
P53283,Q12518,0,0.9969608439827334
P35497,P39730,0,0.999344754691662
P36018,P38766,0,0.9974579262441551
P32458,P38337,0,0.0736682654912242
P17255,Q06616,0,0.991786366108694
P38301,Q03900,0,0.998221892612242
P25644,P35181,0,0.9882898033828155
P32566,P33891,0,0.22283620690342346
P19073,P38429,0,0.6727975513822142
P38862,Q12044,0,0.9998313406780007
P38785,P53124,0,0.9994521404297803
P18410,P31377,0,0.9833297649651694
P15108,Q02825,0,0.9994521404297803
P22213,P25357,0,0.9999379110486144
P00330,Q12328,0,0.968813797052317
P00958,Q00723,0,0.99787387945956
P24004,Q92331,0,0.9882898033828155
P32481,Q12241,0,0.9997587088099581
P41805,P47017,0,0.990191161471972
P06738,P38789,0,0.8887939866477393
P40856,Q12347,0,0.4564542746521081
P39008,Q12255,0,0.5896863956571242
P35056,Q00816,0,0.9833297649651694
P29469,Q03048,0,0.9737935762921218
P33420,P40541,0,0.9931239452219813
P53865,Q06251,0,0.9381793741923651
P33891,Q12044,0,0.9996548093732386
P10863,P53181,0,0.11979573795215004
O14455,P25644,0,0.9974579262441551
P33420,P50094,0,0.9882898033828155
P36100,Q06410,0,0.3066456413177487
P16649,P25605,0,0.10215886649901955
P38042,P39718,0,0.9629237816511903
P22216,P39682,0,0.7654850470166412
P13712,P53254,0,0.9937984742668382
P31385,P38922,0,0.5011182063166444
P32525,Q03900,0,0.9963669152846191
P38348,P53271,0,0.9995419351819327
P28834,P40518,0,0.968813797052317
P25604,P35190,0,0.8481655091752459
P36168,Q02516,0,0.10215886649901955
P36048,P39904,0,0.990191161471972
Q04934,Q07528,0,0.991786366108694
P52553,Q06406,0,0.9931239452219813
P35190,P47050,0,0.8236371563432046
P25808,P33199,0,0.9974579262441551
P40462,P50113,0,0.9882898033828155
P47027,P53337,0,0.14000267481391956
P25367,P32849,0,0.9559718967479742
P06773,P36068,0,0.9882898033828155
P38339,P38720,0,0.9925911304644275
P40357,Q01684,0,0.3875429546951469
P60010,Q05947,0,0.7654850470166412
P52919,Q03532,0,0.991786366108694
P38329,Q08972,0,0.990191161471972
P41811,Q00684,0,0.9974579262441551
P34217,Q12377,0,0.991786366108694
Q12163,Q12264,0,0.991786366108694
P23642,P40155,0,0.9477871955276321
P38853,P47104,0,0.9994521404297803
P29340,P39967,0,0.991786366108694
P38324,Q99385,0,0.9992163368214833
O13554,P32773,0,0.5896863956571242
P39704,P40957,0,0.3875429546951469
O13565,Q06624,0,0.9477871955276321
P32773,Q06406,0,0.9931239452219813
Q08601,Q12256,0,0.991786366108694
P47134,Q12009,0,0.990191161471972
P36084,P43569,0,0.6727975513822142
P32379,P53043,0,0.152990112142205
Q00684,Q12255,0,0.4564542746521081
P16521,P38814,0,0.9995419351819327
P25719,P41814,0,0.998659609322839
P42884,Q07468,0,0.8481655091752459
P20484,P39704,0,0.3875429546951469
P47029,P53036,0,0.9963669152846191
P25694,Q04493,0,0.9998589928845002
P39944,Q12300,0,0.05265727275303471
P16862,Q04272,0,0.9559718967479742
P16892,P33401,0,0.9995419351819327
P07866,P35691,0,0.9629237816511903
P11484,Q12483,0,0.9477871955276321
P38806,P50094,0,0.9994521404297803
P31383,Q99314,0,0.05265727275303471
Q03899,Q08215,0,0.9994521404297803
P25515,P53049,0,0.8698216636960541
P27705,P53283,0,0.991786366108694
P32910,P47005,0,0.11979573795215004
P00358,P39730,0,0.9860250851958448
P18851,Q07508,0,0.9969608439827334
P36172,Q04978,0,0.991786366108694
P38276,P40477,0,0.990191161471972
P32578,Q03018,0,0.8698216636960541
P42846,Q03690,0,0.9956574233257949
P38620,P38989,0,0.8698216636960541
Q02196,Q08601,0,0.9931239452219813
P25644,P53112,0,0.9994521404297803
P39929,Q00578,0,0.9999566029930074
P40013,Q12152,0,0.9995419351819327
P39729,P51862,0,0.9559718967479742
P29465,P32496,0,0.9629237816511903
Q07993,Q12264,0,0.5896863956571242
P40496,Q04089,0,0.08686233352054024
P38766,Q08581,0,0.9629237816511903
P14164,P20438,0,0.7960989186865239
P50944,Q04272,0,0.9995419351819327
P32496,Q07442,0,0.8481655091752459
P47110,P54790,0,0.10215886649901955
P36022,P53952,0,0.08686233352054024
P32629,P38291,0,0.968813797052317
P14832,P36017,0,0.7654850470166412
P53600,Q99278,0,0.177666046269762
Q05636,Q12151,0,0.9629237816511903
Q02629,Q03785,0,0.8481655091752459
Q03012,Q12527,0,0.9998589928845002
Q08217,Q08949,0,0.968813797052317
P00175,Q05583,0,0.990191161471972
Q05166,Q06624,0,0.9477871955276321
P38329,P47068,0,0.8236371563432046
P43563,P53152,0,0.99787387945956
P43639,Q08649,0,0.23612467042648871
P13517,P46948,0,0.9381793741923651
P22133,Q03758,0,0.990191161471972
P32527,P38862,0,0.9833297649651694
P25719,Q12347,0,0.9994521404297803
P53731,P53886,0,0.990191161471972
P12385,P40010,0,0.990191161471972
P33334,P54999,0,0.9995419351819327
P07251,P38883,0,0.9629237816511903
P39742,P40155,0,0.9737935762921218
P22133,P25296,0,0.990191161471972
P40485,Q00816,0,0.926939874527476
P16521,Q12055,0,0.9992163368214833
P36017,P48559,0,0.9381793741923651
P32605,Q07915,0,0.8236371563432046
P32867,P32917,0,0.990191161471972
P32523,Q04511,0,0.8236371563432046
P05318,P08964,0,0.9992163368214833
P42945,P53211,0,0.6727975513822142
P38193,Q08144,0,0.9995419351819327
P20459,P39935,0,0.9998313406780007
P48415,Q12060,0,0.5896863956571242
P43593,Q08446,0,0.9381793741923651
P39013,Q06604,0,0.152990112142205
Q04199,Q08491,0,0.9381793741923651
Q05166,Q08562,0,0.8887939866477393
P39730,Q08215,0,0.9998589928845002
P09938,Q04978,0,0.9969608439827334
P27636,Q02630,0,0.8236371563432046
P32854,P38232,0,0.9138445948538809
Q08966,Q12186,0,0.9931239452219813
P36103,P43593,0,0.9969608439827334
P53549,Q08979,0,0.8481655091752459
P23642,P24004,0,0.9998821119625748
P39707,P42843,0,0.99787387945956
Q07623,Q12018,0,0.968813797052317
P43603,Q12347,0,0.9882898033828155
P35729,P53199,0,0.9974579262441551
Q03919,Q06479,0,0.7960989186865239
Q04005,Q99385,0,0.9994521404297803
P00958,Q03323,0,0.5457642996380554
P25591,P40091,0,0.990191161471972
P38692,P53032,0,0.9998821119625748
P40186,Q12017,0,0.9998821119625748
P38113,P40064,0,0.4564542746521081
P32327,P48415,0,0.9931239452219813
P32495,Q03900,0,0.9974579262441551
P32264,Q06251,0,0.9629237816511903
P53068,Q04233,0,0.9974579262441551
P21182,P40991,0,0.991786366108694
P09734,Q12241,0,0.9999480916273077
P38247,P53032,0,0.9998821119625748
P06242,P32505,0,0.9995419351819327
Q03254,Q06677,0,0.6727975513822142
P17119,P53011,0,0.999344754691662
P47041,Q05775,0,0.9974579262441551
P22517,Q06708,0,0.9931239452219813
P32783,P40565,0,0.991786366108694
P18410,P40316,0,0.9963669152846191
P38348,P53258,0,0.9559718967479742
P32380,P39744,0,0.5011182063166444
P42843,P46675,0,0.99787387945956
P40515,Q08491,0,0.9629237816511903
P53068,Q08446,0,0.9477871955276321
P38998,Q06409,0,0.990191161471972
P39984,P47122,0,0.9882898033828155
P43616,Q04233,0,0.998221892612242
P40555,Q02630,0,0.731823141663042
P06844,P08458,0,0.9998821119625748
P07258,P40316,0,0.998221892612242
P36019,P38768,0,0.9969608439827334
P34160,P36103,0,0.9963669152846191
P32264,Q08236,0,0.8481655091752459
P24583,P39743,0,0.8236371563432046
P24867,P38200,0,0.9931239452219813
P16451,Q04053,0,0.0736682654912242
P14741,P38324,0,0.9992163368214833
P39968,Q04195,0,0.968813797052317
P21242,P53298,0,0.998221892612242
P47912,P53184,0,0.9882898033828155
P38149,P38346,0,0.9997982668284467
P33329,P54999,0,0.9994521404297803
P38690,P53738,0,0.999344754691662
P32607,Q12495,0,0.8481655091752459
P11745,P48582,0,0.9994521404297803
P38590,Q12734,0,0.9882898033828155
P13185,Q02825,0,0.9992163368214833
P21243,P38720,0,0.991786366108694
Q03774,Q12250,0,0.9882898033828155
P36018,P38217,0,0.9998821119625748
P40456,Q05027,0,0.11979573795215004
P53199,Q02804,0,0.998221892612242
P32805,Q06449,0,0.34598151802789534
P18962,Q08649,0,0.991786366108694
P08524,P40555,0,0.9998313406780007
P09232,P57743,0,0.8887939866477393
P40565,P53389,0,0.20535703713610182
P25357,Q12129,0,0.9997113960672188
P53145,P53280,0,0.9974579262441551
Q03899,Q06648,0,0.9995419351819327
Q07381,Q12417,0,0.998221892612242
P33334,Q05670,0,0.9994521404297803
P08964,P32366,0,0.9995419351819327
P32582,P40013,0,0.5011182063166444
P38200,P42951,0,0.991786366108694
P25644,P39935,0,0.9998313406780007
P25605,P49334,0,0.7109420055082598
P32525,P34077,0,0.9999637188089363
P29340,Q12098,0,0.998221892612242
P28006,Q03254,0,0.5457642996380554
Q00776,Q12034,0,0.9629237816511903
P32450,P53939,0,0.9998313406780007
Q04272,Q12034,0,0.9559718967479742
P21268,Q03956,0,0.9882898033828155
P04076,P53552,0,0.8481655091752459
P15873,P30656,0,0.9629237816511903
P34241,P38729,0,0.34598151802789534
P38339,Q12306,0,0.22283620690342346
P22141,Q08972,0,0.991786366108694
P23394,P43583,0,0.9974579262441551
P18961,P20795,0,0.7960989186865239
P32349,Q08217,0,0.991786366108694
P40009,Q07657,0,0.9718054059263412
P28817,P35691,0,0.9138445948538809
P38871,Q00416,0,0.9999971274511633
P14680,P38063,0,0.990191161471972
P28817,P39682,0,0.9999566029930074
P43586,Q04002,0,0.8887939866477393
P17123,Q03088,0,0.6727975513822142
P41544,Q06706,0,0.08686233352054024
P09232,P47045,0,0.9559718967479742
O13559,P35728,0,0.9931239452219813
P21192,Q07657,0,0.998659609322839
P31384,P36017,0,0.41247978840017635
P47083,Q07786,0,0.9381793741923651
P39936,Q04847,0,0.06234150225217952
P47017,Q05881,0,0.99787387945956
P00330,P18851,0,0.991786366108694
P32605,Q04839,0,0.8698216636960541
P38696,Q06512,0,0.1311946267480314
P13517,P21182,0,0.9969608439827334
P21801,P38194,0,0.5011182063166444
P07834,Q03337,0,0.9053022951992605
P08431,P20459,0,0.9477871955276321
Q06340,Q12038,0,0.968813797052317
P27351,Q12020,0,0.990191161471972
P32913,P48525,0,0.8481655091752459
P43638,P47160,0,0.8236371563432046
P38793,Q08215,0,0.9998821119625748
P38696,P39936,0,0.9860250851958448
P17891,P32642,0,0.9629237816511903
P14291,P46988,0,0.269936153739633
P35190,Q03619,0,0.7654850470166412
P08678,P38152,0,0.11979573795215004
P28707,P38696,0,0.9998589928845002
P53032,Q12452,0,0.7960989186865239
P38627,P54999,0,0.5011182063166444
P32639,P53221,0,0.998221892612242
P13185,Q08773,0,0.11209327609155617
P11484,P40457,0,0.9882898033828155
Q07418,Q99299,0,0.990191161471972
P38590,Q12517,0,0.9882898033828155
P08018,Q03048,0,0.9737935762921218
P38329,P53267,0,0.9994521404297803
P53743,Q00723,0,0.9992163368214833
P14741,P24870,0,0.9995419351819327
P14904,P53258,0,0.9559718967479742
P23624,Q04002,0,0.9381793741923651
P18963,P21538,0,0.9053022951992605
P39727,P40009,0,0.968813797052317
P03069,P16451,0,0.14000267481391956
P34758,P38690,0,0.999344754691662
P34217,Q12518,0,0.9969608439827334
P07258,Q12118,0,0.99787387945956
P32481,Q06218,0,0.152990112142205
P18888,P25294,0,0.9477871955276321
P33419,P48837,0,0.9931239452219813
P43581,P47005,0,0.3875429546951469
P00729,P47045,0,0.990191161471972
P32917,P48361,0,0.9931239452219813
Q04491,Q04601,0,0.999344754691662
P23638,Q03758,0,0.968813797052317
P40469,P53150,0,0.8698216636960541
Q01389,Q04601,0,0.8236371563432046
P38705,Q12468,0,0.9990627746532618
Q02199,Q04439,0,0.999344754691662
P47012,Q04921,0,0.990191161471972
P53277,P53904,0,0.9629237816511903
P25342,P54860,0,0.968813797052317
P32588,P53032,0,0.9998821119625748
P32528,P53196,0,0.9882898033828155
P19882,P36015,0,0.9801250807406316
P19145,P33297,0,0.7654850470166412
P25605,Q08911,0,0.5457642996380554
P28795,P39079,0,0.9995419351819327
P53949,Q06568,0,0.9737935762921218
P04386,P39001,0,0.11979573795215004
P17119,P39718,0,0.9381793741923651
P40003,P40005,0,0.9737935762921218
P32581,P39743,0,0.99787387945956
P21339,P39111,0,0.10215886649901955
P40096,Q08162,0,0.9994521404297803
P29056,Q12505,0,0.0736682654912242
P24869,P38063,0,0.9995419351819327
P18898,P47113,0,0.9974579262441551
P06787,P53145,0,0.9974579262441551
P33314,Q12495,0,0.6727975513822142
Q00776,Q12020,0,0.99787387945956
P19882,P38555,0,0.9999971274511633
P28708,Q03897,0,0.998221892612242
P38690,Q03790,0,0.41247978840017635
P10592,Q99189,0,0.9974579262441551
P40007,P46963,0,0.5896863956571242
P38999,P47150,0,0.8236371563432046
P22543,Q05947,0,0.999344754691662
Q12236,Q12440,0,0.968813797052317
P13663,Q05580,0,0.8887939866477393
Q05874,Q08817,0,0.9931239452219813
P06101,P48239,0,0.9931239452219813
P36024,P47150,0,0.8236371563432046
P33332,Q03973,0,0.8481655091752459
P35193,Q99189,0,0.9477871955276321
P39935,Q04149,0,0.9833297649651694
P21672,P32628,0,0.9629237816511903
P07269,P41817,0,0.34598151802789534
P41810,P53124,0,0.9477871955276321
P25294,P53743,0,0.9998313406780007
P25043,P25644,0,0.9882898033828155
P38339,P51996,0,0.9996548093732386
P28817,P48568,0,0.09546740270219344
P40060,Q03691,0,0.10215886649901955
P46963,Q12263,0,0.8698216636960541
P32328,P36000,0,0.5457642996380554
P38620,Q02256,0,0.7654850470166412
P20433,P32480,0,0.9559718967479742
P39730,Q04048,0,0.9381793741923651
P04456,Q03774,0,0.9994521404297803
P39904,P53081,0,0.9559718967479742
P08456,Q01454,0,0.14000267481391956
Q04272,Q07418,0,0.990191161471972
P12612,P53169,0,0.9998821119625748
Q08966,Q12418,0,0.8698216636960541
P25649,Q08726,0,0.9994521404297803
P25559,P40460,0,0.10215886649901955
P38310,P39081,0,0.9833297649651694
P16140,P40963,0,0.9629237816511903
P21801,Q12406,0,0.177666046269762
P19735,Q12318,0,0.6952530364452563
Q00416,Q00578,0,0.9999379110486144
P12753,P40482,0,0.7960989186865239
P26793,P53754,0,0.9477871955276321
P40069,Q05933,0,0.968813797052317
P25293,P47027,0,0.08686233352054024
P25296,P33332,0,0.8698216636960541
P19145,P27351,0,0.9860250851958448
P36080,Q05024,0,0.9931239452219813
P39958,P48562,0,0.9053022951992605
O13559,P38287,0,0.9882898033828155
P32600,Q02948,0,0.632223427858254
P38636,P41277,0,0.991786366108694
P38768,P38922,0,0.999344754691662
P30619,P43583,0,0.9998589928845002
Q06679,Q08726,0,0.9998313406780007
P38735,Q03280,0,0.6727975513822142
P20133,P38856,0,0.991786366108694
P33328,P35207,0,0.99787387945956
P25582,P38716,0,0.991786366108694
P43535,Q02199,0,0.7654850470166412
P24279,P48582,0,0.99787387945956
P25605,P53600,0,0.5011182063166444
P36139,P54861,0,0.991786366108694
P25389,P31382,0,0.5011182063166444
Q12107,Q12248,0,0.8481655091752459
P38744,Q12035,0,0.14000267481391956
P21192,P53100,0,0.9995419351819327
P24869,P41318,0,0.990191161471972
P53323,Q06568,0,0.632223427858254
P28708,Q03220,0,0.99787387945956
P11433,P32464,0,0.8698216636960541
P32495,P32591,0,0.9994521404297803
P21576,P38696,0,0.1311946267480314
P32767,P53043,0,0.9882898033828155
P32582,Q03063,0,0.34598151802789534
P43568,Q05881,0,0.9969608439827334
P39563,Q12310,0,0.999344754691662
P32450,Q07471,0,0.9963669152846191
Q06263,Q07657,0,0.0687001599016809
P36224,Q07442,0,0.8698216636960541
P30619,P38959,0,0.9999637188089363
P32898,Q05636,0,0.99787387945956
P32828,P38999,0,0.3066456413177487
P00830,P24783,0,0.9882898033828155
P51996,P53152,0,0.9994521404297803
P47113,Q92317,0,0.9882898033828155
P23394,P53086,0,0.9974579262441551
P15303,P38883,0,0.998221892612242
P28004,Q04307,0,0.3066456413177487
P53086,Q06151,0,0.9882898033828155
P25357,Q06479,0,0.9997113960672188
P32447,Q12347,0,0.9994521404297803
P38988,Q12301,0,0.632223427858254
P41834,P53032,0,0.9998589928845002
P38805,P50095,0,0.99787387945956
P15891,P32642,0,0.998221892612242
P33307,P40061,0,0.999344754691662
P40455,P50094,0,0.4564542746521081
Q06525,Q07913,0,0.0736682654912242
P19882,Q12168,0,0.9990627746532618
P28817,Q08558,0,0.9956574233257949
P04147,Q03096,0,0.9956574233257949
P49573,P49687,0,0.9559718967479742
P38077,P39966,0,0.9629237816511903
P40061,Q12152,0,0.9995419351819327
P17119,Q03862,0,0.9969608439827334
P26570,P38334,0,0.990191161471972
P47029,Q12142,0,0.8481655091752459
P22336,P38274,0,0.8698216636960541
P00331,P33401,0,0.99787387945956
P24868,P31688,0,0.8698216636960541
P29295,P47045,0,0.990191161471972
P53298,Q08729,0,0.99787387945956
P36421,Q06142,0,0.9882898033828155
P32591,P32610,0,0.9559718967479742
P32767,Q04601,0,0.990191161471972
P25357,P32867,0,0.998659609322839
P40327,Q03322,0,0.9381793741923651
P04147,P47089,0,0.9138445948538809
P22133,P32481,0,0.9994521404297803
P36149,P38193,0,0.990191161471972
P32527,Q06169,0,0.991786366108694
P27637,P48361,0,0.8698216636960541
P38219,Q12264,0,0.8698216636960541
P54837,Q02775,0,0.10215886649901955
P40991,P53549,0,0.991786366108694
P38249,Q07688,0,0.5896863956571242
P53221,P80667,0,0.991786366108694
P03965,Q08492,0,0.9477871955276321
P17255,P25584,0,0.9969608439827334
P48606,Q12280,0,0.9995419351819327
P01120,P41940,0,0.7960989186865239
P36057,P38996,0,0.10215886649901955
P39707,Q12041,0,0.998221892612242
P47113,Q06679,0,0.9998313406780007
P02557,P33401,0,0.990191161471972
P00359,P41805,0,0.9882898033828155
P53011,Q06451,0,0.8236371563432046
Q06665,Q12233,0,0.06234150225217952
P09435,P14164,0,0.7654850470166412
P32916,P39550,0,0.14000267481391956
P39703,P53267,0,0.9477871955276321
P35056,Q04048,0,0.968813797052317
P40413,Q12030,0,0.0373969186040905
P53169,Q03619,0,0.9998589928845002
P38352,Q12220,0,0.990191161471972
P23724,Q04338,0,0.9931239452219813
P13517,Q08215,0,0.9998589928845002
P14742,Q02100,0,0.9988791550721102
Q06604,Q12522,0,0.7960989186865239
P41807,Q12220,0,0.9931239452219813
P33303,P38776,0,0.11979573795215004
Q12044,Q12473,0,0.9882898033828155
P19262,P53081,0,0.9477871955276321
P28007,P50108,0,0.9998821119625748
P53163,Q12483,0,0.968813797052317
P40483,Q04411,0,0.9999696678784947
P46655,Q08229,0,0.6560398934298338
P38348,Q06408,0,0.9559718967479742
P18962,P38990,0,0.9974579262441551
P17898,P33323,0,0.14000267481391956
P09734,P53184,0,0.9860250851958448
P39723,Q04121,0,0.9998821119625748
P40529,Q03690,0,0.9974579262441551
P30656,P50111,0,0.9629237816511903
P15108,Q06640,0,0.7960989186865239
P22216,Q04175,0,0.6727975513822142
P38751,Q07800,0,0.023888543226395515
P13517,P46672,0,0.9998589928845002
P41832,Q12264,0,0.990191161471972
P38232,Q05930,0,0.632223427858254
P53250,P53691,0,0.968813797052317
P39960,Q12427,0,0.9995419351819327
P06784,Q12263,0,0.6727975513822142
P38696,P53551,0,0.1311946267480314
P34730,Q12241,0,0.9988791550721102
Q04005,Q04675,0,0.9998821119625748
P32450,Q04195,0,0.9833297649651694
P14832,P38590,0,0.7960989186865239
P38861,Q03792,0,0.9998313406780007
P05694,P40078,0,0.7654850470166412
P00044,P50113,0,0.9882898033828155
P05986,P41901,0,0.5457642996380554
P15646,P39994,0,0.9969608439827334
P22139,Q02795,0,0.3875429546951469
P53036,Q04199,0,0.9999637188089363
P38293,P53691,0,0.9931239452219813
P40339,Q06409,0,0.9833297649651694
P40483,P49166,0,0.9998589928845002
P41807,Q08949,0,0.968813797052317
P20052,P36224,0,0.968813797052317
P38811,Q12222,0,0.04440616256742121
O74700,P52490,0,0.34598151802789534
P38622,Q12134,0,0.5896863956571242
P33334,Q03774,0,0.9994521404297803
Q02825,Q04675,0,0.9994521404297803
P22216,Q05785,0,0.7960989186865239
P47176,Q03619,0,0.9999480916273077
P21801,Q06628,0,0.9559718967479742
P36120,P53191,0,0.3066456413177487
P17891,P29509,0,0.9629237816511903
P19882,Q06406,0,0.9801250807406316
P32447,P53927,0,0.8236371563432046
P34730,P38959,0,0.9992163368214833
P34253,Q03735,0,0.7654850470166412
P32524,P38324,0,0.926939874527476
P36018,P38760,0,0.4564542746521081
P02829,P04147,0,0.9999566029930074
P38856,Q12285,0,0.998221892612242
P32793,P46988,0,0.968813797052317
P54199,Q05568,0,0.9988791550721102
P32944,Q04225,0,0.3875429546951469
P32501,P43321,0,0.9882898033828155
P46988,Q12175,0,0.968813797052317
P32525,P39994,0,0.9999637188089363
P13186,Q12154,0,0.9559718967479742
P35207,Q12477,0,0.9963669152846191
P39969,P40316,0,0.99787387945956
P38247,Q02892,0,0.9974579262441551
P41895,P53894,0,0.7109420055082598
P30619,P38339,0,0.9999257339425887
P29461,P33332,0,0.8698216636960541
P09232,P53322,0,0.9381793741923651
P34164,Q02932,0,0.632223427858254
P25644,P38766,0,0.9974579262441551
P38708,Q04062,0,0.9969608439827334
P20606,P50091,0,0.9963669152846191
P40202,P41814,0,0.9999993821513686
P34909,P53197,0,0.9053022951992605
P06843,Q08215,0,0.9882898033828155
P40103,P49960,0,0.269936153739633
P32578,P39081,0,0.9931239452219813
P34758,P38329,0,0.9995419351819327
P32380,Q08144,0,0.9995419351819327
P41940,P47176,0,0.9997587088099581
P53743,Q12129,0,0.9998313406780007
P40959,Q07084,0,0.968813797052317
P36019,P53847,0,0.99787387945956
Q06108,Q07418,0,0.991786366108694
P33328,P53298,0,0.99787387945956
P25584,P40316,0,0.9969608439827334
P36107,P40555,0,0.9833297649651694
P11978,Q03630,0,0.34598151802789534
Q04868,Q12427,0,0.990191161471972
P14359,P39081,0,0.9931239452219813
P24583,P32867,0,0.8236371563432046
P33201,P43583,0,0.9882898033828155
P06242,Q03898,0,0.9995419351819327
P30902,Q02804,0,0.9969608439827334
P07991,Q00539,0,0.9969608439827334
P32607,Q12329,0,0.9629237816511903
P32364,Q12041,0,0.998221892612242
P38792,Q04921,0,0.9931239452219813
P05085,P32349,0,0.998221892612242
P48524,Q02260,0,0.8698216636960541
P32318,P53845,0,0.9931239452219813
P38957,P53632,0,0.10215886649901955
P32573,P38692,0,0.9974579262441551
P32864,Q06665,0,0.8698216636960541
P29461,P53738,0,0.990191161471972
P41808,P53112,0,0.99787387945956
Q04739,Q12440,0,0.9737935762921218
P47041,Q12163,0,0.9974579262441551
P03965,Q6Q547,0,0.9974579262441551
P24004,P49687,0,0.9994521404297803
P32600,P53900,0,0.9737935762921218
P38690,Q12691,0,0.7654850470166412
P16862,P40477,0,0.968813797052317
P06103,P53248,0,0.9998313406780007
P32264,P40485,0,0.9629237816511903
Q04675,Q06648,0,0.9994521404297803
P05986,Q06160,0,0.998221892612242
P00331,P53236,0,0.5457642996380554
P00817,P32639,0,0.9629237816511903
P23394,P38182,0,0.991786366108694
P32807,P38988,0,0.7109420055082598
P39702,P80428,0,0.14000267481391956
P40517,Q06102,0,0.9629237816511903
P46948,P53924,0,0.9477871955276321
Q01159,Q04930,0,0.34598151802789534
P16140,P25646,0,0.998221892612242
P38998,Q04005,0,0.9994521404297803
P07264,P20606,0,0.731823141663042
P39946,Q05080,0,0.731823141663042
P11938,P53131,0,0.7109420055082598
P08018,P36029,0,0.9381793741923651
P38352,P51996,0,0.9994521404297803
P36015,Q03497,0,0.9931239452219813
P13186,Q12427,0,0.9559718967479742
P32774,P33418,0,0.8698216636960541
P05453,Q08004,0,0.7960989186865239
P07272,Q03280,0,0.6727975513822142
P47017,Q08004,0,0.8236371563432046
P24870,P53221,0,0.99787387945956
P47074,Q12186,0,0.23612467042648871
P25719,P38705,0,0.9990627746532618
P38855,Q12449,0,0.9995419351819327
P09440,Q04233,0,0.20535703713610182
P53540,Q06169,0,0.998221892612242
P20424,P38998,0,0.990191161471972
P53834,Q08965,0,0.99787387945956
P40327,P53628,0,0.9737935762921218
P50942,Q12033,0,0.5457642996380554
Q02890,Q06449,0,0.269936153739633
P32911,P46962,0,0.9994521404297803
P39720,Q01159,0,0.34598151802789534
P32328,Q06251,0,0.9629237816511903
P10592,P52286,0,0.9956574233257949
P40450,P47027,0,0.11979573795215004
P07278,P53011,0,0.990191161471972
P22804,P38286,0,0.11979573795215004
P39984,Q12264,0,0.9931239452219813
P15108,P52593,0,0.9994521404297803
P26754,P81450,0,0.3875429546951469
P07274,P38692,0,0.9882898033828155
P38313,Q07786,0,0.9969608439827334
P53125,P53238,0,0.7109420055082598
P40314,Q12494,0,0.8481655091752459
P10592,P48524,0,0.8481655091752459
P33333,P36131,0,0.99787387945956
P15436,Q03532,0,0.9931239452219813
P25644,Q06142,0,0.9882898033828155
P23968,P39998,0,0.5896863956571242
P31539,P53064,0,0.8481655091752459
P40857,Q12019,0,0.10215886649901955
P23594,P38624,0,0.9737935762921218
P40564,Q02773,0,0.991786366108694
P19145,Q04062,0,0.9999696678784947
P33306,P38989,0,0.991786366108694
P00044,P35187,0,0.06234150225217952
P38208,P40204,0,0.99787387945956
P06103,P29469,0,0.926939874527476
P32336,P38989,0,0.5896863956571242
P25615,P32345,0,0.9963669152846191
P08018,Q12754,0,0.9559718967479742
P38716,P53924,0,0.9974579262441551
P41814,Q03768,0,0.9937984742668382
P27636,P39718,0,0.9559718967479742
P32802,Q12447,0,0.9477871955276321
P53011,Q12034,0,0.9559718967479742
P36145,P39925,0,0.9992163368214833
P09734,P36145,0,0.999344754691662
P15891,P18759,0,0.9969608439827334
P25453,P38992,0,0.34598151802789534
Q02354,Q06436,0,0.7960989186865239
P30657,Q04373,0,0.8236371563432046
P36010,P53628,0,0.9629237816511903
P21306,P38329,0,0.9559718967479742
P32917,Q08119,0,0.990191161471972
P32074,P32500,0,0.4564542746521081
P20433,P53941,0,0.9994521404297803
P20081,Q03010,0,0.9974579262441551
P05317,P32911,0,0.5011182063166444
P53281,Q02100,0,0.8986587364327409
P53169,Q04792,0,0.9994521404297803
P23638,P51601,0,0.926939874527476
P25655,Q03898,0,0.9992163368214833
P32263,P38871,0,0.9990627746532618
P29509,P38293,0,0.991786366108694
P07170,Q12315,0,0.9974579262441551
P32800,Q12044,0,0.9998589928845002
P33339,Q06644,0,0.34598151802789534
P17119,P32491,0,0.999344754691662
P27614,Q07980,0,0.5011182063166444
P00812,Q12280,0,0.990191161471972
P38316,P40335,0,0.8481655091752459
P38820,Q06679,0,0.731823141663042
P38228,Q06506,0,0.6727975513822142
P24871,P32776,0,0.9629237816511903
P35197,Q05636,0,0.9948100989555331
P11978,Q08975,0,0.11979573795215004
P39720,P53259,0,0.34598151802789534
P35177,Q04636,0,0.34598151802789534
P47176,Q08921,0,0.9948100989555331
P53211,Q08018,0,0.10215886649901955
Q08119,Q12084,0,0.9559718967479742
P40090,Q08581,0,0.9737935762921218
P46974,Q07921,0,0.11979573795215004
P25580,P33296,0,0.10215886649901955
P02829,P40480,0,0.7654850470166412
P36120,Q00245,0,0.8481655091752459
P30822,Q12499,0,0.632223427858254
P32895,Q04894,0,0.9995419351819327
P14359,P40517,0,0.968813797052317
P32263,Q04004,0,0.9994521404297803
P40103,Q02884,0,0.9629237816511903
P14682,Q05080,0,0.731823141663042
Q04921,Q05930,0,0.5896863956571242
P02293,P53094,0,0.9882898033828155
P00830,P53212,0,0.4564542746521081
P20081,P25344,0,0.9974579262441551
P40036,P40453,0,0.9559718967479742
P25648,P53389,0,0.11979573795215004
P38313,P40089,0,0.9629237816511903
P06773,P41816,0,0.9860250851958448
P21374,P39946,0,0.8887939866477393
P48566,P53196,0,0.9882898033828155
P04821,P13517,0,0.9381793741923651
P07262,P47054,0,0.9559718967479742
P35169,P38011,0,0.9381793741923651
P23293,P39990,0,0.9882898033828155
P28006,P32835,0,0.998221892612242
P53622,P53847,0,0.990191161471972
P10592,P13586,0,0.8481655091752459
P38276,Q04749,0,0.9559718967479742
P22007,P38013,0,0.998221892612242
P39682,P53112,0,0.999344754691662
O13539,P38814,0,0.9994521404297803
P15646,P25584,0,0.9969608439827334
P38249,P46655,0,0.9763191646925744
P32492,P38856,0,0.998221892612242
P30619,Q12277,0,0.9999696678784947
P23968,P49166,0,0.4564542746521081
P13517,P40515,0,0.9969608439827334
Q03957,Q06616,0,0.968813797052317
P23624,Q12420,0,0.9969608439827334
P32642,P41921,0,0.9629237816511903
P43616,Q02825,0,0.99787387945956
P00331,P15873,0,0.9629237816511903
P32464,P54199,0,0.6560398934298338
P36172,P37370,0,0.990191161471972
P31377,Q08746,0,0.9801250807406316
P00817,P38274,0,0.8887939866477393
P38737,Q12142,0,0.8887939866477393
P38132,P40988,0,0.9969608439827334
P40344,P53196,0,0.9477871955276321
P38871,P39717,0,0.6952530364452563
P38856,Q04930,0,0.5457642996380554
P24004,Q12206,0,0.9882898033828155
P40482,Q03071,0,0.7654850470166412
P38962,Q12019,0,0.11979573795215004
P29366,P53011,0,0.9994521404297803
P47134,Q04562,0,0.9860250851958448
P19414,P27514,0,0.9737935762921218
P18494,Q12044,0,0.9974579262441551
P30771,Q12045,0,0.9956574233257949
P32783,P53290,0,0.9931239452219813
P35181,P36130,0,0.9931239452219813
P38793,Q07468,0,0.9974579262441551
P53829,Q06436,0,0.9974579262441551
P36010,P38829,0,0.9629237816511903
P11927,P39563,0,0.9860250851958448
P40202,P43603,0,0.9763191646925744
P07866,P53955,0,0.8481655091752459
P33331,P40327,0,0.9629237816511903
P32379,P54867,0,0.11979573795215004
P37303,P47176,0,0.2908998230638355
P32356,Q08204,0,0.7109420055082598
P38257,P40959,0,0.968813797052317
P06169,P43592,0,0.8481655091752459
P14682,Q03063,0,0.3066456413177487
P38193,P53298,0,0.99787387945956
P32842,Q05881,0,0.9629237816511903
P32945,P35497,0,0.9990627746532618
P40096,Q12344,0,0.9998821119625748
P26793,P38634,0,0.9974579262441551
P37302,Q08444,0,0.8698216636960541
P38837,P53261,0,0.8698216636960541
P36029,Q00723,0,0.999344754691662
P09435,P25659,0,0.9381793741923651
P36008,P47064,0,0.9053022951992605
P33400,P40469,0,0.8698216636960541
P04147,P07991,0,0.9999566029930074
P38232,Q04601,0,0.9559718967479742
P46681,Q03976,0,0.10215886649901955
P06101,P23255,0,0.5896863956571242
P32528,P36149,0,0.9931239452219813
P32773,Q12033,0,0.991786366108694
P20433,P25586,0,0.990191161471972
P32602,P33418,0,0.968813797052317
P09798,P33307,0,0.999344754691662
P39083,Q04964,0,0.991786366108694
P38637,P40479,0,0.23612467042648871
P48232,Q04601,0,0.990191161471972
P23642,P38352,0,0.9994521404297803
P31109,P32495,0,0.9994521404297803
P38265,Q03776,0,0.3066456413177487
P38872,Q03898,0,0.99787387945956
P38690,Q08649,0,0.9860250851958448
P25615,P38217,0,0.9998313406780007
P17629,P40054,0,0.34598151802789534
P33411,Q08911,0,0.991786366108694
P14747,Q08491,0,0.9477871955276321
P40483,Q03897,0,0.9969608439827334
P01123,P53124,0,0.4564542746521081
P09938,Q05874,0,0.9860250851958448
P47113,Q12152,0,0.9994521404297803
P23624,Q03619,0,0.9999696678784947
P14747,P33199,0,0.9998821119625748
P80667,Q12263,0,0.8698216636960541
P19524,P38634,0,0.9969608439827334
P39073,P42839,0,0.999344754691662
Q03774,Q06160,0,0.9974579262441551
P38333,P60010,0,0.8887939866477393
P38208,P47089,0,0.9629237816511903
P38146,P41807,0,0.8698216636960541
P41896,Q05583,0,0.5896863956571242
O13565,P04046,0,0.632223427858254
Q05583,Q05775,0,0.991786366108694
P39077,Q05568,0,0.99787387945956
P32495,P40565,0,0.9974579262441551
P35207,P36013,0,0.9974579262441551
Q12028,Q12452,0,0.8698216636960541
P05318,P38999,0,0.731823141663042
P31377,P53048,0,0.968813797052317
P17121,Q12118,0,0.99787387945956
P35178,P53883,0,0.926939874527476
P50101,Q12390,0,0.9477871955276321
P06777,P40988,0,0.7654850470166412
O13539,P12611,0,0.9994521404297803
P32905,Q00539,0,0.9974579262441551
P47029,Q05947,0,0.9969608439827334
P38089,P53250,0,0.8887939866477393
P04786,P40064,0,0.34598151802789534
P06634,Q00764,0,0.9053022951992605
P32263,P38339,0,0.9983971290076769
P38264,P47049,0,0.3875429546951469
P30771,P33314,0,0.5457642996380554
P38149,Q12163,0,0.9956574233257949
P46675,Q12045,0,0.9956574233257949
P32805,P39016,0,0.6727975513822142
P38191,P40857,0,0.10215886649901955
P32767,P40061,0,0.990191161471972
P25808,P53271,0,0.99787387945956
P38431,P53112,0,0.99787387945956
P38229,Q03782,0,0.9995419351819327
P32905,P38987,0,0.9477871955276321
Q02804,Q08119,0,0.99787387945956
Q00916,Q03323,0,0.4564542746521081
P38801,Q12328,0,0.9381793741923651
P16521,Q01590,0,0.99787387945956
P32598,P53865,0,0.9381793741923651
P32854,P46962,0,0.9997982668284467
P53238,Q08963,0,0.4564542746521081
P20449,Q12220,0,0.991786366108694
P00546,P14747,0,0.9882898033828155
P32468,P53738,0,0.99787387945956
P20449,P38310,0,0.9963669152846191
P15108,P38996,0,0.4564542746521081
P08638,Q04231,0,0.10215886649901955
P13185,P32380,0,0.9992163368214833
P33420,P49573,0,0.968813797052317
P38853,P43321,0,0.9994521404297803
P38339,P43586,0,0.571383894676601
P35177,P38801,0,0.41247978840017635
P40515,Q04601,0,0.99787387945956
P00359,P40693,0,0.4564542746521081
P38333,P38726,0,0.8887939866477393
P15938,Q12433,0,0.05265727275303471
Q12142,Q12241,0,0.6560398934298338
P38288,Q12406,0,0.3875429546951469
P20435,P25657,0,0.991786366108694
P32588,P38352,0,0.9994521404297803
P07248,P43609,0,0.14000267481391956
P07170,Q12017,0,0.9974579262441551
P13434,P40368,0,0.34598151802789534
P06700,P47821,0,0.14000267481391956
P52488,Q03071,0,0.9969608439827334
P40038,Q12118,0,0.177666046269762
P39723,Q06408,0,0.9477871955276321
P08153,P46680,0,0.8887939866477393
P47116,Q12107,0,0.8481655091752459
P35734,Q05610,0,0.8698216636960541
P47124,P53855,0,0.7654850470166412
P47083,P53549,0,0.9629237816511903
P04819,P32915,0,0.14000267481391956
P25370,P53910,0,0.3875429546951469
P38751,P53599,0,0.5896863956571242
P33311,Q02199,0,0.9998589928845002
P25808,P40461,0,0.8481655091752459
P41808,P53540,0,0.998221892612242
Q06651,Q07528,0,0.991786366108694
P24813,Q12263,0,0.8887939866477393
P06779,P12954,0,0.11979573795215004
P38208,P53549,0,0.998221892612242
Q04264,Q04964,0,0.998221892612242
P53540,Q05568,0,0.99787387945956
P14742,P48836,0,0.9559718967479742
P33313,P39929,0,0.9138445948538809
P38692,P39967,0,0.9882898033828155
P17121,P39705,0,0.9629237816511903
P38237,Q02100,0,0.9997587088099581
P22515,P35688,0,0.9999637188089363
P40095,Q06628,0,0.9559718967479742
P38200,P38737,0,0.968813797052317
P53965,Q12222,0,0.9995419351819327
P46947,P50113,0,0.9882898033828155
P20484,P32916,0,0.11979573795215004
P38814,P46672,0,0.9994521404297803
P00560,P38991,0,0.8887939866477393
Q05946,Q12434,0,0.8481655091752459
P33891,P40061,0,0.9983971290076769
P38970,P39960,0,0.990191161471972
P33329,P47012,0,0.9994521404297803
P53199,P54860,0,0.991786366108694
P13185,P53199,0,0.9963669152846191
P20604,P32905,0,0.9994521404297803
P00931,Q12020,0,0.9559718967479742
P25293,Q12343,0,0.6727975513822142
P32863,P53939,0,0.7960989186865239
P23776,P35210,0,0.34598151802789534
P32588,P51534,0,0.9882898033828155
P07264,P38429,0,0.9053022951992605
P25582,Q08979,0,0.8698216636960541
P35056,P47165,0,0.990191161471972
P34758,P48240,0,0.990191161471972
P33307,P39111,0,0.41247978840017635
P38068,P54837,0,0.11979573795215004
P32900,Q08285,0,0.8698216636960541
P38329,P46995,0,0.990191161471972
P25644,P30902,0,0.9998589928845002
P12945,P23639,0,0.9629237816511903
P40455,P51534,0,0.5896863956571242
P36012,P40892,0,0.8481655091752459
P43603,P48240,0,0.9931239452219813
P43638,Q00955,0,0.9992163368214833
Q12009,Q12446,0,0.8236371563432046
P32495,P38748,0,0.9882898033828155
P38970,Q02100,0,0.9763191646925744
P39705,P41808,0,0.9629237816511903
P29703,P40469,0,0.8698216636960541
P11709,Q05670,0,0.9994521404297803
P31539,Q02825,0,0.8236371563432046
P32590,P47029,0,0.9629237816511903
P20435,P32501,0,0.9931239452219813
P17121,P53971,0,0.8481655091752459
P03965,P32318,0,0.9882898033828155
P54885,Q07732,0,0.5457642996380554
P32589,P38862,0,0.9833297649651694
P05318,P32457,0,0.926939874527476
P43588,Q08963,0,0.9974579262441551
P13517,P32602,0,0.9381793741923651
P38627,P41810,0,0.632223427858254
P03965,P18759,0,0.9998589928845002
P12688,P32562,0,0.991786366108694
Q00916,Q12098,0,0.9974579262441551
P27472,Q03503,0,0.990191161471972
P24871,P53136,0,0.968813797052317
P12962,P53010,0,0.9801250807406316
P06704,P53100,0,0.177666046269762
P53271,Q08732,0,0.990191161471972
P39713,P49573,0,0.632223427858254
P33750,P53739,0,0.991786366108694
P20437,Q99207,0,0.991786366108694
P15436,P39979,0,0.968813797052317
P40555,Q12318,0,0.731823141663042
P38431,P49687,0,0.99787387945956
P53685,Q03899,0,0.9559718967479742
P20134,P41896,0,0.34598151802789534
P43565,Q07468,0,0.99787387945956
P32471,Q08956,0,0.99787387945956
P16521,Q02354,0,0.8236371563432046
P14742,P36008,0,0.8236371563432046
P29366,P46675,0,0.9974579262441551
P28743,P38903,0,0.9381793741923651
P15436,Q04031,0,0.9860250851958448
P38716,Q06819,0,0.9629237816511903
P11484,P27614,0,0.9994521404297803
Q04264,Q04377,0,0.991786366108694
P20438,Q12513,0,0.9882898033828155
P11709,P42951,0,0.99787387945956
P00546,Q12265,0,0.968813797052317
P53893,Q00764,0,0.8698216636960541
P53978,Q07993,0,0.632223427858254
P09798,P15303,0,0.99787387945956
Q06411,Q07508,0,0.7654850470166412
P25584,P38149,0,0.9999566029930074
P14724,P38720,0,0.998221892612242
P39904,Q06704,0,0.9992163368214833
P32602,P35194,0,0.9629237816511903
P19097,P39703,0,0.8887939866477393
P39954,Q12082,0,0.10215886649901955
P25694,Q12186,0,0.9882898033828155
O13553,P07283,0,0.9974579262441551
P42073,P53924,0,0.9477871955276321
P10363,Q12277,0,0.9860250851958448
P39925,P47150,0,0.9992163368214833
P02994,P07260,0,0.990191161471972
P36130,Q12152,0,0.990191161471972
P21192,P39742,0,0.9559718967479742
P33420,P42951,0,0.991786366108694
P38257,P49955,0,0.9737935762921218
