y_true,y_probability,protein_a,protein_b
1,0.5042551,P32527,P40473
1,0.47983313,P30902,P53145
1,0.49351546,P32855,P39927
1,0.5271697,P23059,P36017
1,0.52942294,Q05785,Q08920
1,0.49616793,P40541,Q08558
1,0.5024905,P30619,Q06604
1,0.48129046,P30902,P39960
1,0.47875717,P22007,P22203
1,0.5330401,P11484,P32898
1,0.489316,P41895,Q99278
1,0.5079657,P38716,Q99176
1,0.49467775,P22213,P23968
1,0.46661642,P32471,P43639
1,0.4576761,P20433,P30902
1,0.5045399,P07149,P25296
1,0.46199664,P07347,P25293
1,0.55284166,P36094,P39962
1,0.5096403,P33311,P53086
1,0.45302707,P38962,P39704
1,0.5119823,P35190,P38874
1,0.496629,P41805,Q12151
1,0.5094915,P24279,P25296
1,0.52283686,P25333,P80667
1,0.46893623,P25604,Q05778
1,0.5121524,P25655,Q00916
1,0.48225668,P31382,P53129
1,0.48258948,P53131,Q99278
1,0.5318853,P31383,Q07993
1,0.51181656,P39935,P40541
1,0.4931023,P36010,P40473
1,0.5050874,Q04368,Q12754
1,0.52428937,Q00816,Q03899
1,0.48085943,P38699,P53236
1,0.49248886,P02994,P31383
1,0.46601716,P25604,P36010
1,0.49950305,P53150,Q08558
1,0.51256394,P27637,Q04338
1,0.5180196,P39715,Q06142
1,0.50576013,P39944,P47103
1,0.52035034,Q01560,Q03048
1,0.52810353,P05318,P43616
1,0.49019825,P27472,P53250
1,0.5211497,P17536,P53048
1,0.51126695,P25604,P41808
1,0.5245267,P32898,P53086
1,0.5095382,P23968,P39936
1,0.49501494,P39101,P39520
1,0.49951565,P31383,Q06137
1,0.52635753,P40473,Q00245
1,0.5161272,P40092,Q12129
1,0.47808307,P07149,P33892
1,0.5020987,P38153,Q12390
1,0.51253706,P38429,Q03280
1,0.52855814,P40956,Q12151
1,0.5228129,P32898,P53685
1,0.5064706,P32471,P33311
1,0.51374835,P36029,P52910
1,0.5011044,P23642,P52910
1,0.48972744,P38193,P40462
1,0.49931204,P36019,P38805
1,0.48228142,P36973,Q12055
1,0.47894487,P22007,P41807
1,0.5222395,P53086,Q00362
1,0.51205176,P36019,Q08963
1,0.5130578,Q06651,Q12277
1,0.49527234,P15108,P40515
1,0.45744374,P21957,Q03750
1,0.49953446,P07283,Q03533
1,0.5237025,P27705,P40092
1,0.48716098,P38998,Q12427
1,0.5194982,P32505,Q12277
1,0.47257528,P00830,Q06479
1,0.49367875,P49960,Q08235
1,0.49676794,P43563,Q06137
1,0.5194221,Q06819,Q07993
1,0.4771044,P39682,Q00618
1,0.5191079,P03965,Q05610
1,0.48481083,P02994,P40541
1,0.48618925,P40960,Q12427
1,0.48180354,P25584,P32607
1,0.50040203,P25296,P53136
1,0.5092766,P33331,P38193
1,0.53377587,P39936,Q00816
1,0.5126221,P15790,Q03785
1,0.48974764,P25344,P30619
1,0.52165556,P50086,P53221
1,0.43214586,P25515,P35178
1,0.5000534,P40066,Q06479
1,0.48729217,P22517,P39077
1,0.4862069,P53116,Q05021
1,0.5043066,P35172,P38932
1,0.4772473,P00817,P06101
1,0.51185733,P25333,P43638
1,0.5262375,P22202,P40495
1,0.49401698,P00359,P40515
1,0.5113496,P20438,P32642
1,0.52468807,P36017,P53032
1,0.49488702,P27637,P40554
1,0.50662434,P13186,P43563
1,0.50303054,P20433,P48415
1,0.5139341,P32327,P33419
1,0.525222,P11484,P25389
1,0.49792323,P40554,Q02804
1,0.48388493,P50105,Q12495
1,0.5374141,P38429,P41817
1,0.468999,P39678,Q03750
1,0.5139981,P28707,P39715
1,0.48889107,P32471,Q12098
1,0.48203608,P36057,P39551
1,0.49195984,Q04477,Q12464
1,0.4964174,P11710,P39551
1,0.47095662,P38153,Q12754
1,0.48762125,Q04338,Q12151
1,0.533342,P22202,Q12129
1,0.50633895,P32364,P39927
1,0.4510303,P36068,P38735
1,0.5114442,P32528,P36005
1,0.53279376,P22202,Q07418
1,0.4820054,P53131,Q03280
1,0.47791576,P40014,P53116
1,0.45560685,P38863,Q06169
1,0.5088177,P40495,Q02804
1,0.5178366,P00817,P36017
1,0.49574006,P07273,Q12327
1,0.50733906,P13186,P38737
1,0.52545005,P32602,P36085
1,0.4922808,P32366,P32497
1,0.52113026,P40095,P53150
1,0.5303069,P36017,Q05471
1,0.49204215,P11709,P48525
1,0.5023656,P27705,P53136
1,0.45691785,P39735,Q12495
1,0.5043198,P53152,Q00362
1,0.52243316,P03965,P38856
1,0.4988976,P39717,Q04031
1,0.47576097,P33338,P47104
1,0.51569027,P10592,Q05024
1,0.50239766,P38874,P43565
1,0.49108455,P00830,P32794
1,0.53013986,P38996,P52910
1,0.48743793,P40574,P53267
1,0.48774713,P32471,P36085
1,0.5307101,P07342,Q12055
1,0.4969829,P07149,P14737
1,0.4763752,P06101,P15108
1,0.4776137,P06104,P38801
1,0.49779013,P15790,P38627
1,0.45824823,P25604,P32855
1,0.49778146,P38990,Q99176
1,0.504614,P34758,Q12264
1,0.5097925,P15442,P33311
1,0.52497643,P11484,P48415
1,0.48114935,P38960,Q04231
1,0.47351307,P31382,P38998
1,0.55468214,P43569,Q08601
1,0.5005764,P12945,P35178
1,0.50967425,P39682,P40092
1,0.4998943,P41807,P53145
1,0.5132803,P38013,P52286
1,0.4974964,P38699,Q12161
1,0.50461614,P25344,Q12420
1,0.49730137,P31382,P43638
1,0.49398336,P38319,Q03323
1,0.50580233,P27895,Q05775
1,0.51014936,P39944,Q02804
1,0.50935477,P39927,Q04087
1,0.52037233,P32607,P39715
1,0.4978995,P53086,Q03010
1,0.49410102,P53181,P53244
1,0.5294474,P38013,P38856
1,0.49173218,P23642,Q06651
1,0.51445794,P05030,P13186
1,0.53805286,P18494,P41808
1,0.5214525,P22202,Q04031
1,0.5124205,P15442,P33331
1,0.5544944,P43574,Q01560
1,0.4709119,Q03010,Q08285
1,0.49385637,P39682,Q12420
1,0.500355,P36068,Q08119
1,0.5492312,P34758,Q05785
1,0.5064418,P32364,P33760
1,0.44905856,P46961,P53344
1,0.5189911,P39962,Q08235
1,0.4629255,P30902,P38874
1,0.4917007,P26188,P46669
1,0.4911937,P05318,P35178
1,0.5123058,P12945,P53152
1,0.52024806,P32605,P39014
1,0.5051277,P18962,Q99176
1,0.5259832,P38620,P39715
1,0.49586624,P23059,Q03956
1,0.4987751,P33892,Q12129
1,0.518729,P36017,P38805
1,0.46908686,P40518,Q04031
1,0.47375578,P30902,P40574
1,0.5011222,P02829,P53754
1,0.5240832,P03965,P53081
1,0.4904313,Q03940,Q12050
1,0.5012907,P28495,P36010
1,0.5148884,P53086,Q12129
1,0.48788857,P32589,P40413
1,0.5068246,P52286,Q04792
1,0.4917737,P22224,P47103
1,0.51903355,Q04087,Q04792
1,0.5059721,P08638,P53551
1,0.5309827,P15790,P23394
1,0.5296864,P11709,P18494
1,0.5107987,P53048,Q03758
1,0.51016617,O14455,P15891
1,0.51755047,P13185,Q06406
1,0.52048475,P18962,Q12098
1,0.5531972,P18494,P32505
1,0.47568294,P25580,Q12396
1,0.5034951,P39944,P53924
1,0.4864406,P38699,P41818
1,0.5360421,P14680,Q06604
1,0.49803507,P02994,P53974
1,0.49093562,P38228,P38310
1,0.5655042,P28007,Q00245
1,0.51556736,P24004,P32642
1,0.49606922,P31383,Q00578
1,0.5009076,P25341,Q04031
0,0.5037093,P11484,P38998
0,0.519528,Q03785,Q12427
0,0.48925763,P36005,P53290
0,0.48176712,P14737,P16140
0,0.50730634,P24004,P32628
0,0.5200949,Q06406,Q12151
0,0.48753232,P22007,Q03533
0,0.49571913,P06784,Q12495
0,0.4945418,P32364,Q08285
0,0.53033906,P07342,P26188
0,0.5239846,P11484,P53685
0,0.49941596,P07149,P40477
0,0.4685916,P46970,Q03940
0,0.52413064,Q00578,Q00916
0,0.4884056,P39077,P40473
0,0.5387492,P17119,P32898
0,0.51475525,P10592,P23642
0,0.50767696,P38193,Q06651
0,0.5252362,P18494,P23642
0,0.49104995,P53032,Q06479
0,0.5048571,P43638,Q12390
0,0.5344558,P33311,P36017
0,0.46982178,P15108,P40960
0,0.52064496,P49435,P53267
0,0.4988721,P15790,P53299
0,0.51217127,P19880,Q12055
0,0.52278656,P39563,P53754
0,0.47304174,P38811,Q03750
0,0.4909703,P32628,P38805
0,0.5112135,P02994,P33419
0,0.5108565,P18962,P53152
0,0.5037816,P32527,P40092
0,0.4847251,P25293,Q05580
0,0.5117411,P38013,Q99176
0,0.47550467,P25342,P35178
0,0.5339444,P22202,P39935
0,0.47591537,P39077,P52286
0,0.4793085,P38262,P39551
0,0.48351288,P48525,Q06819
0,0.5243588,P22213,P34758
0,0.5238769,P10961,P52910
0,0.47474733,P08638,Q12267
0,0.5005868,Q05610,Q08235
0,0.47796702,P40014,Q12161
0,0.5099845,P31383,Q02804
0,0.4760048,P21576,P32366
0,0.49246746,P15108,Q12513
0,0.49712703,P49960,Q08920
0,0.5052481,P32366,P32642
0,0.5196203,P38429,P53131
0,0.48372522,P47045,P53221
0,0.48267713,P40479,Q05775
0,0.48139012,P00359,P43563
0,0.50536466,P05986,Q12754
0,0.50905544,Q06142,Q08558
0,0.51048285,P25604,P39014
0,0.51589406,P38193,P48415
0,0.4893902,P46961,Q03533
0,0.52502036,Q12129,Q12513
0,0.49903852,P07273,P41895
0,0.5156979,P39935,Q06137
0,0.4747877,P39704,Q05787
0,0.47847614,P32364,P38805
0,0.47871614,P46970,Q12396
0,0.50493693,P25604,P39927
0,0.4953818,Q03758,Q08920
0,0.5000368,Q08558,Q12265
0,0.47848305,P32471,Q00578
0,0.48621473,P36057,P38627
0,0.46670598,P28791,P47104
0,0.49668974,Q03010,Q12098
0,0.522483,P10592,Q12277
0,0.5110837,Q07418,Q12420
0,0.5262414,P13185,P14680
0,0.49458846,P25344,P43569
0,0.45376253,P32855,Q04368
0,0.47977507,P23968,P47104
0,0.49775067,P36010,Q12469
0,0.50345844,P22224,P31383
0,0.4728845,P25342,P27472
0,0.4897123,P02829,Q12420
0,0.48324454,P32471,P42073
0,0.5033055,P11484,P53136
0,0.51472086,P07149,P23394
0,0.51116174,P33331,Q12754
0,0.49849454,P31383,Q12055
0,0.480848,P36029,Q00618
0,0.52905566,P36005,P43616
0,0.51323205,P10592,P32327
0,0.5023781,P02994,P25296
0,0.47379416,P39735,P40103
0,0.48169348,P31382,P40362
0,0.48053664,P32364,P32855
0,0.4920277,P13185,Q03010
0,0.52960336,P11484,P32794
0,0.47897866,P32527,Q04359
0,0.5303775,P22202,P32855
0,0.50290596,P03965,P23059
0,0.4828345,P23968,P40541
0,0.5171746,P38310,P38620
0,0.50889885,P39717,P53086
0,0.4976296,P13186,P40103
0,0.4749952,P53236,Q05021
0,0.5120993,P25344,Q12129
0,0.48843777,P53145,Q05778
0,0.51391643,P38932,P47103
0,0.51414585,P27637,P42884
0,0.5069972,P48415,Q08558
0,0.5153059,P28495,P41808
0,0.49301332,P36973,Q12390
0,0.524443,P25296,P33331
0,0.4784741,P06104,Q00578
0,0.514128,P39520,Q12327
0,0.45983085,P38699,Q03750
0,0.5093444,P32527,P38716
0,0.5197889,P27895,P53974
0,0.5447718,P40515,Q01560
0,0.48474544,P30619,Q06479
0,0.44390768,Q03750,Q99278
0,0.4958282,P38874,Q12168
0,0.50886756,P38801,P39944
0,0.4714843,Q04231,Q12161
0,0.5377538,Q05785,Q12365
0,0.52134264,P33331,Q02804
0,0.5410224,P34758,Q00816
0,0.48942396,P00817,P36085
0,0.48586676,P32471,Q12420
0,0.4897336,P31382,Q12168
0,0.46644673,P38310,P38805
0,0.5219179,P10592,P41807
0,0.51054907,P43565,P53150
0,0.52320004,P39563,Q12129
0,0.47941232,P30902,Q03048
0,0.5042944,Q08558,Q12427
0,0.52536553,P05030,P36094
0,0.5087783,P32642,Q08963
0,0.46642807,P25604,Q04359
0,0.51805216,P34758,Q02804
0,0.48882088,P42073,Q03048
0,0.49302155,P00817,P28707
0,0.51025593,P36068,P80667
0,0.5100256,P07149,P39715
0,0.50791425,P38932,Q03323
0,0.5174904,P25296,Q05610
0,0.5214082,P47103,Q12513
0,0.47353023,P35178,Q12277
0,0.51058835,P39520,P53142
0,0.51420724,P07149,P22202
0,0.5096179,P38856,P43563
0,0.50158536,P36029,P53048
0,0.4796739,P06101,P38998
0,0.47130963,P23642,P31382
0,0.48835433,P23059,P40413
0,0.5252555,P11938,P38429
0,0.5459077,P07834,P38429
0,0.49448758,P38998,Q00362
0,0.4947258,P32589,Q00578
0,0.5342409,P18494,Q00245
0,0.4906824,P15790,P22007
0,0.51269966,P32364,P40473
0,0.51434743,P25584,P41808
0,0.49954653,P31383,Q99176
0,0.51635236,P06242,P30902
0,0.48131225,P47011,Q12464
0,0.49813274,P35172,P48525
0,0.5251565,P39936,P53267
0,0.516523,P53081,Q08558
0,0.516361,P18494,P38805
0,0.470547,P39077,Q05778
0,0.51062965,P22203,P38856
0,0.494919,P32471,P47103
0,0.5205523,P32505,P40462
0,0.5277543,P39715,Q05580
0,0.5130194,P27705,P32527
0,0.52737004,P39962,Q08920
0,0.50454557,P39927,P43563
0,0.49433103,P32366,Q06479
0,0.46657676,Q04031,Q08235
0,0.50859904,P03965,Q06651
0,0.49987832,P30902,P38856
0,0.51379806,P27472,Q04087
0,0.51309055,Q00362,Q04031
0,0.5031176,P53150,Q12151
0,0.52349895,P28707,P32898
0,0.4987688,P40092,Q12277
0,0.5017537,P53604,Q04031
0,0.522964,P28007,Q08285
0,0.49376634,P36165,P53181
0,0.5253261,P50086,P52910
0,0.5261121,P31383,P40956
0,0.51276803,Q03785,Q06479
0,0.49547535,P32527,Q12151
0,0.5100126,P52286,P52910
0,0.5004014,Q03785,Q12161
0,0.47450247,P40362,P41818
0,0.52250963,P12945,P16892
0,0.47780085,P33411,Q03956
0,0.5270735,P36017,P53552
0,0.48539096,Q03940,Q04338
0,0.50839776,P38310,P40092
0,0.5120675,P15891,P53221
0,0.4801286,P30902,P32607
0,0.5232501,P38856,Q12390
0,0.5165933,P38990,Q06406
0,0.49242932,P11709,P38427
0,0.5298913,P02400,P33311
0,0.52391124,P35190,Q02804
0,0.48564994,P36085,P43563
0,0.45961893,P38735,P53267
0,0.478404,P25515,P38011
0,0.5031442,Q04792,Q06479
0,0.4834836,P43563,P53290
0,0.50801444,P13185,Q03758
0,0.5013144,P38863,P39927
0,0.5129476,P22213,P25341
0,0.4910265,P38874,P38932
0,0.4999021,P39014,P40554
0,0.52856207,P32505,P39563
0,0.50759083,P39678,P53115
0,0.45545635,P23642,P30902
0,0.49124017,P06101,Q12100
0,0.49742776,P21192,P36068
0,0.48486272,P25389,Q06169
