protein_id	taxon_id	organism	source	error
Q9XW40		Caenorhabditis elegans.	UniSave version 1	
P77254		ESCHERICHIA COLI.	UniSave version 1	
P23911		ESCHERICHIA COLI.	UniSave version 1	
P27246		ESCHERICHIA COLI.	UniSave version 1	
P11876		ESCHERICHIA COLI.	UniSave version 1	
P80449		ESCHERICHIA COLI.	UniSave version 1	
Q8MQ88	6239.0	Caenorhabditis elegans.	UniSave version 1	
P08840		FRUIT FLY (DROSOPHILA MELANOGASTER).	UniSave version 1	
P08846		ESCHERICHIA COLI.	UniSave version 1	
Q22333		CAENORHABDITIS ELEGANS.	UniSave version 1	
P00574		ESCHERICHIA COLI.	UniSave version 1	
P04381		ESCHERICHIA COLI.	UniSave version 1	
Q20795		CAENORHABDITIS ELEGANS.	UniSave version 1	
Q20792		CAENORHABDITIS ELEGANS.	UniSave version 1	
Q47012		ESCHERICHIA COLI.	UniSave version 1	
Q20307		CAENORHABDITIS ELEGANS.	UniSave version 1	
P13017		ESCHERICHIA COLI.	UniSave version 1	
P11555		ESCHERICHIA COLI.	UniSave version 1	
P18199		ESCHERICHIA COLI.	UniSave version 1	
P09743		ESCHERICHIA COLI.	UniSave version 1	
P17335		ESCHERICHIA COLI.	UniSave version 1	
Q961V5	7227.0	Drosophila melanogaster (Fruit fly).	UniSave version 1	
Q94160		CAENORHABDITIS ELEGANS.	UniSave version 1	
Q95XU5	6239.0	Caenorhabditis elegans.	UniSave version 1	
P37346		ESCHERICHIA COLI.	UniSave version 1	
P37345		ESCHERICHIA COLI.	UniSave version 1	
Q9BHL1	6239.0	Caenorhabditis elegans.	UniSave version 1	
P33551		HOMO SAPIENS (HUMAN).	UniSave version 1	
Q9XVJ6		Caenorhabditis elegans.	UniSave version 1	
Q22408		CAENORHABDITIS ELEGANS.	UniSave version 1	
P02575		FRUIT FLY (DROSOPHILA MELANOGASTER).	UniSave version 1	
O01906		CAENORHABDITIS ELEGANS.	UniSave version 1	
Q9NAM6	6239.0	Caenorhabditis elegans.	UniSave version 1	
Q8T7Z0	6239.0	Caenorhabditis elegans.	UniSave version 1	
Q9TZ39		Caenorhabditis elegans.	UniSave version 1	
P09376		ESCHERICHIA COLI.	UniSave version 1	
P09375		ESCHERICHIA COLI.	UniSave version 1	
Q47677		ESCHERICHIA COLI.	UniSave version 1	
Q47675		ESCHERICHIA COLI.	UniSave version 1	
Q9U2J8		Caenorhabditis elegans.	UniSave version 1	
Q9N3P9	6239.0	Caenorhabditis elegans.	UniSave version 1	
P32702		ESCHERICHIA COLI.	UniSave version 1	
P27307		ESCHERICHIA COLI.	UniSave version 1	
P22763		ESCHERICHIA COLI.	UniSave version 1	
P22767		ESCHERICHIA COLI.	UniSave version 1	
P33604		ESCHERICHIA COLI.	UniSave version 1	
Q9UAU5		Caenorhabditis elegans.	UniSave version 1	
P77470		ESCHERICHIA COLI.	UniSave version 1	
P22885		ESCHERICHIA COLI.	UniSave version 1	
P77274		ESCHERICHIA COLI.	UniSave version 1	
Q21513		CAENORHABDITIS ELEGANS.	UniSave version 1	
P08866		ESCHERICHIA COLI (PLASMID F).	UniSave version 1	
P08867		ESCHERICHIA COLI (PLASMID F).	UniSave version 1	
P02990		ESCHERICHIA COLI.	UniSave version 1	
O17908		CAENORHABDITIS ELEGANS.	UniSave version 1	
O17304		CAENORHABDITIS ELEGANS.	UniSave version 1	
P02996		ESCHERICHIA COLI.	UniSave version 1	
O61828		CAENORHABDITIS ELEGANS.	UniSave version 1	
P31544		ESCHERICHIA COLI.	UniSave version 1	
P29464		ESCHERICHIA COLI.	UniSave version 1	
Q9U1W3		Caenorhabditis elegans.	UniSave version 1	
Q18584		CAENORHABDITIS ELEGANS.	UniSave version 1	
P09028		ESCHERICHIA COLI.	UniSave version 1	
Q9TYX3		Caenorhabditis elegans.	UniSave version 1	
Q9TYX2		Caenorhabditis elegans.	UniSave version 1	
Q09631		CAENORHABDITIS ELEGANS.	UniSave version 1	
P54986		ESCHERICHIA COLI.	UniSave version 1	
P05826		ESCHERICHIA COLI.	UniSave version 1	
P05829		ESCHERICHIA COLI.	UniSave version 1	
P05828		ESCHERICHIA COLI.	UniSave version 1	
P12283		ESCHERICHIA COLI.	UniSave version 1	
Q18479		CAENORHABDITIS ELEGANS.	UniSave version 1	
Q20858		CAENORHABDITIS ELEGANS.	UniSave version 1	
P37185		ESCHERICHIA COLI.	UniSave version 1	
P75744		ESCHERICHIA COLI.	UniSave version 1	
P75743		ESCHERICHIA COLI.	UniSave version 1	
Q9U3F9		Caenorhabditis elegans.	UniSave version 1	
Q17877		CAENORHABDITIS ELEGANS.	UniSave version 1	
Q17878		CAENORHABDITIS ELEGANS.	UniSave version 1	
P39455		ESCHERICHIA COLI.	UniSave version 1	
P76281		ESCHERICHIA COLI.	UniSave version 1	
Q17913		CAENORHABDITIS ELEGANS.	UniSave version 1	
P25540		ESCHERICHIA COLI.	UniSave version 1	
P45528		ESCHERICHIA COLI.	UniSave version 1	
P45526		ESCHERICHIA COLI.	UniSave version 1	
P45525		ESCHERICHIA COLI.	UniSave version 1	
P39271		ESCHERICHIA COLI.	UniSave version 1	
P39272		ESCHERICHIA COLI.	UniSave version 1	
P00882		ESCHERICHIA COLI.	UniSave version 1	
Q95YI9	6239.0	Caenorhabditis elegans.	UniSave version 1	
Q9XTC2		Caenorhabditis elegans.	UniSave version 1	
Q9XTC8		Caenorhabditis elegans.	UniSave version 1	
Q10577		CAENORHABDITIS ELEGANS.	UniSave version 1	
P29011		ESCHERICHIA COLI.	UniSave version 1	
Q9NEJ8	6239.0	Caenorhabditis elegans.	UniSave version 1	
O61843		CAENORHABDITIS ELEGANS.	UniSave version 1	
Q9U4A6		Caenorhabditis elegans.	UniSave version 1	
Q93342		CAENORHABDITIS ELEGANS.	UniSave version 1	
O76668		CAENORHABDITIS ELEGANS.	UniSave version 1	
P91542		CAENORHABDITIS ELEGANS.	UniSave version 1	
P23867		ESCHERICHIA COLI.	UniSave version 1	
P78093		ESCHERICHIA COLI.	UniSave version 1	
O02116		CAENORHABDITIS ELEGANS.	UniSave version 1	
Q46924		ESCHERICHIA COLI.	UniSave version 1	
P13652		ESCHERICHIA COLI.	UniSave version 1	
P10957		ESCHERICHIA COLI.	UniSave version 1	
P90913		CAENORHABDITIS ELEGANS.	UniSave version 1	
P11604		ESCHERICHIA COLI.	UniSave version 1	
P11603		ESCHERICHIA COLI.	UniSave version 1	
P02436		ESCHERICHIA COLI.	UniSave version 1	
P33635		ESCHERICHIA COLI.	UniSave version 1	
O50190		ESCHERICHIA COLI.	UniSave version 1	
P39299		ESCHERICHIA COLI.	UniSave version 1	
P39291		ESCHERICHIA COLI.	UniSave version 1	
P39290		ESCHERICHIA COLI.	UniSave version 1	
O45225		CAENORHABDITIS ELEGANS.	UniSave version 1	
Q9U2N6		Caenorhabditis elegans.	UniSave version 1	
Q9N3T4	6239.0	Caenorhabditis elegans.	UniSave version 1	
Q9N3T9	6239.0	Caenorhabditis elegans.	UniSave version 1	
P21774		ESCHERICHIA COLI.	UniSave version 1	
P45504		ESCHERICHIA COLI.	UniSave version 1	
P04153		ESCHERICHIA COLI.	UniSave version 1	
P16927		ESCHERICHIA COLI.	UniSave version 1	
Q19535		CAENORHABDITIS ELEGANS.	UniSave version 1	
Q17793		CAENORHABDITIS ELEGANS.	UniSave version 1	
P15716		ESCHERICHIA COLI.	UniSave version 1	
O62513		CAENORHABDITIS ELEGANS.	UniSave version 1	
P15050		ESCHERICHIA COLI.	UniSave version 1	
P71295		ESCHERICHIA COLI.	UniSave version 1	
P03032		ESCHERICHIA COLI.	UniSave version 1	
P03033		ESCHERICHIA COLI.	UniSave version 1	
Q8MQ29	6239.0	Caenorhabditis elegans.	UniSave version 1	
Q9XUM4		Caenorhabditis elegans.	UniSave version 1	
Q9XUM0		Caenorhabditis elegans.	UniSave version 1	
P31054		ESCHERICHIA COLI.	UniSave version 1	
P31059		ESCHERICHIA COLI.	UniSave version 1	
Q93366		CAENORHABDITIS ELEGANS.	UniSave version 1	
O01794		CAENORHABDITIS ELEGANS.	UniSave version 1	
P21168		ESCHERICHIA COLI.	UniSave version 1	
P21166		ESCHERICHIA COLI.	UniSave version 1	
Q9XU80		Caenorhabditis elegans.	UniSave version 1	
Q9W553		Drosophila melanogaster (Fruit fly).	UniSave version 1	
P24190		ESCHERICHIA COLI.	UniSave version 1	
P24196		ESCHERICHIA COLI.	UniSave version 1	
Q46847		ESCHERICHIA COLI.	UniSave version 1	
Q46848		ESCHERICHIA COLI.	UniSave version 1	
O44631		CAENORHABDITIS ELEGANS.	UniSave version 1	
Q9BL97	6239.0	Caenorhabditis elegans.	UniSave version 1	
Q18018		CAENORHABDITIS ELEGANS.	UniSave version 1	
P08336		ESCHERICHIA COLI.	UniSave version 1	
P08338		ESCHERICHIA COLI.	UniSave version 1	
P15298		ESCHERICHIA COLI.	UniSave version 1	
P08374		ESCHERICHIA COLI.	UniSave version 1	
P23887		ESCHERICHIA COLI.	UniSave version 1	
Q22491		CAENORHABDITIS ELEGANS.	UniSave version 1	
P37905		ESCHERICHIA COLI.	UniSave version 1	
P77391		ESCHERICHIA COLI.	UniSave version 1	
P17288		ESCHERICHIA COLI.	UniSave version 1	
P75700		ESCHERICHIA COLI.	UniSave version 1	
P75707		ESCHERICHIA COLI.	UniSave version 1	
Q95Q07	6239.0	Caenorhabditis elegans.	UniSave version 1	
P23854		ESCHERICHIA COLI.	UniSave version 1	
P23852		ESCHERICHIA COLI.	UniSave version 1	
P23853		ESCHERICHIA COLI.	UniSave version 1	
P23850		ESCHERICHIA COLI.	UniSave version 1	
Q95Q01	6239.0	Caenorhabditis elegans.	UniSave version 1	
P23859		ESCHERICHIA COLI.	UniSave version 1	
Q27383		CAENORHABDITIS ELEGANS.	UniSave version 1	
Q27387		DROSOPHILA MELANOGASTER (FRUIT FLY).	UniSave version 1	
Q8MNS5	6239.0	Caenorhabditis elegans.	UniSave version 1	
P76420		ESCHERICHIA COLI.	UniSave version 1	
O45243		CAENORHABDITIS ELEGANS.	UniSave version 1	
P45567		ESCHERICHIA COLI.	UniSave version 1	
Q9XTG8		Caenorhabditis elegans.	UniSave version 1	
Q9XTG3		Caenorhabditis elegans.	UniSave version 1	
P03019		ESCHERICHIA COLI.	UniSave version 1	
P03016		ESCHERICHIA COLI.	UniSave version 1	
P36664		ESCHERICHIA COLI.	UniSave version 1	
P33925		ESCHERICHIA COLI.	UniSave version 1	
P45691		ESCHERICHIA COLI.	UniSave version 1	
P31070		ESCHERICHIA COLI.	UniSave version 1	
P39316		ESCHERICHIA COLI.	UniSave version 1	
P39312		ESCHERICHIA COLI.	UniSave version 1	
P39311		ESCHERICHIA COLI.	UniSave version 1	
Q09478		CAENORHABDITIS ELEGANS.	UniSave version 1	
P25845		ESCHERICHIA COLI.	UniSave version 1	
P30846		ESCHERICHIA COLI.	UniSave version 1	
P30849		ESCHERICHIA COLI.	UniSave version 1	
O45384		CAENORHABDITIS ELEGANS.	UniSave version 1	
P13030		ESCHERICHIA COLI.	UniSave version 1	
Q23065		CAENORHABDITIS ELEGANS.	UniSave version 1	
Q18696		CAENORHABDITIS ELEGANS.	UniSave version 1	
P03818		ESCHERICHIA COLI.	UniSave version 1	
Q21299		CAENORHABDITIS ELEGANS.	UniSave version 1	
P11648		ESCHERICHIA COLI.	UniSave version 1	
P07019		ESCHERICHIA COLI.	UniSave version 1	
P07016		ESCHERICHIA COLI.	UniSave version 1	
O16372		CAENORHABDITIS ELEGANS.	UniSave version 1	
O16370		CAENORHABDITIS ELEGANS.	UniSave version 1	
Q95Q26	6239.0	Caenorhabditis elegans.	UniSave version 1	
Q21036		CAENORHABDITIS ELEGANS.	UniSave version 1	
P02429		ESCHERICHIA COLI.	UniSave version 1	
P02423		ESCHERICHIA COLI.	UniSave version 1	
P02420		ESCHERICHIA COLI.	UniSave version 1	
P02421		ESCHERICHIA COLI.	UniSave version 1	
P02426		ESCHERICHIA COLI.	UniSave version 1	
P02427		ESCHERICHIA COLI.	UniSave version 1	
P02424		ESCHERICHIA COLI.	UniSave version 1	
P38522		ESCHERICHIA COLI.	UniSave version 1	
O17156		CAENORHABDITIS ELEGANS.	UniSave version 1	
Q9N5B4	6239.0	Caenorhabditis elegans.	UniSave version 1	
P18197		ESCHERICHIA COLI.	UniSave version 1	
O45269		CAENORHABDITIS ELEGANS.	UniSave version 1	
Q9BL77	6239.0	Caenorhabditis elegans.	UniSave version 1	
Q17755		CAENORHABDITIS ELEGANS.	UniSave version 1	
Q95QD3	6239.0	Caenorhabditis elegans.	UniSave version 1	
Q9XTE8		Caenorhabditis elegans.	UniSave version 1	
P24209		ESCHERICHIA COLI.	UniSave version 1	
O17985		CAENORHABDITIS ELEGANS.	UniSave version 1	
Q22027		CAENORHABDITIS ELEGANS.	UniSave version 1	
P24199		ESCHERICHIA COLI.	UniSave version 1	
O44414		CAENORHABDITIS ELEGANS.	UniSave version 1	
P39330		ESCHERICHIA COLI.	UniSave version 1	
Q93325		CAENORHABDITIS ELEGANS.	UniSave version 1	
O76579		CAENORHABDITIS ELEGANS.	UniSave version 1	
P77429		ESCHERICHIA COLI.	UniSave version 1	
P30861		ESCHERICHIA COLI.	UniSave version 1	
P30867		ESCHERICHIA COLI.	UniSave version 1	
Q23081		CAENORHABDITIS ELEGANS.	UniSave version 1	
Q9NA30	6239.0	Caenorhabditis elegans.	UniSave version 1	
P43675		ESCHERICHIA COLI.	UniSave version 1	
Q9XXR1		Caenorhabditis elegans.	UniSave version 1	
Q9U2Y3		Caenorhabditis elegans.	UniSave version 1	
P76211		ESCHERICHIA COLI.	UniSave version 1	
P02927		ESCHERICHIA COLI.	UniSave version 1	
O16356		CAENORHABDITIS ELEGANS.	UniSave version 1	
P36540		ESCHERICHIA COLI.	UniSave version 1	
P36541		ESCHERICHIA COLI.	UniSave version 1	
P36546		ESCHERICHIA COLI.	UniSave version 1	
P37764		ESCHERICHIA COLI.	UniSave version 1	
O18672		CAENORHABDITIS ELEGANS.	UniSave version 1	
P37768		ESCHERICHIA COLI.	UniSave version 1	
P11665		ESCHERICHIA COLI.	UniSave version 1	
P11666		ESCHERICHIA COLI.	UniSave version 1	
Q9XWZ9		Caenorhabditis elegans.	UniSave version 1	
Q22276		CAENORHABDITIS ELEGANS.	UniSave version 1	
O61920		CAENORHABDITIS ELEGANS.	UniSave version 1	
P38504		ESCHERICHIA COLI.	UniSave version 1	
O17174		CAENORHABDITIS ELEGANS.	UniSave version 1	
P02408		ESCHERICHIA COLI.	UniSave version 1	
P02409		ESCHERICHIA COLI.	UniSave version 1	
P76179		ESCHERICHIA COLI.	UniSave version 1	
Q8I4M1	6239.0	Caenorhabditis elegans.	UniSave version 1	
P76174		ESCHERICHIA COLI.	UniSave version 1	
P07376		ESCHERICHIA COLI (PLASMID PKM101).	UniSave version 1	
P00373		ESCHERICHIA COLI.	UniSave version 1	
O02059		CAENORHABDITIS ELEGANS.	UniSave version 1	
Q95YA7	6239.0	Caenorhabditis elegans.	UniSave version 1	
P39100		ESCHERICHIA COLI.	UniSave version 1	
P19797		ESCHERICHIA COLI.	UniSave version 1	
P21712		ESCHERICHIA COLI.	UniSave version 1	
P33898		ESCHERICHIA COLI.	UniSave version 1	
Q9XUK9		Caenorhabditis elegans.	UniSave version 1	
P22538		ESCHERICHIA COLI.	UniSave version 1	
P22539		ESCHERICHIA COLI.	UniSave version 1	
Q9XUK0		Caenorhabditis elegans.	UniSave version 1	
P27511		ESCHERICHIA COLI.	UniSave version 1	
Q57451		ESCHERICHIA COLI.	UniSave version 1	
P30746		ESCHERICHIA COLI.	UniSave version 1	
P30747		ESCHERICHIA COLI.	UniSave version 1	
P27831		ESCHERICHIA COLI.	UniSave version 1	
P91015		CAENORHABDITIS ELEGANS.	UniSave version 1	
P77646		ESCHERICHIA COLI.	UniSave version 1	
P77645		ESCHERICHIA COLI.	UniSave version 1	
P24285		ESCHERICHIA COLI.	UniSave version 1	
P08177		ESCHERICHIA COLI.	UniSave version 1	
Q965N1	6239.0	Caenorhabditis elegans.	UniSave version 1	
Q965N2	6239.0	Caenorhabditis elegans.	UniSave version 1	
Q9TVH6		Caenorhabditis elegans.	UniSave version 1	
Q19658		CAENORHABDITIS ELEGANS.	UniSave version 1	
P08398		ESCHERICHIA COLI.	UniSave version 1	
P08391		ESCHERICHIA COLI.	UniSave version 1	
P32665		ESCHERICHIA COLI.	UniSave version 1	
P32661		ESCHERICHIA COLI.	UniSave version 1	
P21502		ESCHERICHIA COLI.	UniSave version 1	
P26282		ESCHERICHIA COLI.	UniSave version 1	
P16174		ESCHERICHIA COLI.	UniSave version 1	
P06975		ESCHERICHIA COLI.	UniSave version 1	
P10377		ESCHERICHIA COLI.	UniSave version 1	
O62107		CAENORHABDITIS ELEGANS.	UniSave version 1	
P36564		ESCHERICHIA COLI.	UniSave version 1	
P41074		ESCHERICHIA COLI.	UniSave version 1	
P36567		ESCHERICHIA COLI.	UniSave version 1	
Q27363		CAENORHABDITIS ELEGANS.	UniSave version 1	
P77482		ESCHERICHIA COLI.	UniSave version 1	
P13685		ESCHERICHIA COLI.	UniSave version 1	
P24991		ESCHERICHIA COLI.	UniSave version 1	
P02392		ESCHERICHIA COLI.	UniSave version 1	
P39169		ESCHERICHIA COLI.	UniSave version 1	
P39168		ESCHERICHIA COLI.	UniSave version 1	
P39164		ESCHERICHIA COLI.	UniSave version 1	
P09168		ESCHERICHIA COLI.	UniSave version 1	
P09160		ESCHERICHIA COLI.	UniSave version 1	
Q9XUV5		Caenorhabditis elegans.	UniSave version 1	
Q23129		CAENORHABDITIS ELEGANS.	UniSave version 1	
P00824		ESCHERICHIA COLI.	UniSave version 1	
Q18427		CAENORHABDITIS ELEGANS.	UniSave version 1	
P75816		ESCHERICHIA COLI.	UniSave version 1	
Q17715		CAENORHABDITIS ELEGANS.	UniSave version 1	
Q17718		CAENORHABDITIS ELEGANS.	UniSave version 1	
P05703		ESCHERICHIA COLI (PLASMID F).	UniSave version 1	
P16244		ESCHERICHIA COLI.	UniSave version 1	
P91080		CAENORHABDITIS ELEGANS.	UniSave version 1	
Q21449		CAENORHABDITIS ELEGANS.	UniSave version 1	
P07622		ESCHERICHIA COLI.	UniSave version 1	
Q22068		CAENORHABDITIS ELEGANS.	UniSave version 1	
O76248		DROSOPHILA MELANOGASTER (FRUIT FLY).	UniSave version 1	
P27857		ESCHERICHIA COLI.	UniSave version 1	
P27854		ESCHERICHIA COLI.	UniSave version 1	
P32148		ESCHERICHIA COLI.	UniSave version 1	
Q23332		CAENORHABDITIS ELEGANS.	UniSave version 1	
O44450		CAENORHABDITIS ELEGANS.	UniSave version 1	
P29688		ESCHERICHIA COLI.	UniSave version 1	
Q9TVX8		Caenorhabditis elegans.	UniSave version 1	
Q8ITW6	6239.0	Caenorhabditis elegans.	UniSave version 1	
Q93721		CAENORHABDITIS ELEGANS.	UniSave version 1	
P76255		ESCHERICHIA COLI.	UniSave version 1	
P19673		ESCHERICHIA COLI.	UniSave version 1	
P19675		ESCHERICHIA COLI.	UniSave version 1	
Q9N597	6239.0	Caenorhabditis elegans.	UniSave version 1	
O02244		CAENORHABDITIS ELEGANS.	UniSave version 1	
P46860		ESCHERICHIA COLI.	UniSave version 1	
Q20016		CAENORHABDITIS ELEGANS.	UniSave version 1	
P30977		ESCHERICHIA COLI.	UniSave version 1	
O62127		CAENORHABDITIS ELEGANS.	UniSave version 1	
P75786		ESCHERICHIA COLI.	UniSave version 1	
P77310		ESCHERICHIA COLI.	UniSave version 1	
P17205		FRUIT FLY (DROSOPHILA MELANOGASTER).	UniSave version 1	
Q21271		CAENORHABDITIS ELEGANS.	UniSave version 1	
Q95Q82	6239.0	Caenorhabditis elegans.	UniSave version 1	
Q9U3J5		Caenorhabditis elegans.	UniSave version 1	
O17801		CAENORHABDITIS ELEGANS.	UniSave version 1	
P91199		CAENORHABDITIS ELEGANS.	UniSave version 1	
P36950		ESCHERICHIA COLI.	UniSave version 1	
Q9XWV8		Caenorhabditis elegans.	UniSave version 1	
P02378		ESCHERICHIA COLI.	UniSave version 1	
P02370		ESCHERICHIA COLI.	UniSave version 1	
P02371		ESCHERICHIA COLI.	UniSave version 1	
Q20654		CAENORHABDITIS ELEGANS.	UniSave version 1	
P06981		ESCHERICHIA COLI.	UniSave version 1	
Q9U289		Caenorhabditis elegans.	UniSave version 1	
Q8MPT7	6239.0	Caenorhabditis elegans.	UniSave version 1	
Q19881		CAENORHABDITIS ELEGANS.	UniSave version 1	
Q19884		CAENORHABDITIS ELEGANS.	UniSave version 1	
P28637		ESCHERICHIA COLI.	UniSave version 1	
P17582		ESCHERICHIA COLI.	UniSave version 1	
P17580		ESCHERICHIA COLI.	UniSave version 1	
P14178		ESCHERICHIA COLI.	UniSave version 1	
Q17737		CAENORHABDITIS ELEGANS.	UniSave version 1	
P32697		ESCHERICHIA COLI.	UniSave version 1	
P24210		ESCHERICHIA COLI.	UniSave version 1	
Q17599		CAENORHABDITIS ELEGANS.	UniSave version 1	
P32142		ESCHERICHIA COLI.	UniSave version 1	
P32147		ESCHERICHIA COLI.	UniSave version 1	
P90814		CAENORHABDITIS ELEGANS.	UniSave version 1	
P12638		ESCHERICHIA COLI.	UniSave version 1	
P11721		ESCHERICHIA COLI.	UniSave version 1	
P13580		ESCHERICHIA COLI.	UniSave version 1	
Q20414		CAENORHABDITIS ELEGANS.	UniSave version 1	
Q47413		ESCHERICHIA COLI.	UniSave version 1	
Q21847		CAENORHABDITIS ELEGANS.	UniSave version 1	
P28694		ESCHERICHIA COLI.	UniSave version 1	
Q9TVZ6		Caenorhabditis elegans.	UniSave version 1	
P24249		ESCHERICHIA COLI.	UniSave version 1	
P24247		ESCHERICHIA COLI.	UniSave version 1	
P24245		ESCHERICHIA COLI.	UniSave version 1	
P00453		ESCHERICHIA COLI.	UniSave version 1	
O46309		DROSOPHILA MELANOGASTER (FRUIT FLY).	UniSave version 1	
Q9N3E3	6239.0	Caenorhabditis elegans.	UniSave version 1	
P10115		ESCHERICHIA COLI.	UniSave version 1	
P04742		ESCHERICHIA COLI.	UniSave version 1	
Q9UA36		Caenorhabditis elegans.	UniSave version 1	
P25537		ESCHERICHIA COLI.	UniSave version 1	
P25538		ESCHERICHIA COLI.	UniSave version 1	
Q9UAH1		Caenorhabditis elegans.	UniSave version 1	
Q95ZK9	6239.0	Caenorhabditis elegans.	UniSave version 1	
Q27328		CAENORHABDITIS ELEGANS.	UniSave version 1	
P16936		ESCHERICHIA COLI.	UniSave version 1	
Q95NU9	7227.0	Drosophila melanogaster (Fruit fly).	UniSave version 1	
P29210		ESCHERICHIA COLI.	UniSave version 1	
P29211		ESCHERICHIA COLI.	UniSave version 1	
P02352		ESCHERICHIA COLI.	UniSave version 1	
P07181		FRUIT FLY (DROSOPHILA MELANOGASTER).	UniSave version 1	
P07459		ESCHERICHIA COLI.	UniSave version 1	
O16736		CAENORHABDITIS ELEGANS.	UniSave version 1	
P77734		ESCHERICHIA COLI.	UniSave version 1	
P34086		ESCHERICHIA COLI.	UniSave version 1	
P07008		ESCHERICHIA COLI.	UniSave version 1	
Q8SWT6	7227.0	Drosophila melanogaster (Fruit fly).	UniSave version 1	
P39171		ESCHERICHIA COLI.	UniSave version 1	
P52054		ESCHERICHIA COLI.	UniSave version 1	
Q95QL9	6239.0	Caenorhabditis elegans.	UniSave version 1	
P32165		ESCHERICHIA COLI.	UniSave version 1	
P32168		ESCHERICHIA COLI.	UniSave version 1	
P14954		FRUIT FLY (DROSOPHILA MELANOGASTER).	UniSave version 1	
Q9XTM0		Caenorhabditis elegans.	UniSave version 1	
O61442		CAENORHABDITIS ELEGANS.	UniSave version 1	
O62622		DROSOPHILA MELANOGASTER (FRUIT FLY).	UniSave version 1	
Q18804		CAENORHABDITIS ELEGANS.	UniSave version 1	
Q9XZS6		Drosophila melanogaster (Fruit fly).	UniSave version 1	
P27299		ESCHERICHIA COLI.	UniSave version 1	
Q9U2R1		Caenorhabditis elegans.	UniSave version 1	
P75698		ESCHERICHIA COLI.	UniSave version 1	
Q18379		CAENORHABDITIS ELEGANS.	UniSave version 1	
P30146		ESCHERICHIA COLI.	UniSave version 1	
Q9N2L3	6239.0	Caenorhabditis elegans.	UniSave version 1	
P02410		ESCHERICHIA COLI.	UniSave version 1	
P02416		ESCHERICHIA COLI.	UniSave version 1	
P23870		ESCHERICHIA COLI.	UniSave version 1	
P77253		ESCHERICHIA COLI.	UniSave version 1	
P06137		ESCHERICHIA COLI.	UniSave version 1	
Q965N5	6239.0	Caenorhabditis elegans.	UniSave version 1	
P31457		ESCHERICHIA COLI.	UniSave version 1	
P23875		ESCHERICHIA COLI.	UniSave version 1	
P27433		ESCHERICHIA COLI.	UniSave version 1	
P32484		ESCHERICHIA COLI.	UniSave version 1	
P00475		ESCHERICHIA COLI.	UniSave version 1	
P00479		ESCHERICHIA COLI.	UniSave version 1	
P00478		ESCHERICHIA COLI.	UniSave version 1	
P02901		ESCHERICHIA COLI.	UniSave version 1	
P02905		ESCHERICHIA COLI.	UniSave version 1	
Q18146		CAENORHABDITIS ELEGANS.	UniSave version 1	
Q17674		CAENORHABDITIS ELEGANS.	UniSave version 1	
P11550		ESCHERICHIA COLI.	UniSave version 1	
Q27498		CAENORHABDITIS ELEGANS.	UniSave version 1	
P17242		ESCHERICHIA COLI.	UniSave version 1	
P23892		ESCHERICHIA COLI.	UniSave version 1	
P06958		ESCHERICHIA COLI.	UniSave version 1	
P23932		ESCHERICHIA COLI.	UniSave version 1	
P33356		ESCHERICHIA COLI.	UniSave version 1	
Q9XTV2		Caenorhabditis elegans.	UniSave version 1	
P02339		ESCHERICHIA COLI.	UniSave version 1	
P03827		ESCHERICHIA COLI.	UniSave version 1	
P03822		ESCHERICHIA COLI.	UniSave version 1	
P00844		ESCHERICHIA COLI.	UniSave version 1	
Q95X38	6239.0	Caenorhabditis elegans.	UniSave version 1	
Q09536		CAENORHABDITIS ELEGANS.	UniSave version 1	
P39182		ESCHERICHIA COLI.	UniSave version 1	
P14130		FRUIT FLY (DROSOPHILA MELANOGASTER).	UniSave version 1	
P94739		ESCHERICHIA COLI.	UniSave version 1	
P07022		ESCHERICHIA COLI.	UniSave version 1	
P11036		ESCHERICHIA COLI.	UniSave version 1	
P36681		ESCHERICHIA COLI.	UniSave version 1	
O16527		CAENORHABDITIS ELEGANS.	UniSave version 1	
Q21591		CAENORHABDITIS ELEGANS.	UniSave version 1	
P36663		ESCHERICHIA COLI.	UniSave version 1	
P36660		ESCHERICHIA COLI.	UniSave version 1	
P77524		ESCHERICHIA COLI.	UniSave version 1	
Q8I7L1	6239.0	Caenorhabditis elegans.	UniSave version 1	
P09097		ESCHERICHIA COLI.	UniSave version 1	
Q95ZP7	6239.0	Caenorhabditis elegans.	UniSave version 1	
Q9BL70	6239.0	Caenorhabditis elegans.	UniSave version 1	
O17723		CAENORHABDITIS ELEGANS.	UniSave version 1	
Q9U3S0		Caenorhabditis elegans.	UniSave version 1	
P24201		ESCHERICHIA COLI.	UniSave version 1	
Q22860		CAENORHABDITIS ELEGANS.	UniSave version 1	
P76054		ESCHERICHIA COLI.	UniSave version 1	
Q46930		ESCHERICHIA COLI.	UniSave version 1	
P02928		ESCHERICHIA COLI.	UniSave version 1	
P02923		ESCHERICHIA COLI.	UniSave version 1	
P41076		ESCHERICHIA COLI.	UniSave version 1	
P45393		ESCHERICHIA COLI.	UniSave version 1	
Q18165		CAENORHABDITIS ELEGANS.	UniSave version 1	
P06977		ESCHERICHIA COLI.	UniSave version 1	
P21346		ESCHERICHIA COLI.	UniSave version 1	
P03809		ESCHERICHIA COLI.	UniSave version 1	
P03806		ESCHERICHIA COLI.	UniSave version 1	
P03805		ESCHERICHIA COLI.	UniSave version 1	
Q20632		CAENORHABDITIS ELEGANS.	UniSave version 1	
P25887		ESCHERICHIA COLI.	UniSave version 1	
P77770		ESCHERICHIA COLI.	UniSave version 1	
P28691		ESCHERICHIA COLI.	UniSave version 1	
P28692		ESCHERICHIA COLI.	UniSave version 1	
Q9U4L0		Caenorhabditis elegans.	UniSave version 1	
P08186		ESCHERICHIA COLI.	UniSave version 1	
Q9N5V2	6239.0	Caenorhabditis elegans.	UniSave version 1	
O17555		CAENORHABDITIS ELEGANS.	UniSave version 1	
P23304		ESCHERICHIA COLI.	UniSave version 1	
P91821		CAENORHABDITIS ELEGANS.	UniSave version 1	
P33995		ESCHERICHIA COLI.	UniSave version 1	
P24229		ESCHERICHIA COLI.	UniSave version 1	
Q47130		ESCHERICHIA COLI.	UniSave version 1	
P19776		ESCHERICHIA COLI.	UniSave version 1	
O44720		CAENORHABDITIS ELEGANS.	UniSave version 1	
Q17359		CAENORHABDITIS ELEGANS.	UniSave version 1	
P02824		FRUIT FLY (DROSOPHILA MELANOGASTER).	UniSave version 1	
P24172		ESCHERICHIA COLI.	UniSave version 1	
Q21370		CAENORHABDITIS ELEGANS.	UniSave version 1	
P37157		DROSOPHILA MELANOGASTER (FRUIT FLY).	UniSave version 1	
P38685		ESCHERICHIA COLI.	UniSave version 1	
Q21116		CAENORHABDITIS ELEGANS.	UniSave version 1	
Q9TXN3		Caenorhabditis elegans.	UniSave version 1	
Q94226		CAENORHABDITIS ELEGANS.	UniSave version 1	
Q60150		ESCHERICHIA COLI.	UniSave version 1	
P24225		ESCHERICHIA COLI.	UniSave version 1	
O45410		CAENORHABDITIS ELEGANS.	UniSave version 1	
Q9TVP0		Caenorhabditis elegans.	UniSave version 1	
P24223		ESCHERICHIA COLI.	UniSave version 1	
P28225		ESCHERICHIA COLI.	UniSave version 1	
Q20409		CAENORHABDITIS ELEGANS.	UniSave version 1	
Q19365		CAENORHABDITIS ELEGANS.	UniSave version 1	
P00923		ESCHERICHIA COLI.	UniSave version 1	
Q9XWK1		Caenorhabditis elegans.	UniSave version 1	
P10177		ESCHERICHIA COLI.	UniSave version 1	
P11096		ESCHERICHIA COLI.	UniSave version 1	
O18257		CAENORHABDITIS ELEGANS.	UniSave version 1	
P25663		ESCHERICHIA COLI.	UniSave version 1	
P25662		ESCHERICHIA COLI.	UniSave version 1	
P25661		ESCHERICHIA COLI.	UniSave version 1	
Q19587		CAENORHABDITIS ELEGANS.	UniSave version 1	
P52137		ESCHERICHIA COLI.	UniSave version 1	
Q21075		CAENORHABDITIS ELEGANS.	UniSave version 1	
Q18183		CAENORHABDITIS ELEGANS.	UniSave version 1	
P06998		ESCHERICHIA COLI.	UniSave version 1	
P06995		ESCHERICHIA COLI.	UniSave version 1	
P36857		ESCHERICHIA COLI.	UniSave version 1	
Q9XVP9		Caenorhabditis elegans.	UniSave version 1	
P33646		ESCHERICHIA COLI.	UniSave version 1	
O17887		CAENORHABDITIS ELEGANS.	UniSave version 1	
P15039		ESCHERICHIA COLI.	UniSave version 1	
Q20187		CAENORHABDITIS ELEGANS.	UniSave version 1	
P15035		ESCHERICHIA COLI.	UniSave version 1	
Q20188		CAENORHABDITIS ELEGANS.	UniSave version 1	
Q21580		CAENORHABDITIS ELEGANS.	UniSave version 1	
Q95PY0	6239.0	Caenorhabditis elegans.	UniSave version 1	
Q9XUX8		Caenorhabditis elegans.	UniSave version 1	
Q9NES0	6239.0	Caenorhabditis elegans.	UniSave version 1	
P02411		ESCHERICHIA COLI.	UniSave version 1	
P05082		ESCHERICHIA COLI.	UniSave version 1	
P03844		ESCHERICHIA COLI.	UniSave version 1	
P20082		ESCHERICHIA COLI.	UniSave version 1	
P34546		CAENORHABDITIS ELEGANS.	UniSave version 1	
Q23671		CAENORHABDITIS ELEGANS.	UniSave version 1	
O45604		CAENORHABDITIS ELEGANS.	UniSave version 1	
Q9U1P3		Caenorhabditis elegans.	UniSave version 1	
Q20216		CAENORHABDITIS ELEGANS.	UniSave version 1	
Q9GZF1	6239.0	Caenorhabditis elegans.	UniSave version 1	
Q18646		CAENORHABDITIS ELEGANS.	UniSave version 1	
P54711		ESCHERICHIA COLI.	UniSave version 1	
Q8ST15	6239.0	Caenorhabditis elegans.	UniSave version 1	
P07906		ESCHERICHIA COLI.	UniSave version 1	
P07905		ESCHERICHIA COLI.	UniSave version 1	
Q20378		CAENORHABDITIS ELEGANS.	UniSave version 1	
Q9TYS2		Caenorhabditis elegans.	UniSave version 1	
P18783		ESCHERICHIA COLI.	UniSave version 1	
P90987		CAENORHABDITIS ELEGANS.	UniSave version 1	
P90985		CAENORHABDITIS ELEGANS.	UniSave version 1	
P37312		ESCHERICHIA COLI.	UniSave version 1	
P37314		ESCHERICHIA COLI.	UniSave version 1	
P37316		ESCHERICHIA COLI.	UniSave version 1	
Q9VHP2		Drosophila melanogaster (Fruit fly).	UniSave version 1	
P05850		ESCHERICHIA COLI.	UniSave version 1	
Q21134		CAENORHABDITIS ELEGANS.	UniSave version 1	
Q21139		CAENORHABDITIS ELEGANS.	UniSave version 1	
P33780		ESCHERICHIA COLI.	UniSave version 1	
Q95XR5	6239.0	Caenorhabditis elegans.	UniSave version 1	
P17963		ESCHERICHIA COLI.	UniSave version 1	
P48838		ESCHERICHIA COLI.	UniSave version 1	
P37175		ESCHERICHIA COLI.	UniSave version 1	
P91329		CAENORHABDITIS ELEGANS.	UniSave version 1	
P91328		CAENORHABDITIS ELEGANS.	UniSave version 1	
P09625		ESCHERICHIA COLI.	UniSave version 1	
P52065		ESCHERICHIA COLI.	UniSave version 1	
P28242		ESCHERICHIA COLI.	UniSave version 1	
P28244		ESCHERICHIA COLI.	UniSave version 1	
P42902		ESCHERICHIA COLI.	UniSave version 1	
P08576		ESCHERICHIA COLI.	UniSave version 1	
P08577		ESCHERICHIA COLI.	UniSave version 1	
Q47624		ESCHERICHIA COLI.	UniSave version 1	
Q18341		CAENORHABDITIS ELEGANS.	UniSave version 1	
P76189		ESCHERICHIA COLI.	UniSave version 1	
P08885		ESCHERICHIA COLI.	UniSave version 1	
P25739		ESCHERICHIA COLI.	UniSave version 1	
P26603		ESCHERICHIA COLI.	UniSave version 1	
Q9XW76		Caenorhabditis elegans.	UniSave version 1	
P39435		ESCHERICHIA COLI.	UniSave version 1	
P33233		ESCHERICHIA COLI.	UniSave version 1	
Q23472		CAENORHABDITIS ELEGANS.	UniSave version 1	
P03843		ESCHERICHIA COLI.	UniSave version 1	
P03842		ESCHERICHIA COLI.	UniSave version 1	
P00470		ESCHERICHIA COLI.	UniSave version 1	
P33138		ESCHERICHIA COLI.	UniSave version 1	
Q54149		SHIGELLA FLEXNERI, AND ESCHERICHIA COLI.	UniSave version 1	
O17378		CAENORHABDITIS ELEGANS.	UniSave version 1	
Q93601		CAENORHABDITIS ELEGANS.	UniSave version 1	
Q19750		CAENORHABDITIS ELEGANS.	UniSave version 1	
P24167		ESCHERICHIA COLI.	UniSave version 1	
P00577		ESCHERICHIA COLI.	UniSave version 1	
P00575		ESCHERICHIA COLI.	UniSave version 1	
Q18084		CAENORHABDITIS ELEGANS.	UniSave version 1	
P76519		ESCHERICHIA COLI.	UniSave version 1	
P13519		ESCHERICHIA COLI.	UniSave version 1	
Q9ZN60		Escherichia coli.	UniSave version 1	
P04475		ESCHERICHIA COLI.	UniSave version 1	
P25530		ESCHERICHIA COLI.	UniSave version 1	
P10413		ESCHERICHIA COLI.	UniSave version 1	
P39345		ESCHERICHIA COLI.	UniSave version 1	
Q18266		CAENORHABDITIS ELEGANS.	UniSave version 1	
P08193		ESCHERICHIA COLI.	UniSave version 1	
P77574		ESCHERICHIA COLI.	UniSave version 1	
P37192		ESCHERICHIA COLI.	UniSave version 1	
P37190		ESCHERICHIA COLI.	UniSave version 1	
P37191		ESCHERICHIA COLI.	UniSave version 1	
P18784		ESCHERICHIA COLI.	UniSave version 1	
P05702		ESCHERICHIA COLI (PLASMID F).	UniSave version 1	
P23483		ESCHERICHIA COLI.	UniSave version 1	
P02386		ESCHERICHIA COLI.	UniSave version 1	
Q17492		CAENORHABDITIS ELEGANS.	UniSave version 1	
P42903		ESCHERICHIA COLI.	UniSave version 1	
P32064		ESCHERICHIA COLI.	UniSave version 1	
Q79EK6	562.0	Escherichia coli.	UniSave version 1	
P19494		ESCHERICHIA COLI.	UniSave version 1	
P21892		ESCHERICHIA COLI.	UniSave version 1	
P11445		ESCHERICHIA COLI.	UniSave version 1	
P04804		ESCHERICHIA COLI.	UniSave version 1	
P39184		ESCHERICHIA COLI.	UniSave version 1	
Q94363		CAENORHABDITIS ELEGANS.	UniSave version 1	
P39903		ESCHERICHIA COLI.	UniSave version 1	
P11867		ESCHERICHIA COLI.	UniSave version 1	
Q9U240		Caenorhabditis elegans.	UniSave version 1	
Q23418		CAENORHABDITIS ELEGANS.	UniSave version 1	
P08837		ESCHERICHIA COLI.	UniSave version 1	
O17353		CAENORHABDITIS ELEGANS.	UniSave version 1	
Q22326		CAENORHABDITIS ELEGANS.	UniSave version 1	
Q22327		CAENORHABDITIS ELEGANS.	UniSave version 1	
P31577		ESCHERICHIA COLI.	UniSave version 1	
P31571		ESCHERICHIA COLI.	UniSave version 1	
P17547		ESCHERICHIA COLI.	UniSave version 1	
Q9N5P1	6239.0	Caenorhabditis elegans.	UniSave version 1	
P76351		ESCHERICHIA COLI.	UniSave version 1	
Q9XU77		Caenorhabditis elegans.	UniSave version 1	
Q19735		CAENORHABDITIS ELEGANS.	UniSave version 1	
P00556		ESCHERICHIA COLI.	UniSave version 1	
P24234		ESCHERICHIA COLI.	UniSave version 1	
O44736		CAENORHABDITIS ELEGANS.	UniSave version 1	
P10904		ESCHERICHIA COLI.	UniSave version 1	
O61390		CAENORHABDITIS ELEGANS.	UniSave version 1	
P37350		ESCHERICHIA COLI.	UniSave version 1	
P31219		ESCHERICHIA COLI.	UniSave version 1	
P31217		ESCHERICHIA COLI.	UniSave version 1	
P45847		ESCHERICHIA COLI.	UniSave version 1	
Q95ZX3	6239.0	Caenorhabditis elegans.	UniSave version 1	
P46186		ESCHERICHIA COLI.	UniSave version 1	
Q22407		CAENORHABDITIS ELEGANS.	UniSave version 1	
P00913		ESCHERICHIA COLI.	UniSave version 1	
P09371		ESCHERICHIA COLI.	UniSave version 1	
P52083		ESCHERICHIA COLI.	UniSave version 1	
P52648		ESCHERICHIA COLI.	UniSave version 1	
P20101		ESCHERICHIA COLI.	UniSave version 1	
P14374		ESCHERICHIA COLI.	UniSave version 1	
P14376		ESCHERICHIA COLI.	UniSave version 1	
O45922		CAENORHABDITIS ELEGANS.	UniSave version 1	
P08531		ESCHERICHIA COLI.	UniSave version 1	
P45803		ESCHERICHIA COLI.	UniSave version 1	
P32049		ESCHERICHIA COLI.	UniSave version 1	
P08205		ESCHERICHIA COLI.	UniSave version 1	
Q9UAT4		Caenorhabditis elegans.	UniSave version 1	
P32159		ESCHERICHIA COLI.	UniSave version 1	
P00580		ESCHERICHIA COLI.	UniSave version 1	
Q9XX87		Caenorhabditis elegans.	UniSave version 1	
P17114		ESCHERICHIA COLI.	UniSave version 1	
P17112		ESCHERICHIA COLI.	UniSave version 1	
P17113		ESCHERICHIA COLI.	UniSave version 1	
P08859		ESCHERICHIA COLI.	UniSave version 1	
P00584		ESCHERICHIA COLI.	UniSave version 1	
O18179		CAENORHABDITIS ELEGANS.	UniSave version 1	
P77225		ESCHERICHIA COLI.	UniSave version 1	
P02999		ESCHERICHIA COLI.	UniSave version 1	
O61819		CAENORHABDITIS ELEGANS.	UniSave version 1	
Q93647		CAENORHABDITIS ELEGANS.	UniSave version 1	
O45007		CAENORHABDITIS ELEGANS.	UniSave version 1	
P22187		ESCHERICHIA COLI.	UniSave version 1	
P42550		ESCHERICHIA COLI.	UniSave version 1	
Q9TYY2		Caenorhabditis elegans.	UniSave version 1	
Q9TYY1		Caenorhabditis elegans.	UniSave version 1	
Q9N343	6239.0	Caenorhabditis elegans.	UniSave version 1	
Q9N342	6239.0	Caenorhabditis elegans.	UniSave version 1	
P37616		ESCHERICHIA COLI.	UniSave version 1	
P05838		ESCHERICHIA COLI.	UniSave version 1	
Q20869		CAENORHABDITIS ELEGANS.	UniSave version 1	
P15277		ESCHERICHIA COLI.	UniSave version 1	
P21202		ESCHERICHIA COLI.	UniSave version 1	
P33899		ESCHERICHIA COLI.	UniSave version 1	
P16457		ESCHERICHIA COLI.	UniSave version 1	
Q9N4N2	6239.0	Caenorhabditis elegans.	UniSave version 1	
P07904		ESCHERICHIA COLI.	UniSave version 1	
O01602		CAENORHABDITIS ELEGANS.	UniSave version 1	
O01934		CAENORHABDITIS ELEGANS.	UniSave version 1	
Q20486		CAENORHABDITIS ELEGANS.	UniSave version 1	
Q20485		CAENORHABDITIS ELEGANS.	UniSave version 1	
P30017		ESCHERICHIA COLI.	UniSave version 1	
P30010		ESCHERICHIA COLI.	UniSave version 1	
P52109		ESCHERICHIA COLI.	UniSave version 1	
Q9TVX9		Caenorhabditis elegans.	UniSave version 1	
Q94301		CAENORHABDITIS ELEGANS.	UniSave version 1	
Q9XTB3		Caenorhabditis elegans.	UniSave version 1	
Q9UAV4		Caenorhabditis elegans.	UniSave version 1	
O02353		CAENORHABDITIS ELEGANS.	UniSave version 1	
Q20103		CAENORHABDITIS ELEGANS.	UniSave version 1	
P28910		ESCHERICHIA COLI.	UniSave version 1	
O61858		CAENORHABDITIS ELEGANS.	UniSave version 1	
P09392		ESCHERICHIA COLI.	UniSave version 1	
O17916		CAENORHABDITIS ELEGANS.	UniSave version 1	
O17640		CAENORHABDITIS ELEGANS.	UniSave version 1	
P37315		ESCHERICHIA COLI.	UniSave version 1	
P10446		ESCHERICHIA COLI.	UniSave version 1	
P10445		ESCHERICHIA COLI.	UniSave version 1	
P10444		ESCHERICHIA COLI.	UniSave version 1	
P10440		ESCHERICHIA COLI.	UniSave version 1	
O76614		CAENORHABDITIS ELEGANS.	UniSave version 1	
Q8T3G3	6239.0	Caenorhabditis elegans.	UniSave version 1	
P39296		ESCHERICHIA COLI.	UniSave version 1	
P00510		ESCHERICHIA COLI.	UniSave version 1	
Q46872		ESCHERICHIA COLI.	UniSave version 1	
Q23017		CAENORHABDITIS ELEGANS.	UniSave version 1	
P18840		ESCHERICHIA COLI.	UniSave version 1	
P22257		ESCHERICHIA COLI.	UniSave version 1	
P23306		ESCHERICHIA COLI.	UniSave version 1	
P14609		ESCHERICHIA COLI.	UniSave version 1	
Q27864		CAENORHABDITIS ELEGANS.	UniSave version 1	
P10940		ESCHERICHIA COLI.	UniSave version 1	
P32691		ESCHERICHIA COLI.	UniSave version 1	
P40681		ESCHERICHIA COLI.	UniSave version 1	
P07176		ESCHERICHIA COLI.	UniSave version 1	
O01492		CAENORHABDITIS ELEGANS.	UniSave version 1	
Q9TVJ1		Caenorhabditis elegans.	UniSave version 1	
P75776		ESCHERICHIA COLI.	UniSave version 1	
Q22190		CAENORHABDITIS ELEGANS.	UniSave version 1	
P33357		ESCHERICHIA COLI.	UniSave version 1	
P27851		ESCHERICHIA COLI.	UniSave version 1	
Q9U3G3		Caenorhabditis elegans.	UniSave version 1	
P39287		ESCHERICHIA COLI.	UniSave version 1	
Q17862		CAENORHABDITIS ELEGANS.	UniSave version 1	
Q95NF0	6239.0	Caenorhabditis elegans.	UniSave version 1	
Q19521		CAENORHABDITIS ELEGANS.	UniSave version 1	
Q9N3U8	6239.0	Caenorhabditis elegans.	UniSave version 1	
P45535		ESCHERICHIA COLI.	UniSave version 1	
P45533		ESCHERICHIA COLI.	UniSave version 1	
P26427		ESCHERICHIA COLI.	UniSave version 1	
P00891		ESCHERICHIA COLI.	UniSave version 1	
P00892		ESCHERICHIA COLI.	UniSave version 1	
Q17789		CAENORHABDITIS ELEGANS.	UniSave version 1	
P02834		FRUIT FLY (DROSOPHILA MELANOGASTER).	UniSave version 1	
P75904		ESCHERICHIA COLI.	UniSave version 1	
P45802		ESCHERICHIA COLI.	UniSave version 1	
P37618		ESCHERICHIA COLI.	UniSave version 1	
P31067		ESCHERICHIA COLI.	UniSave version 1	
P05021		ESCHERICHIA COLI.	UniSave version 1	
Q8MQ36	6239.0	Caenorhabditis elegans.	UniSave version 1	
P33918		ESCHERICHIA COLI.	UniSave version 1	
Q9XUB8		Caenorhabditis elegans.	UniSave version 1	
P07682		ESCHERICHIA COLI.	UniSave version 1	
P21155		ESCHERICHIA COLI.	UniSave version 1	
O76674		CAENORHABDITIS ELEGANS.	UniSave version 1	
O44977		CAENORHABDITIS ELEGANS.	UniSave version 1	
Q9GYP6	6239.0	Caenorhabditis elegans.	UniSave version 1	
O44971		CAENORHABDITIS ELEGANS.	UniSave version 1	
P04379		ESCHERICHIA COLI.	UniSave version 1	
O01543		CAENORHABDITIS ELEGANS.	UniSave version 1	
Q19201		CAENORHABDITIS ELEGANS.	UniSave version 1	
Q19208		CAENORHABDITIS ELEGANS.	UniSave version 1	
P16702		ESCHERICHIA COLI.	UniSave version 1	
P28302		ESCHERICHIA COLI.	UniSave version 1	
Q9U373		Caenorhabditis elegans.	UniSave version 1	
Q09997		CAENORHABDITIS ELEGANS.	UniSave version 1	
P23328		ESCHERICHIA COLI.	UniSave version 1	
P27430		ESCHERICHIA COLI.	UniSave version 1	
Q21891		CAENORHABDITIS ELEGANS.	UniSave version 1	
P15344		ESCHERICHIA COLI.	UniSave version 1	
O02165		CAENORHABDITIS ELEGANS.	UniSave version 1	
Q966M3	6239.0	Caenorhabditis elegans.	UniSave version 1	
P40116		ESCHERICHIA COLI.	UniSave version 1	
P23282		ESCHERICHIA COLI.	UniSave version 1	
P00907		ESCHERICHIA COLI.	UniSave version 1	
P33582		ESCHERICHIA COLI.	UniSave version 1	
O62195		CAENORHABDITIS ELEGANS.	UniSave version 1	
Q9N4J6	6239.0	Caenorhabditis elegans.	UniSave version 1	
P17579		ESCHERICHIA COLI.	UniSave version 1	
O62190		CAENORHABDITIS ELEGANS.	UniSave version 1	
P15282		ESCHERICHIA COLI.	UniSave version 1	
Q9TVL8		Caenorhabditis elegans.	UniSave version 1	
Q9U3E3		Caenorhabditis elegans.	UniSave version 1	
P08936		ESCHERICHIA COLI.	UniSave version 1	
Q59431		ESCHERICHIA COLI.	UniSave version 1	
Q59384		ESCHERICHIA COLI.	UniSave version 1	
Q9U2A0		Caenorhabditis elegans.	UniSave version 1	
P00822		ESCHERICHIA COLI.	UniSave version 1	
P23891		ESCHERICHIA COLI.	UniSave version 1	
Q19018		CAENORHABDITIS ELEGANS.	UniSave version 1	
P76367		ESCHERICHIA COLI.	UniSave version 1	
Q9XTF9		Caenorhabditis elegans.	UniSave version 1	
Q20148		CAENORHABDITIS ELEGANS.	UniSave version 1	
P75965		ESCHERICHIA COLI.	UniSave version 1	
P05797		ESCHERICHIA COLI.	UniSave version 1	
P24237		ESCHERICHIA COLI.	UniSave version 1	
P03026		ESCHERICHIA COLI.	UniSave version 1	
P03021		ESCHERICHIA COLI.	UniSave version 1	
P03020		ESCHERICHIA COLI, AND SHIGELLA FLEXNERI.	UniSave version 1	
P37053		ESCHERICHIA COLI.	UniSave version 1	
Q8MQ18	6239.0	Caenorhabditis elegans.	UniSave version 1	
P33938		ESCHERICHIA COLI.	UniSave version 1	
Q9XUL9		Caenorhabditis elegans.	UniSave version 1	
P42631		ESCHERICHIA COLI.	UniSave version 1	
P02375		ESCHERICHIA COLI.	UniSave version 1	
P02372		ESCHERICHIA COLI.	UniSave version 1	
P02373		ESCHERICHIA COLI.	UniSave version 1	
Q22012		CAENORHABDITIS ELEGANS.	UniSave version 1	
P02267		FRUIT FLY (DROSOPHILA MELANOGASTER).	UniSave version 1	
P18391		ESCHERICHIA COLI.	UniSave version 1	
P02351		ESCHERICHIA COLI.	UniSave version 1	
P24184		ESCHERICHIA COLI.	UniSave version 1	
Q93375		CAENORHABDITIS ELEGANS.	UniSave version 1	
P11165		ESCHERICHIA COLI.	UniSave version 1	
P11164		ESCHERICHIA COLI.	UniSave version 1	
P77606		ESCHERICHIA COLI.	UniSave version 1	
P77605		ESCHERICHIA COLI.	UniSave version 1	
P23523		ESCHERICHIA COLI.	UniSave version 1	
P30856		ESCHERICHIA COLI.	UniSave version 1	
P30854		ESCHERICHIA COLI.	UniSave version 1	
Q09648		CAENORHABDITIS ELEGANS.	UniSave version 1	
P06217		ESCHERICHIA COLI.	UniSave version 1	
P31222		ESCHERICHIA COLI.	UniSave version 1	
P08328		ESCHERICHIA COLI.	UniSave version 1	
P08324		ESCHERICHIA COLI.	UniSave version 1	
Q9U2W6		Caenorhabditis elegans.	UniSave version 1	
Q27537		CAENORHABDITIS ELEGANS.	UniSave version 1	
P77681		ESCHERICHIA COLI.	UniSave version 1	
Q8INW0	7227.0	Drosophila melanogaster (Fruit fly).	UniSave version 1	
P31221		ESCHERICHIA COLI.	UniSave version 1	
Q9N3J8	6239.0	Caenorhabditis elegans.	UniSave version 1	
P11585		ESCHERICHIA COLI.	UniSave version 1	
Q22837		CAENORHABDITIS ELEGANS.	UniSave version 1	
Q9N2Z8	6239.0	Caenorhabditis elegans.	UniSave version 1	
P07366		ESCHERICHIA COLI.	UniSave version 1	
P07365		ESCHERICHIA COLI.	UniSave version 1	
P10983		CAENORHABDITIS ELEGANS.	UniSave version 1	
P07025		ESCHERICHIA COLI.	UniSave version 1	
P07027		ESCHERICHIA COLI.	UniSave version 1	
P07028		ESCHERICHIA COLI.	UniSave version 1	
P07912		ESCHERICHIA COLI.	UniSave version 1	
Q9U990		Caenorhabditis elegans.	UniSave version 1	
Q22489		CAENORHABDITIS ELEGANS.	UniSave version 1	
P77380		ESCHERICHIA COLI.	UniSave version 1	
P77385		ESCHERICHIA COLI.	UniSave version 1	
P23844		ESCHERICHIA COLI.	UniSave version 1	
P13457		ESCHERICHIA COLI.	UniSave version 1	
Q21022		CAENORHABDITIS ELEGANS.	UniSave version 1	
Q8WQC6	6239.0	Caenorhabditis elegans.	UniSave version 1	
Q9N5C5	6239.0	Caenorhabditis elegans.	UniSave version 1	
P45571		ESCHERICHIA COLI.	UniSave version 1	
P90882		CAENORHABDITIS ELEGANS.	UniSave version 1	
P45476		ESCHERICHIA COLI.	UniSave version 1	
Q20165		CAENORHABDITIS ELEGANS.	UniSave version 1	
P11351		ESCHERICHIA COLI.	UniSave version 1	
P75941		ESCHERICHIA COLI.	UniSave version 1	
P45397		ESCHERICHIA COLI.	UniSave version 1	
Q95QC0	6239.0	Caenorhabditis elegans.	UniSave version 1	
Q9XTD1		Caenorhabditis elegans.	UniSave version 1	
P02934		ESCHERICHIA COLI.	UniSave version 1	
P26607		ESCHERICHIA COLI.	UniSave version 1	
P03005		ESCHERICHIA COLI.	UniSave version 1	
P03003		ESCHERICHIA COLI.	UniSave version 1	
P03002		ESCHERICHIA COLI.	UniSave version 1	
P10411		ESCHERICHIA COLI.	UniSave version 1	
Q22030		CAENORHABDITIS ELEGANS.	UniSave version 1	
Q46894		ESCHERICHIA COLI.	UniSave version 1	
P30148		ESCHERICHIA COLI.	UniSave version 1	
O17628		CAENORHABDITIS ELEGANS.	UniSave version 1	
Q18516		CAENORHABDITIS ELEGANS.	UniSave version 1	
P24191		ESCHERICHIA COLI.	UniSave version 1	
P24194		ESCHERICHIA COLI.	UniSave version 1	
P02998		ESCHERICHIA COLI.	UniSave version 1	
P02997		ESCHERICHIA COLI.	UniSave version 1	
P02995		ESCHERICHIA COLI.	UniSave version 1	
Q9XVC8		Caenorhabditis elegans.	UniSave version 1	
P07002		ESCHERICHIA COLI.	UniSave version 1	
P07007		ESCHERICHIA COLI.	UniSave version 1	
P07006		ESCHERICHIA COLI.	UniSave version 1	
P36539		ESCHERICHIA COLI.	UniSave version 1	
O02085		CAENORHABDITIS ELEGANS.	UniSave version 1	
Q9W5U0		Drosophila melanogaster (Fruit fly).	UniSave version 1	
Q95Q33	6239.0	Caenorhabditis elegans.	UniSave version 1	
P37307		ESCHERICHIA COLI.	UniSave version 1	
P02435		ESCHERICHIA COLI.	UniSave version 1	
O61932		CAENORHABDITIS ELEGANS.	UniSave version 1	
P29132		ESCHERICHIA COLI.	UniSave version 1	
Q9N5A6	6239.0	Caenorhabditis elegans.	UniSave version 1	
Q18727		CAENORHABDITIS ELEGANS.	UniSave version 1	
Q95QE9	6239.0	Caenorhabditis elegans.	UniSave version 1	
P37163		ESCHERICHIA COLI.	UniSave version 1	
P25528		ESCHERICHIA COLI.	UniSave version 1	
P36942		ESCHERICHIA COLI.	UniSave version 1	
P37011		ESCHERICHIA COLI.	UniSave version 1	
P37010		ESCHERICHIA COLI.	UniSave version 1	
O65938		ESCHERICHIA COLI.	UniSave version 1	
P15302		ESCHERICHIA COLI.	UniSave version 1	
P15300		ESCHERICHIA COLI.	UniSave version 1	
Q9XV81		Caenorhabditis elegans.	UniSave version 1	
P00482		ESCHERICHIA COLI.	UniSave version 1	
P92201		DROSOPHILA MELANOGASTER (FRUIT FLY).	UniSave version 1	
Q19624		CAENORHABDITIS ELEGANS.	UniSave version 1	
P40679		ESCHERICHIA COLI.	UniSave version 1	
P32679		ESCHERICHIA COLI.	UniSave version 1	
P18198		ESCHERICHIA COLI.	UniSave version 1	
P27239		ESCHERICHIA COLI.	UniSave version 1	
O62462		CAENORHABDITIS ELEGANS.	UniSave version 1	
P77349		ESCHERICHIA COLI.	UniSave version 1	
O77427		DROSOPHILA MELANOGASTER (FRUIT FLY).	UniSave version 1	
Q95Q54	6239.0	Caenorhabditis elegans.	UniSave version 1	
Q9W1Y7		Drosophila melanogaster (Fruit fly).	UniSave version 1	
P91313		CAENORHABDITIS ELEGANS.	UniSave version 1	
P31690		ESCHERICHIA COLI.	UniSave version 1	
P39178		ESCHERICHIA COLI.	UniSave version 1	
P39179		ESCHERICHIA COLI.	UniSave version 1	
Q9U2G9		Caenorhabditis elegans.	UniSave version 1	
Q9U2G7		Caenorhabditis elegans.	UniSave version 1	
P39174		ESCHERICHIA COLI.	UniSave version 1	
O44878		CAENORHABDITIS ELEGANS.	UniSave version 1	
O44872		CAENORHABDITIS ELEGANS.	UniSave version 1	
P02414		ESCHERICHIA COLI.	UniSave version 1	
P02419		ESCHERICHIA COLI.	UniSave version 1	
P02418		ESCHERICHIA COLI.	UniSave version 1	
P00364		ESCHERICHIA COLI.	UniSave version 1	
P23243		ESCHERICHIA COLI.	UniSave version 1	
P25716		ESCHERICHIA COLI.	UniSave version 1	
P76554		ESCHERICHIA COLI.	UniSave version 1	
P33028		ESCHERICHIA COLI.	UniSave version 1	
P00886		ESCHERICHIA COLI.	UniSave version 1	
Q9XTH8		Caenorhabditis elegans.	UniSave version 1	
P33220		ESCHERICHIA COLI.	UniSave version 1	
P33998		ESCHERICHIA COLI.	UniSave version 1	
P00394		ESCHERICHIA COLI.	UniSave version 1	
P00391		ESCHERICHIA COLI.	UniSave version 1	
P52050		ESCHERICHIA COLI.	UniSave version 1	
O01894		CAENORHABDITIS ELEGANS.	UniSave version 1	
P02361		ESCHERICHIA COLI.	UniSave version 1	
P09156		ESCHERICHIA COLI.	UniSave version 1	
P27826		ESCHERICHIA COLI.	UniSave version 1	
P05796		ESCHERICHIA COLI.	UniSave version 1	
P31599		ESCHERICHIA COLI.	UniSave version 1	
Q23301		CAENORHABDITIS ELEGANS.	UniSave version 1	
Q9BL08	6239.0	Caenorhabditis elegans.	UniSave version 1	
P06277		ESCHERICHIA COLI.	UniSave version 1	
O16936		CAENORHABDITIS ELEGANS.	UniSave version 1	
O17224		CAENORHABDITIS ELEGANS.	UniSave version 1	
P09550		ESCHERICHIA COLI.	UniSave version 1	
P03025		ESCHERICHIA COLI.	UniSave version 1	
Q966E8	6239.0	Caenorhabditis elegans.	UniSave version 1	
Q9N4B6	6239.0	Caenorhabditis elegans.	UniSave version 1	
Q9VGX3		Drosophila melanogaster (Fruit fly).	UniSave version 1	
P75790		ESCHERICHIA COLI.	UniSave version 1	
P77327		ESCHERICHIA COLI.	UniSave version 1	
P00928		ESCHERICHIA COLI.	UniSave version 1	
Q27318		CAENORHABDITIS ELEGANS.	UniSave version 1	
P06711		ESCHERICHIA COLI.	UniSave version 1	
P06713		ESCHERICHIA COLI.	UniSave version 1	
Q27253		CAENORHABDITIS ELEGANS.	UniSave version 1	
P22992		ESCHERICHIA COLI.	UniSave version 1	
O61973		CAENORHABDITIS ELEGANS.	UniSave version 1	
P42623		ESCHERICHIA COLI.	UniSave version 1	
P91471		CAENORHABDITIS ELEGANS.	UniSave version 1	
Q95NX4	6239.0	Caenorhabditis elegans.	UniSave version 1	
P02387		ESCHERICHIA COLI.	UniSave version 1	
P02384		ESCHERICHIA COLI.	UniSave version 1	
P33930		ESCHERICHIA COLI.	UniSave version 1	
P02389		ESCHERICHIA COLI.	UniSave version 1	
P02388		ESCHERICHIA COLI.	UniSave version 1	
P33932		ESCHERICHIA COLI.	UniSave version 1	
P09170		ESCHERICHIA COLI.	UniSave version 1	
Q9XUQ4		Caenorhabditis elegans.	UniSave version 1	
P00837		ESCHERICHIA COLI.	UniSave version 1	
P00832		ESCHERICHIA COLI.	UniSave version 1	
P00831		ESCHERICHIA COLI.	UniSave version 1	
P39159		ESCHERICHIA COLI.	UniSave version 1	
O17272		CAENORHABDITIS ELEGANS.	UniSave version 1	
P09997		ESCHERICHIA COLI.	UniSave version 1	
P23855		ESCHERICHIA COLI.	UniSave version 1	
Q9XYP0		Caenorhabditis elegans.	UniSave version 1	
O02065		CAENORHABDITIS ELEGANS.	UniSave version 1	
P32132		ESCHERICHIA COLI.	UniSave version 1	
P32130		ESCHERICHIA COLI.	UniSave version 1	
P02374		ESCHERICHIA COLI.	UniSave version 1	
P36635		ESCHERICHIA COLI.	UniSave version 1	
P36637		ESCHERICHIA COLI.	UniSave version 1	
O01708		CAENORHABDITIS ELEGANS.	UniSave version 1	
P07652		ESCHERICHIA COLI.	UniSave version 1	
P07656		ESCHERICHIA COLI.	UniSave version 1	
P07655		ESCHERICHIA COLI.	UniSave version 1	
P76492		ESCHERICHIA COLI.	UniSave version 1	
P00274		ESCHERICHIA COLI.	UniSave version 1	
P91042		CAENORHABDITIS ELEGANS.	UniSave version 1	
Q8WTL9	6239.0	Caenorhabditis elegans.	UniSave version 1	
Q10930		CAENORHABDITIS ELEGANS.	UniSave version 1	
P20625		ESCHERICHIA COLI.	UniSave version 1	
P09548		ESCHERICHIA COLI.	UniSave version 1	
P04384		ESCHERICHIA COLI.	UniSave version 1	
P45471		ESCHERICHIA COLI.	UniSave version 1	
P28909		ESCHERICHIA COLI.	UniSave version 1	
O17244		CAENORHABDITIS ELEGANS.	UniSave version 1	
Q93731		CAENORHABDITIS ELEGANS.	UniSave version 1	
Q17396		CAENORHABDITIS ELEGANS.	UniSave version 1	
P04286		ESCHERICHIA COLI.	UniSave version 1	
P04287		ESCHERICHIA COLI.	UniSave version 1	
Q19402		CAENORHABDITIS ELEGANS.	UniSave version 1	
P00444		FRUIT FLY (DROSOPHILA MELANOGASTER).	UniSave version 1	
Q18138		CAENORHABDITIS ELEGANS.	UniSave version 1	
Q9XVY4		Caenorhabditis elegans.	UniSave version 1	
O16308		CAENORHABDITIS ELEGANS.	UniSave version 1	
P25521		ESCHERICHIA COLI.	UniSave version 1	
P25529		ESCHERICHIA COLI.	UniSave version 1	
Q9VJV9		Drosophila melanogaster (Fruit fly).	UniSave version 1	
Q95Q90	6239.0	Caenorhabditis elegans.	UniSave version 1	
P0A6N1	562.0	Escherichia coli.	UniSave version 1	
P08999		ESCHERICHIA COLI.	UniSave version 1	
P02369		ESCHERICHIA COLI.	UniSave version 1	
P02364		ESCHERICHIA COLI.	UniSave version 1	
P02367		ESCHERICHIA COLI.	UniSave version 1	
P02366		ESCHERICHIA COLI.	UniSave version 1	
Q9XWU4		Caenorhabditis elegans.	UniSave version 1	
P02363		ESCHERICHIA COLI.	UniSave version 1	
P09159		ESCHERICHIA COLI.	UniSave version 1	
P18273		ESCHERICHIA COLI.	UniSave version 1	
P07460		ESCHERICHIA COLI.	UniSave version 1	
O44165		CAENORHABDITIS ELEGANS.	UniSave version 1	
P00855		ESCHERICHIA COLI.	UniSave version 1	
P00859		ESCHERICHIA COLI.	UniSave version 1	
P25532		ESCHERICHIA COLI.	UniSave version 1	
P23931		ESCHERICHIA COLI.	UniSave version 1	
P78083		ESCHERICHIA COLI.	UniSave version 1	
Q18830		CAENORHABDITIS ELEGANS.	UniSave version 1	
P36658		ESCHERICHIA COLI.	UniSave version 1	
P36651		ESCHERICHIA COLI.	UniSave version 1	
P22563		ESCHERICHIA COLI.	UniSave version 1	
Q9GSQ0	6239.0	Caenorhabditis elegans.	UniSave version 1	
Q21431		CAENORHABDITIS ELEGANS.	UniSave version 1	
P07671		ESCHERICHIA COLI.	UniSave version 1	
P07672		ESCHERICHIA COLI.	UniSave version 1	
P39833		ESCHERICHIA COLI.	UniSave version 1	
P76028		ESCHERICHIA COLI.	UniSave version 1	
O01850		CAENORHABDITIS ELEGANS.	UniSave version 1	
P14926		ESCHERICHIA COLI.	UniSave version 1	
P36654		ESCHERICHIA COLI.	UniSave version 1	
Q19008		CAENORHABDITIS ELEGANS.	UniSave version 1	
P22565		ESCHERICHIA COLI.	UniSave version 1	
Q9BL41	6239.0	Caenorhabditis elegans.	UniSave version 1	
Q9U3T2		Caenorhabditis elegans.	UniSave version 1	
P18595		ESCHERICHIA COLI.	UniSave version 1	
P24250		ESCHERICHIA COLI.	UniSave version 1	
P24253		ESCHERICHIA COLI.	UniSave version 1	
O18203		CAENORHABDITIS ELEGANS.	UniSave version 1	
O17267		CAENORHABDITIS ELEGANS.	UniSave version 1	
O17265		CAENORHABDITIS ELEGANS.	UniSave version 1	
Q20455		CAENORHABDITIS ELEGANS.	UniSave version 1	
Q46903		ESCHERICHIA COLI.	UniSave version 1	
P02914		ESCHERICHIA COLI.	UniSave version 1	
Q22311		CAENORHABDITIS ELEGANS.	UniSave version 1	
P00647		ESCHERICHIA COLI.	UniSave version 1	
P10120		ESCHERICHIA COLI.	UniSave version 1	
P10122		ESCHERICHIA COLI.	UniSave version 1	
Q9N565	6239.0	Caenorhabditis elegans.	UniSave version 1	
P27251		ESCHERICHIA COLI.	UniSave version 1	
P27252		ESCHERICHIA COLI.	UniSave version 1	
P42190		ESCHERICHIA COLI.	UniSave version 1	
Q95R05	6239.0	Caenorhabditis elegans.	UniSave version 1	
P55756		ESCHERICHIA COLI.	UniSave version 1	
P29209		ESCHERICHIA COLI.	UniSave version 1	
P02349		ESCHERICHIA COLI.	UniSave version 1	
Q03572		CAENORHABDITIS ELEGANS.	UniSave version 1	
P13031		ESCHERICHIA COLI.	UniSave version 1	
Q95PV4	6239.0	Caenorhabditis elegans.	UniSave version 1	
Q95002		CAENORHABDITIS ELEGANS.	UniSave version 1	
P16920		ESCHERICHIA COLI.	UniSave version 1	
P16921		ESCHERICHIA COLI.	UniSave version 1	
Q09542		CAENORHABDITIS ELEGANS.	UniSave version 1	
P77727		ESCHERICHIA COLI.	UniSave version 1	
P08409		ESCHERICHIA COLI.	UniSave version 1	
P08402		ESCHERICHIA COLI.	UniSave version 1	
Q95QM1	6239.0	Caenorhabditis elegans.	UniSave version 1	
O45054		CAENORHABDITIS ELEGANS.	UniSave version 1	
Q9XZT0		Drosophila melanogaster (Fruit fly).	UniSave version 1	
Q9N2M2	6239.0	Caenorhabditis elegans.	UniSave version 1	
P02354		ESCHERICHIA COLI.	UniSave version 1	
P36676		ESCHERICHIA COLI.	UniSave version 1	
P02356		ESCHERICHIA COLI.	UniSave version 1	
P36679		ESCHERICHIA COLI.	UniSave version 1	
P12727		ESCHERICHIA COLI.	UniSave version 1	
P07011		ESCHERICHIA COLI.	UniSave version 1	
Q18413		CAENORHABDITIS ELEGANS.	UniSave version 1	
P06128		ESCHERICHIA COLI.	UniSave version 1	
O44371		CAENORHABDITIS ELEGANS.	UniSave version 1	
P38106		ESCHERICHIA COLI.	UniSave version 1	
Q9XXB9		Caenorhabditis elegans.	UniSave version 1	
P31461		ESCHERICHIA COLI.	UniSave version 1	
P29014		ESCHERICHIA COLI.	UniSave version 1	
P29015		ESCHERICHIA COLI.	UniSave version 1	
O17285		CAENORHABDITIS ELEGANS.	UniSave version 1	
Q46926		ESCHERICHIA COLI.	UniSave version 1	
P02937		ESCHERICHIA COLI.	UniSave version 1	
P02933		ESCHERICHIA COLI.	UniSave version 1	
P04790		ESCHERICHIA COLI.	UniSave version 1	
P80063		ESCHERICHIA COLI.	UniSave version 1	
P00034		FRUIT FLY (DROSOPHILA MELANOGASTER), AND MEDITERRANEAN FRUIT FLY (CERATITIS CAPITATA).	UniSave version 1	
P27292		ESCHERICHIA COLI.	UniSave version 1	
Q17664		CAENORHABDITIS ELEGANS.	UniSave version 1	
Q17660		CAENORHABDITIS ELEGANS.	UniSave version 1	
P42908		ESCHERICHIA COLI.	UniSave version 1	
P11549		ESCHERICHIA COLI.	UniSave version 1	
P00379		ESCHERICHIA COLI.	UniSave version 1	
P19396		ESCHERICHIA COLI.	UniSave version 1	
Q95ZL4	6239.0	Caenorhabditis elegans.	UniSave version 1	
Q95ZL6	6239.0	Caenorhabditis elegans.	UniSave version 1	
Q20953		CAENORHABDITIS ELEGANS.	UniSave version 1	
P22937		ESCHERICHIA COLI.	UniSave version 1	
P22938		ESCHERICHIA COLI.	UniSave version 1	
P15040		ESCHERICHIA COLI.	UniSave version 1	
P15046		ESCHERICHIA COLI.	UniSave version 1	
P15048		ESCHERICHIA COLI.	UniSave version 1	
Q16208				archive retrieval failed
P03815		ESCHERICHIA COLI.	UniSave version 1	
O44742		CAENORHABDITIS ELEGANS.	UniSave version 1	
Q22553		CAENORHABDITIS ELEGANS.	UniSave version 1	
P33928		ESCHERICHIA COLI.	UniSave version 1	
P91146		CAENORHABDITIS ELEGANS.	UniSave version 1	
P06613		ESCHERICHIA COLI.	UniSave version 1	
Q47143		ESCHERICHIA COLI.	UniSave version 1	
P06712		ESCHERICHIA COLI.	UniSave version 1	
P28688		ESCHERICHIA COLI.	UniSave version 1	
O18673		CAENORHABDITIS ELEGANS.	UniSave version 1	
P32666		ESCHERICHIA COLI.	UniSave version 1	
Q18783		CAENORHABDITIS ELEGANS.	UniSave version 1	
P90845		CAENORHABDITIS ELEGANS.	UniSave version 1	
P11288		ESCHERICHIA COLI.	UniSave version 1	
P11285		ESCHERICHIA COLI.	UniSave version 1	
P77145		ESCHERICHIA COLI.	UniSave version 1	
P04422		ESCHERICHIA COLI.	UniSave version 1	
O16552		CAENORHABDITIS ELEGANS.	UniSave version 1	
P75819		ESCHERICHIA COLI.	UniSave version 1	
P11028		ESCHERICHIA COLI.	UniSave version 1	
P77558		ESCHERICHIA COLI.	UniSave version 1	
Q9BIB5	6239.0	Caenorhabditis elegans.	UniSave version 1	
P06143		ESCHERICHIA COLI.	UniSave version 1	
Q9U3P1		Caenorhabditis elegans.	UniSave version 1	
P10956		ESCHERICHIA COLI.	UniSave version 1	
Q8MXH1	6239.0	Caenorhabditis elegans.	UniSave version 1	
P24217		ESCHERICHIA COLI.	UniSave version 1	
P29561		DROSOPHILA MELANOGASTER (FRUIT FLY).	UniSave version 1	
Q965U2	6239.0	Caenorhabditis elegans.	UniSave version 1	
P00932		ESCHERICHIA COLI.	UniSave version 1	
P32698		ESCHERICHIA COLI.	UniSave version 1	
P02430		ESCHERICHIA COLI.	UniSave version 1	
P27290		ESCHERICHIA COLI.	UniSave version 1	
O69415		ESCHERICHIA COLI.	UniSave version 1	
P06967		ESCHERICHIA COLI.	UniSave version 1	
P06964		ESCHERICHIA COLI.	UniSave version 1	
P39319		ESCHERICHIA COLI.	UniSave version 1	
Q9N4Z3	6239.0	Caenorhabditis elegans.	UniSave version 1	
P33636		ESCHERICHIA COLI.	UniSave version 1	
P33633		ESCHERICHIA COLI.	UniSave version 1	
P31805		ESCHERICHIA COLI.	UniSave version 1	
P15027		ESCHERICHIA COLI.	UniSave version 1	
P02307		FRUIT FLY (DROSOPHILA MELANOGASTER).	UniSave version 1	
Q20979		CAENORHABDITIS ELEGANS.	UniSave version 1	
P91904		CAENORHABDITIS ELEGANS.	UniSave version 1	
Q93894		CAENORHABDITIS ELEGANS.	UniSave version 1	
Q27285		CAENORHABDITIS ELEGANS.	UniSave version 1	
Q23440		CAENORHABDITIS ELEGANS.	UniSave version 1	
Q21971		CAENORHABDITIS ELEGANS.	UniSave version 1	
P06351		HUMAN (HOMO SAPIENS).	UniSave version 1	
Q19101		CAENORHABDITIS ELEGANS.	UniSave version 1	
O18657		CAENORHABDITIS ELEGANS.	UniSave version 1	
P76388		ESCHERICHIA COLI.	UniSave version 1	
Q9XZS7		Drosophila melanogaster (Fruit fly).	UniSave version 1	
Q9TXR2		Caenorhabditis elegans.	UniSave version 1	
P30858		ESCHERICHIA COLI.	UniSave version 1	
P77241		ESCHERICHIA COLI.	UniSave version 1	
P03812		ESCHERICHIA COLI.	UniSave version 1	
Q18897		CAENORHABDITIS ELEGANS.	UniSave version 1	
O02425		CAENORHABDITIS ELEGANS.	UniSave version 1	
P75832		ESCHERICHIA COLI.	UniSave version 1	
Q8I7I0	6239.0	Caenorhabditis elegans.	UniSave version 1	
Q95XS8	6239.0	Caenorhabditis elegans.	UniSave version 1	
Q9GYN4	6239.0	Caenorhabditis elegans.	UniSave version 1	
P24239		ESCHERICHIA COLI.	UniSave version 1	
P24233		ESCHERICHIA COLI.	UniSave version 1	
P24236		ESCHERICHIA COLI.	UniSave version 1	
P24235		ESCHERICHIA COLI.	UniSave version 1	
Q9TVQ2		Caenorhabditis elegans.	UniSave version 1	
O01437		CAENORHABDITIS ELEGANS.	UniSave version 1	
Q46966		ESCHERICHIA COLI.	UniSave version 1	
Q19372		CAENORHABDITIS ELEGANS.	UniSave version 1	
P52084		ESCHERICHIA COLI.	UniSave version 1	
Q9XWJ0		Caenorhabditis elegans.	UniSave version 1	
O17718		CAENORHABDITIS ELEGANS.	UniSave version 1	
Q17992		CAENORHABDITIS ELEGANS.	UniSave version 1	
Q17991		CAENORHABDITIS ELEGANS.	UniSave version 1	
Q24260		DROSOPHILA MELANOGASTER (FRUIT FLY).	UniSave version 1	
Q18350		CAENORHABDITIS ELEGANS.	UniSave version 1	
P06138		ESCHERICHIA COLI.	UniSave version 1	
Q9TX74		Drosophila melanogaster (Fruit fly).	UniSave version 1	
P06984		ESCHERICHIA COLI.	UniSave version 1	
P06980		ESCHERICHIA COLI.	UniSave version 1	
P06982		ESCHERICHIA COLI.	UniSave version 1	
O96840		Drosophila melanogaster (Fruit fly).	UniSave version 1	
Q9NGT4	6239.0	Caenorhabditis elegans.	UniSave version 1	
P19935		ESCHERICHIA COLI.	UniSave version 1	
P19245		ESCHERICHIA COLI.	UniSave version 1	
P19933		ESCHERICHIA COLI.	UniSave version 1	
P15002		ESCHERICHIA COLI.	UniSave version 1	
P37797		ESCHERICHIA COLI.	UniSave version 1	
P77741		ESCHERICHIA COLI.	UniSave version 1	
P21501		ESCHERICHIA COLI.	UniSave version 1	
P08756		ESCHERICHIA COLI.	UniSave version 1	
Q19290		CAENORHABDITIS ELEGANS.	UniSave version 1	
P17577		ESCHERICHIA COLI.	UniSave version 1	
P00583		ESCHERICHIA COLI.	UniSave version 1	
Q9TXP2		Caenorhabditis elegans.	UniSave version 1	
Q9TXP7		Caenorhabditis elegans.	UniSave version 1	
P42617		ESCHERICHIA COLI.	UniSave version 1	
P76504		ESCHERICHIA COLI.	UniSave version 1	
Q20207		CAENORHABDITIS ELEGANS.	UniSave version 1	
P02342		ESCHERICHIA COLI.	UniSave version 1	
P02341		ESCHERICHIA COLI.	UniSave version 1	
P77500		ESCHERICHIA COLI.	UniSave version 1	
O62015		CAENORHABDITIS ELEGANS.	UniSave version 1	
P11244		ESCHERICHIA COLI.	UniSave version 1	
P45391		ESCHERICHIA COLI.	UniSave version 1	
Q17385		CAENORHABDITIS ELEGANS.	UniSave version 1	
P05848		ESCHERICHIA COLI.	UniSave version 1	
Q21128		CAENORHABDITIS ELEGANS.	UniSave version 1	
P31223		ESCHERICHIA COLI.	UniSave version 1	
P35676		DROSOPHILA MELANOGASTER (FRUIT FLY).	UniSave version 1	
Q9GYL1	6239.0	Caenorhabditis elegans.	UniSave version 1	
Q22693		CAENORHABDITIS ELEGANS.	UniSave version 1	
Q9TVS4		Caenorhabditis elegans.	UniSave version 1	
O76583		CAENORHABDITIS ELEGANS.	UniSave version 1	
Q22479		CAENORHABDITIS ELEGANS.	UniSave version 1	
Q9NAI6	6239.0	Caenorhabditis elegans.	UniSave version 1	
P07015		ESCHERICHIA COLI.	UniSave version 1	
P03017		ESCHERICHIA COLI.	UniSave version 1	
O18289		CAENORHABDITIS ELEGANS.	UniSave version 1	
P02379		ESCHERICHIA COLI, AND SALMONELLA TYPHIMURIUM.	UniSave version 1	
P76195		ESCHERICHIA COLI.	UniSave version 1	
Q27408		CAENORHABDITIS ELEGANS.	UniSave version 1	
Q9N5N2	6239.0	Caenorhabditis elegans.	UniSave version 1	
O62482		CAENORHABDITIS ELEGANS.	UniSave version 1	
P26615		ESCHERICHIA COLI.	UniSave version 1	
Q95QX3	6239.0	Caenorhabditis elegans.	UniSave version 1	
Q9UAQ2		Caenorhabditis elegans.	UniSave version 1	
P75720		ESCHERICHIA COLI.	UniSave version 1	
P19677		ESCHERICHIA COLI.	UniSave version 1	
P28689		ESCHERICHIA COLI.	UniSave version 1	
Q94378		CAENORHABDITIS ELEGANS.	UniSave version 1	
O62068		CAENORHABDITIS ELEGANS.	UniSave version 1	
Q9U251		Caenorhabditis elegans.	UniSave version 1	
P05054		ESCHERICHIA COLI.	UniSave version 1	
P14825		ESCHERICHIA COLI.	UniSave version 1	
P05053		ESCHERICHIA COLI.	UniSave version 1	
Q21668		CAENORHABDITIS ELEGANS.	UniSave version 1	
Q18094		CAENORHABDITIS ELEGANS.	UniSave version 1	
Q20227		CAENORHABDITIS ELEGANS.	UniSave version 1	
P18400		ESCHERICHIA COLI.	UniSave version 1	
Q18896		CAENORHABDITIS ELEGANS.	UniSave version 1	
P46930		ESCHERICHIA COLI.	UniSave version 1	
P21891		ESCHERICHIA COLI.	UniSave version 1	
P75877		ESCHERICHIA COLI.	UniSave version 1	
P25520		ESCHERICHIA COLI.	UniSave version 1	
Q95XW2	6239.0	Caenorhabditis elegans.	UniSave version 1	
Q21493		CAENORHABDITIS ELEGANS.	UniSave version 1	
P31804		ESCHERICHIA COLI.	UniSave version 1	
P31803		ESCHERICHIA COLI.	UniSave version 1	
P11056		ESCHERICHIA COLI.	UniSave version 1	
P37187		ESCHERICHIA COLI.	UniSave version 1	
P36997		ESCHERICHIA COLI.	UniSave version 1	
P37181		ESCHERICHIA COLI.	UniSave version 1	
P37183		ESCHERICHIA COLI.	UniSave version 1	
P02428		ESCHERICHIA COLI.	UniSave version 1	
P36996		ESCHERICHIA COLI.	UniSave version 1	
P02422		ESCHERICHIA COLI.	UniSave version 1	
Q23233		CAENORHABDITIS ELEGANS.	UniSave version 1	
P00955		ESCHERICHIA COLI.	UniSave version 1	
P02425		ESCHERICHIA COLI.	UniSave version 1	
P00951		ESCHERICHIA COLI.	UniSave version 1	
O96841		Drosophila melanogaster (Fruit fly).	UniSave version 1	
Q9TZ16		Caenorhabditis elegans.	UniSave version 1	
O45938		CAENORHABDITIS ELEGANS.	UniSave version 1	
Q9U2H0		Caenorhabditis elegans.	UniSave version 1	
P45427		ESCHERICHIA COLI.	UniSave version 1	
P02390		ESCHERICHIA COLI.	UniSave version 1	
P32052		ESCHERICHIA COLI.	UniSave version 1	
P45426		ESCHERICHIA COLI.	UniSave version 1	
Q9XYC3		Caenorhabditis elegans.	UniSave version 1	
Q9W0H4		Drosophila melanogaster (Fruit fly).	UniSave version 1	
P11457		ESCHERICHIA COLI.	UniSave version 1	
Q95QZ7	6239.0	Caenorhabditis elegans.	UniSave version 1	
O16257		CAENORHABDITIS ELEGANS.	UniSave version 1	
