protein_a,protein_b,y_true,y_probability_raw,y_probability_platt,y_probability_isotonic
P32527,P40473,1,0.07160370752239832,0.3633750573276954,0.4177215189873418
P30902,P53145,1,0.05493835274253569,0.3490733845905125,0.4170588693650402
P32855,P39927,1,0.7234172413478973,0.5539400811224499,0.6126482213438735
P23059,P36017,1,0.9999579112213444,0.9026656541610019,0.8620689655172413
Q05785,Q08920,1,0.39087167840855147,0.4766749881051199,0.47244094488188976
P40541,Q08558,1,0.961228206494663,0.6710068864517195,0.6126482213438735
P30619,Q06604,1,0.9998531408537681,0.8756095303032964,0.8620689655172413
P30902,P39960,1,0.018086766210798647,0.29387307557293135,0.24324324324324326
P22007,P22203,1,0.030351808336067328,0.3187168684932062,0.3038541247231047
P11484,P32898,1,0.011306381804844876,0.272533578625562,0.24324324324324326
P41895,Q99278,1,0.995260951150489,0.7656820382550924,0.8
P38716,Q99176,1,0.004687249833322101,0.23549818911614914,0.24324324324324326
P22213,P23968,1,0.013071091356994908,0.2790020822707836,0.24324324324324326
P32471,P43639,1,0.9300972094117467,0.6400209952988142,0.6126482213438735
P20433,P30902,1,0.9676165979967022,0.6800327397990625,0.6496897389529149
P07149,P25296,1,0.31431672329571037,0.45820524777167326,0.47244094488188976
P07347,P25293,1,0.23026421432942942,0.4349401170174805,0.47244094488188976
P36094,P39962,1,0.4838057409093782,0.4975516608708981,0.47244094488188976
P33311,P53086,1,0.017559044707071873,0.29249485220231064,0.24324324324324326
P38962,P39704,1,0.0006292719383356868,0.16501293833693415,0.0625
P35190,P38874,1,0.9966482956306197,0.7791644842747331,0.8155339805825242
P41805,Q12151,1,0.7114517940475613,0.5507202140350469,0.6126482213438735
P24279,P25296,1,0.15100864744507564,0.406992655655157,0.47244094488188976
P25333,P80667,1,0.3824701165896635,0.47472578759643047,0.47244094488188976
P25604,Q05778,1,0.02833493669328647,0.3153333394131786,0.28125
P25655,Q00916,1,0.006728918055629405,0.2502449842268095,0.24324324324324326
P31382,P53129,1,0.032683789200082955,0.32238907643436776,0.3181818181818182
P53131,Q99278,1,0.16955691239342513,0.4143571625874001,0.47244094488188976
P31383,Q07993,1,0.9998560584523851,0.8760909446705462,0.8620689655172413
P39935,P40541,1,0.8833716729401141,0.6109156059083358,0.6126482213438735
P36010,P40473,1,0.1536808696870328,0.40809488400572086,0.47244094488188976
Q04368,Q12754,1,0.8975275182101223,0.6185067163599504,0.6126482213438735
Q00816,Q03899,1,0.9786845458993804,0.7002921157668189,0.7567567567567568
P38699,P53236,1,0.8554999765800072,0.5979229710412919,0.6126482213438735
P02994,P31383,1,0.9999526480103759,0.9003577878661215,0.8620689655172413
P25604,P36010,1,0.41430983936053717,0.4820414058834611,0.47244094488188976
P53150,Q08558,1,0.9542243423633235,0.662509284034052,0.6126482213438735
P27637,Q04338,1,0.9993280885814075,0.8342320253651103,0.8155339805825242
P39715,Q06142,1,0.004885453413391727,0.2371550161716758,0.24324324324324326
P39944,P47103,1,0.9866231763405893,0.7217685167331405,0.7735849056603774
Q01560,Q03048,1,0.15021584594989582,0.4066627449936973,0.47244094488188976
P05318,P43616,1,0.9632952108737444,0.6737735270868868,0.6126482213438735
P27472,P53250,1,0.0008681616673548967,0.17503611802119015,0.08333333333333333
P17536,P53048,1,0.005869126014356604,0.24459412914672238,0.24324324324324326
P25604,P41808,1,0.9945690783536485,0.7602175987750469,0.8
P32898,P53086,1,0.00047177802603552596,0.1564382048311647,0.0625
P23968,P39936,1,0.1549303657212287,0.4086052069252763,0.47244094488188976
P39101,P39520,1,0.0019029634786937243,0.20149223005261407,0.16666666666666666
P31383,Q06137,1,0.9811055523790115,0.7059575179902764,0.7567567567567568
P40473,Q00245,1,0.9771716491999289,0.697035614768436,0.7567567567567568
P40092,Q12129,1,0.0007966560711628654,0.17231267939724476,0.08333333333333333
P07149,P33892,1,0.9884399608099631,0.7282689752962912,0.7735849056603774
P38153,Q12390,1,0.8106078512456537,0.5806022886830597,0.6126482213438735
P38429,Q03280,1,0.04436054943762361,0.3378818007992255,0.375
P40956,Q12151,1,0.9999503989421004,0.8994356106559416,0.8620689655172413
P32898,P53685,1,0.002264435046746452,0.20774881825015426,0.24324324324324326
P32471,P33311,1,0.8057172110931237,0.5789067585783894,0.6126482213438735
P36029,P52910,1,0.3383641510376795,0.46420347405337975,0.47244094488188976
P23642,P52910,1,0.5467238574532577,0.5114607952328505,0.47244094488188976
P38193,P40462,1,0.3524311357986346,0.4676190977498923,0.47244094488188976
P36019,P38805,1,0.7082116098085558,0.5498614029519566,0.6126482213438735
P36973,Q12055,1,0.9993012453605223,0.833032708400735,0.8155339805825242
P22007,P41807,1,0.9700436038324509,0.6838799491363707,0.7086813770812128
P53086,Q00362,1,0.5370985803941225,0.5093232909817903,0.47244094488188976
P36019,Q08963,1,0.999912179442109,0.8874480970651214,0.8620689655172413
Q06651,Q12277,1,0.052945663996856115,0.3471184642236708,0.3888888888888889
P15108,P40515,1,0.001411284014388151,0.19107461442503176,0.16666666666666666
P21957,Q03750,1,0.015591531887789252,0.28700892424689817,0.24324324324324326
P07283,Q03533,1,0.9990748014803668,0.8242339532880485,0.8155339805825242
P27705,P40092,1,0.00013463625669446515,0.12328706319153049,0.0625
P38998,Q12427,1,0.9939334556633235,0.7557125973349553,0.7952898537908533
P32505,Q12277,1,0.6800899595724423,0.5426150681330041,0.528101079505984
P00830,Q06479,1,0.9775835166604151,0.6979027128393068,0.7567567567567568
P49960,Q08235,1,0.9929294434556069,0.7493799047184224,0.7735849056603774
P43563,Q06137,1,0.45212980450502166,0.4905338594600718,0.47244094488188976
Q06819,Q07993,1,0.98024157796218,0.7038653954894609,0.7567567567567568
P39682,Q00618,1,0.42046494108862603,0.48343568611466214,0.47244094488188976
P03965,Q05610,1,0.16348166446353415,0.41201565477492547,0.47244094488188976
P02994,P40541,1,0.9980891853930997,0.799806698567994,0.8155339805825242
P40960,Q12427,1,0.7573780924534135,0.5635601467754794,0.6126482213438735
P25584,P32607,1,0.011515062282236645,0.2733434320674896,0.24324324324324326
P25296,P53136,1,0.6007839802895396,0.5236493241663646,0.47244094488188976
P33331,P38193,1,0.06226564727691756,0.35576825552152286,0.4177215189873418
P39936,Q00816,1,0.29159695655238754,0.45231726207617506,0.47244094488188976
P15790,Q03785,1,0.9770427833668791,0.6967671673141786,0.7567567567567568
P25344,P30619,1,0.9978488224805966,0.7955801376628703,0.8155339805825242
P50086,P53221,1,0.9999633517834515,0.9053157577973628,0.8620689655172413
P25515,P35178,1,0.2892833614765232,0.4517038249365497,0.47244094488188976
P40066,Q06479,1,0.03919568606056897,0.33153652967216035,0.3181818181818182
P22517,P39077,1,0.9991798292989968,0.828055037418996,0.8155339805825242
P53116,Q05021,1,0.9999290516835886,0.8920643454399416,0.8620689655172413
P35172,P38932,1,0.5492768810682793,0.5120289192006174,0.47244094488188976
P00817,P06101,1,0.9366089510052307,0.6453279949702965,0.6126482213438735
P25333,P43638,1,0.9729766691533788,0.6889162403393362,0.7272727272727273
P22202,P40495,1,0.9961856635473799,0.7741996328792858,0.8155339805825242
P00359,P40515,1,0.8778969698011929,0.6081807603755601,0.6126482213438735
P20438,P32642,1,0.9985310904671069,0.8089503549878777,0.8155339805825242
P36017,P53032,1,0.7595742068065066,0.5642105051299076,0.6126482213438735
P27637,P40554,1,0.9945018581613454,0.7597198601438698,0.8
P13186,P43563,1,0.9766826394831531,0.696023962498176,0.7567567567567568
P20433,P48415,1,0.9916436983628271,0.7423396865938532,0.7735849056603774
P32327,P33419,1,0.9676206405576337,0.6800389327279239,0.6499906463511305
P11484,P25389,1,0.23501993485035616,0.4363850135249394,0.47244094488188976
P40554,Q02804,1,0.9997720888586926,0.8646577485095553,0.8620689655172413
P50105,Q12495,1,0.009263314835452176,0.2638159983259777,0.24324324324324326
P38429,P41817,1,0.9829313584136505,0.7106739492163394,0.7567567567567568
P39678,Q03750,1,0.026236385644742923,0.3115779509995848,0.28125
P28707,P39715,1,0.9998747339366523,0.8793810997492251,0.8620689655172413
P32471,Q12098,1,0.958740038483158,0.6678439327602307,0.6126482213438735
P36057,P39551,1,0.5433866835921606,0.5107189496491059,0.47244094488188976
Q04477,Q12464,1,0.7201250663137218,0.5530462997256582,0.6126482213438735
P11710,P39551,1,0.9634209451068533,0.6739462173055866,0.6126482213438735
P38153,Q12754,1,0.9976122823558771,0.7918032958048778,0.8155339805825242
Q04338,Q12151,1,0.0706607827987759,0.36264707618705405,0.4177215189873418
P22202,Q12129,1,0.17425621101741076,0.41612550565311424,0.47244094488188976
P32364,P39927,1,0.3907022763973669,0.47663583127490056,0.47244094488188976
P36068,P38735,1,0.6456505859222726,0.5341607024652296,0.47244094488188976
P32528,P36005,1,0.9996658916083406,0.8544728233118875,0.8155339805825242
P22202,Q07418,1,0.06816070624595194,0.3606756946198035,0.4177215189873418
P53131,Q03280,1,0.9962929924409336,0.7753025605574706,0.8155339805825242
P40014,P53116,1,0.7972633788266349,0.5760464241422262,0.6126482213438735
P38863,Q06169,1,0.00274583054087257,0.21485251575666564,0.24324324324324326
P40495,Q02804,1,0.9989371522495959,0.8197527421382921,0.8155339805825242
P00817,P36017,1,0.6473371603538137,0.5345657766236529,0.47244094488188976
P07273,Q12327,1,0.25119903899455714,0.44116279135856123,0.47244094488188976
P13186,P38737,1,0.9350180713144696,0.6439895322149295,0.6126482213438735
P32602,P36085,1,0.8449498727591872,0.5935198207703185,0.6126482213438735
P32366,P32497,1,0.44280722893306096,0.48845520040270185,0.47244094488188976
P40095,P53150,1,0.327263374000552,0.46146143502125053,0.47244094488188976
P36017,Q05471,1,0.10416225607585525,0.384571684810738,0.4177215189873418
P11709,P48525,1,0.2973596474867645,0.4538335291036376,0.47244094488188976
P27705,P53136,1,0.9123908257470108,0.6274769528528477,0.6126482213438735
P39735,Q12495,1,0.012546095221844394,0.277163092138498,0.24324324324324326
P53152,Q00362,1,0.6448104443674313,0.5339592291817549,0.47244094488188976
P03965,P38856,1,0.9630005467906853,0.6733708553186363,0.6126482213438735
P39717,Q04031,1,0.34514500294327266,0.4658577531726542,0.47244094488188976
P33338,P47104,1,0.4853592645839098,0.4978946878535288,0.47244094488188976
P10592,Q05024,1,0.983129528841863,0.7112125043567097,0.7567567567567568
P38874,P43565,1,0.9335359677798882,0.6427677819385339,0.6126482213438735
P00830,P32794,1,0.9922896948878912,0.7457471938017515,0.7735849056603774
P38996,P52910,1,0.8228558502459388,0.5849926432070013,0.6126482213438735
P40574,P53267,1,0.8292072735859021,0.5873579807201523,0.6126482213438735
P32471,P36085,1,0.812486343051386,0.5812619353179098,0.6126482213438735
P07342,Q12055,1,0.999784278811036,0.8660708591324228,0.8620689655172413
P07149,P14737,1,0.9865335911397133,0.7214687003927306,0.7735849056603774
P06101,P15108,1,0.999409525066584,0.8381384391987245,0.8155339805825242
P06104,P38801,1,0.04727998385158552,0.34118616798997237,0.3888888888888889
P15790,P38627,1,0.998180796161102,0.8015396572129172,0.8155339805825242
P25604,P32855,1,0.9266341616037098,0.637369635374969,0.6126482213438735
P38990,Q99176,1,0.9926373350588524,0.7476866923649784,0.7735849056603774
P34758,Q12264,1,0.0008298559300315792,0.17360209777805496,0.08333333333333333
P15442,P33311,1,0.14669921624464405,0.40518286196193004,0.47244094488188976
P11484,P48415,1,0.1826765659295884,0.4192074252288928,0.47244094488188976
P38960,Q04231,1,0.16532065503820703,0.41273126838314156,0.47244094488188976
P31382,P38998,1,0.021867597898295562,0.30281675130435315,0.28125
P43569,Q08601,1,0.014549827410592443,0.2838501137937524,0.24324324324324326
P12945,P35178,1,0.990868144251069,0.7385437367259604,0.7735849056603774
P39682,P40092,1,0.03479772021126631,0.32552267968138704,0.3181818181818182
P41807,P53145,1,0.4170438647713649,0.4826614168161605,0.47244094488188976
P38013,P52286,1,0.9630812941357981,0.6734809179894411,0.6126482213438735
P38699,Q12161,1,0.9570175018487658,0.6657511606588514,0.6126482213438735
P25344,Q12420,1,0.9309313824101118,0.640676455746158,0.6126482213438735
P31382,P43638,1,0.013492313259071251,0.28043073489910564,0.24324324324324326
P38319,Q03323,1,0.8953941893352294,0.6173096090716983,0.6126482213438735
P27895,Q05775,1,0.9689476397199188,0.6821097486344326,0.6666666666666666
P39944,Q02804,1,0.8832373992482125,0.6108472979406465,0.6126482213438735
P39927,Q04087,1,0.007402985312588977,0.254245542493226,0.24324324324324326
P32607,P39715,1,0.000542191612936789,0.16053286321822485,0.0625
P53086,Q03010,1,0.5690271254059847,0.5164446758886888,0.47244094488188976
P53181,P53244,1,0.15631918068966955,0.4091687308108316,0.47244094488188976
P38013,P38856,1,0.9139084167577068,0.6284631727888786,0.6126482213438735
P23642,Q06651,1,0.5406462408613991,0.5101103706533575,0.47244094488188976
P05030,P13186,1,0.7518920589492734,0.5619518260457298,0.6126482213438735
P18494,P41808,1,0.6333728294035226,0.5312359145822203,0.47244094488188976
P22202,Q04031,1,0.004433582244045061,0.23328555495775846,0.24324324324324326
P15442,P33331,1,0.8230399057150957,0.585060294665052,0.6126482213438735
P43574,Q01560,1,0.9526020925284605,0.6607052605793176,0.6126482213438735
Q03010,Q08285,1,0.999791774223721,0.8669733542036009,0.8620689655172413
P39682,Q12420,1,0.9953519136245303,0.7664518417432288,0.8
P36068,Q08119,1,0.9968077979250759,0.7810157227529826,0.8155339805825242
P34758,Q05785,1,0.9992009338749392,0.8288729498037778,0.8155339805825242
P32364,P33760,1,0.0010391894183271616,0.18084373720349403,0.08333333333333333
P46961,P53344,1,0.0001960310017519051,0.13252999398079815,0.0625
P39962,Q08235,1,0.7664699699424895,0.5662780179477702,0.6126482213438735
P30902,P38874,1,0.9691618864184603,0.6824514025371392,0.6666666666666666
P26188,P46669,1,0.00030355148175000463,0.1440212730357607,0.0625
P05318,P35178,1,0.9992468471061922,0.8307180635690729,0.8155339805825242
P12945,P53152,1,0.3517549170896796,0.4674563073997275,0.47244094488188976
P32605,P39014,1,0.47768183143585624,0.4961987549821453,0.47244094488188976
P18962,Q99176,1,0.2762497462253463,0.4481946482119457,0.47244094488188976
P38620,P39715,1,0.005854334663632062,0.24449068506210442,0.24324324324324326
P23059,Q03956,1,0.9971467059108257,0.7852335125802976,0.8155339805825242
P33892,Q12129,1,0.4628603217426177,0.49291768255371327,0.47244094488188976
P36017,P38805,1,0.9691719952238609,0.6824675746440839,0.6666666666666666
P40518,Q04031,1,0.012284263604423388,0.27622025697492164,0.24324324324324326
P30902,P40574,1,0.82525816390735,0.5858797642208996,0.6126482213438735
P02829,P53754,1,0.7798234379246641,0.5703993737879135,0.6126482213438735
P03965,P53081,1,0.1825898828912077,0.41917623713390295,0.47244094488188976
Q03940,Q12050,1,0.05246599599230113,0.34663831384969424,0.3888888888888889
P28495,P36010,1,0.004005880172963284,0.22928999554508897,0.24324324324324326
P53086,Q12129,1,0.08211092005467202,0.3709767616257938,0.4177215189873418
P32589,P40413,1,0.9930448626176559,0.7500659886401203,0.7735849056603774
P52286,Q04792,1,0.9602292418321153,0.6697161149326509,0.6126482213438735
P22224,P47103,1,0.31821505440955716,0.4591926990692457,0.47244094488188976
Q04087,Q04792,1,0.001376756810167288,0.19023030210520914,0.16666666666666666
P08638,P53551,1,0.0025310388115026396,0.2118289560645332,0.24324324324324326
P15790,P23394,1,0.22391355664873358,0.43297938689800847,0.47244094488188976
P11709,P18494,1,0.06765571544480882,0.3602699602305247,0.4177215189873418
P53048,Q03758,1,0.00020318413841129626,0.13344177148236713,0.0625
O14455,P15891,1,0.9999796078423547,0.9158351346438202,0.8620689655172413
P13185,Q06406,1,0.9999547456341266,0.9012509648032927,0.8620689655172413
P18962,Q12098,1,0.0003531358699730785,0.14818645041859466,0.0625
P18494,P32505,1,0.9889273822645265,0.7301669478849554,0.7735849056603774
P25580,Q12396,1,0.009356660610630164,0.264249842457318,0.24324324324324326
P39944,P53924,1,0.9059408113414607,0.623439236191436,0.6126482213438735
P38699,P41818,1,0.6162155174257158,0.5272128443157253,0.47244094488188976
P14680,Q06604,1,0.14161021679106225,0.40299152074717576,0.47244094488188976
P02994,P53974,1,0.997218212711565,0.7861788806954411,0.8155339805825242
P38228,P38310,1,0.00909909203116828,0.2630432542777859,0.24324324324324326
P28007,Q00245,1,0.9928572429567102,0.7489557305551166,0.7735849056603774
P24004,P32642,1,0.9332776317205309,0.6425572334203382,0.6126482213438735
P31383,Q00578,1,0.994479847414424,0.7595580419147483,0.8
P25341,Q04031,1,0.9681871302909265,0.6809135944503993,0.6666666666666666
P07273,Q03010,0,0.9936634232767401,0.753923557733928,0.7735849056603774
P20484,P40462,0,0.9668207717696972,0.6788267012262705,0.6126482213438735
P38863,P54791,0,0.3094888777056155,0.45697355985066457,0.47244094488188976
P07261,P15790,0,0.9904814568797577,0.7367565565974036,0.7735849056603774
P23585,P30657,0,0.010766035180082765,0.2703732748412934,0.24324324324324326
P38627,P38902,0,0.27521858541727123,0.44791295845074,0.47244094488188976
P22209,P35172,0,0.6468156839132327,0.5344404418798702,0.47244094488188976
P38735,P53823,0,0.19995915874457634,0.4252221764334073,0.47244094488188976
P20484,P40518,0,0.10933465066812892,0.38740822058728136,0.4177215189873418
P08638,P53824,0,0.0003061714876054975,0.14425522329235835,0.0625
P53851,P80428,0,0.05329325772368315,0.34746404036841766,0.3888888888888889
P32628,P32803,0,2.9209999117722123e-06,0.05696127919066224,0.0
P48415,P53299,0,0.0973493525638195,0.38065198002696526,0.4177215189873418
P32558,Q12365,0,0.845870779108524,0.5938947815729588,0.6126482213438735
Q03750,Q12151,0,0.7517608134890696,0.5619136279001363,0.6126482213438735
P06784,P38860,0,0.9905572787125684,0.7371018598038143,0.7735849056603774
P39685,Q08236,0,0.12363858766709027,0.39471735101436095,0.4177215189873418
P53152,P53823,0,0.030019546766685556,0.31817344779347917,0.2839862099901389
P11709,P38064,0,0.5444933150847551,0.510964857241614,0.47244094488188976
P47104,P53174,0,0.05092698644205971,0.34507143029534043,0.3888888888888889
P14737,P38860,0,0.9889836427368107,0.7303907641456177,0.7735849056603774
P14906,Q05778,0,0.02197582548593074,0.3030518871707599,0.28125
Q05778,Q12035,0,0.00198334665755536,0.20296756890521261,0.16666666666666666
P36973,P46676,0,0.9850052247891399,0.7166086846048781,0.7735849056603774
P53824,Q12100,0,0.19756290780665064,0.4244111090239781,0.47244094488188976
P07261,Q12365,0,0.023687410761636794,0.30663990783441514,0.28125
P39928,P40518,0,0.0006307727659695433,0.1650854034483609,0.0625
P07273,P22007,0,0.9490087535444381,0.6568942657241337,0.6126482213438735
P10961,P53136,0,0.8279754394674826,0.5868941757287195,0.6126482213438735
P36068,P53096,0,0.9144867090912451,0.6288428426230313,0.6126482213438735
P48415,P80428,0,0.026015843822504138,0.3111679482316176,0.28125
P32855,P40885,0,1.5168222011190581e-05,0.07992670367735717,0.04
P38962,Q06675,0,0.24334686285458418,0.43886952971919646,0.47244094488188976
P38811,P39077,0,0.9997251812485675,0.8597517954423598,0.8593199282966629
P25333,P32558,0,0.9838627634252084,0.7132552863873508,0.7606892430174675
P15891,P47038,0,0.027160283676832972,0.3132629597690878,0.28125
P05030,Q04958,0,0.5731065986452605,0.5173621195295167,0.47244094488188976
P40352,P53685,0,0.019407271753290406,0.2971711710086439,0.24517786093745542
P21576,Q12050,0,0.7108871375616691,0.5505701642358583,0.6126482213438735
P39682,Q03661,0,0.9998330345534199,0.8724931129629466,0.8620689655172413
P39987,Q03956,0,0.5590622671467305,0.5142117818159415,0.47244094488188976
P33421,P36010,0,5.657076290824965e-05,0.10405491047793139,0.04
P39551,P48234,0,0.00216301274805823,0.20608629383233107,0.21080721368464156
P38863,Q99278,0,0.9996954752080895,0.8569984789129047,0.8155339805825242
P53116,P80667,0,0.9991341256347089,0.8263436711434304,0.8155339805825242
Q03661,Q08235,0,0.9991363197456128,0.8264240437643519,0.8155339805825242
P23255,P38228,0,0.3841283340484866,0.4751116934144604,0.47244094488188976
P22007,P38811,0,0.9880332656600779,0.7267388777962916,0.7735849056603774
P39935,P42941,0,0.9999653766393064,0.9063850998880355,0.8620689655172413
P28707,Q12243,0,0.7190618364022354,0.5527589512194707,0.6126482213438735
P40518,P47185,0,2.008758957535323e-05,0.08460396037440687,0.04
P40341,P49435,0,0.8289927750833967,0.5872770393913378,0.6126482213438735
P53551,Q07887,0,0.05118356119584583,0.34533550130256374,0.3888888888888889
P25376,P53115,0,0.0009118856131033232,0.1766082534035622,0.08333333333333333
P49960,P53824,0,0.9987874011540724,0.8154112073983051,0.8155339805825242
P43574,Q08685,0,0.5510435170640277,0.5124223666358179,0.47244094488188976
P32479,Q12396,0,0.550827566447815,0.5123742579129843,0.47244094488188976
P41818,Q12427,0,0.0369380495461129,0.3285283857089643,0.3181818181818182
P40341,P53290,0,0.8885158112058034,0.6135820867187466,0.6126482213438735
P25453,P32787,0,0.004139441160741598,0.23057631131302275,0.24324324324324326
P53086,Q12443,0,0.1019504388450962,0.3833230958481898,0.4177215189873418
P28004,Q05785,0,0.007707591694610181,0.2559486808225332,0.24324324324324326
P10961,P36029,0,0.06284231763430069,0.3562656263273785,0.4177215189873418
P23255,P28707,0,0.9999551438966221,0.9014243816491728,0.8620689655172413
P25389,P35191,0,0.8183871524678931,0.5833658058336451,0.6126482213438735
P47104,Q06631,0,0.9935625304661809,0.7532723144601648,0.7735849056603774
P40541,P41818,0,0.41244750997743396,0.4816184226147265,0.47244094488188976
P00830,P47038,0,0.016655340335372505,0.2900467919983546,0.24324324324324326
P11710,Q05775,0,0.9649850901045299,0.6761394812838261,0.6126482213438735
P38111,Q03010,0,0.9928230928509026,0.7487564166176337,0.7735849056603774
P23585,Q01560,0,0.014687321483719987,0.28427834098453975,0.24324324324324326
P21957,Q12243,0,0.0030754031840807303,0.21911327386791946,0.24324324324324326
P25580,P48525,0,0.00017217903977196925,0.12927351958689715,0.0625
P00359,P40341,0,0.43649816059794627,0.48704367309063246,0.47244094488188976
P33421,Q08886,0,0.00020512966120350047,0.13368510079362295,0.0625
P53823,Q03785,0,0.7967629907757244,0.5758797846110475,0.6126482213438735
P23255,P52910,0,0.974934412442933,0.6925549259436946,0.7567567567567568
P38627,P53236,0,0.9944521081396224,0.7593549149071172,0.8
P12294,Q12390,0,0.9946204840831439,0.7606019055380862,0.8
P21957,Q03899,0,0.1648490631948935,0.41254833265500446,0.47244094488188976
Q03323,Q06406,0,0.993653252963664,0.7538574979999318,0.7735849056603774
P07834,P32479,0,0.9984119651738659,0.8062735827405512,0.8155339805825242
P25656,P40956,0,0.22949627211186696,0.4347049525086621,0.47244094488188976
P48568,P53974,0,0.14607967951535633,0.40491929347374156,0.47244094488188976
P07342,P28004,0,0.8554989119580255,0.5979225143037422,0.6126482213438735
P39996,Q06580,0,0.7128021751261951,0.5510797317691329,0.6126482213438735
P13186,P38319,0,0.9634083905542016,0.6739289506842394,0.6126482213438735
P32787,Q03010,0,0.002564053245279139,0.21230787938615384,0.24324324324324326
P15891,P18238,0,0.7699170991907864,0.5673265729624893,0.6126482213438735
P38811,P39944,0,0.9977773082415673,0.7944017549420571,0.8155339805825242
P22213,P50105,0,0.11122489044849755,0.38841731132639873,0.4177215189873418
P25515,Q04958,0,0.02775989010126115,0.31432950722870534,0.28125
P38863,P41817,0,0.8369320937238811,0.5903251959728689,0.6126482213438735
P38716,P53181,0,0.0012042793490896098,0.18571764392396092,0.16666666666666666
P23833,Q12390,0,0.006511405857916143,0.24887839968112002,0.24324324324324326
P50078,P53244,0,0.8892751062677134,0.613984138234692,0.6126482213438735
P38723,P41815,0,0.01806342614949667,0.29381287983902377,0.24324324324324326
P25515,P46961,0,0.9096811637916675,0.6257512766546108,0.6126482213438735
Q03785,Q06339,0,0.9684704763307098,0.6813562629646688,0.6666666666666666
P00817,Q06096,0,0.23019274314353363,0.434918252621103,0.47244094488188976
P32528,P43555,0,0.7228598669711856,0.5537883273717512,0.6126482213438735
P32803,P35191,0,2.8835489961772974e-05,0.0909884050790729,0.04
P40518,Q08902,0,0.0003680461286301384,0.14934214059893944,0.0625
P43569,P53551,0,0.22270970856057637,0.43260351336020364,0.47244094488188976
Q08119,Q12157,0,0.02176936799535071,0.30260243942302145,0.28125
Q04792,Q05787,0,0.6056442088371988,0.5247665982867247,0.47244094488188976
P23255,P38957,0,0.8690271913453029,0.6039526164289403,0.6126482213438735
P25376,Q06631,0,0.00038297956149330235,0.15046063648660957,0.0625
Q04958,Q12327,0,0.20300053974282803,0.42624174564443496,0.47244094488188976
Q06604,Q12321,0,0.9650032560001622,0.6761654579238497,0.6126482213438735
P32334,P35207,0,4.373063794318501e-06,0.06193610634263274,0.0
P40073,P53551,0,0.004544415397344341,0.23426562406163126,0.24324324324324326
P38990,Q08923,0,0.0027299086468257037,0.21463558947609998,0.24324324324324326
P53032,P53044,0,0.045698945890047256,0.339419651758085,0.38756312677097654
P89102,Q05031,0,0.00018721348505448384,0.1313669033812923,0.0625
P49435,P53823,0,0.99506715278997,0.7640842650560764,0.8
P23968,P38130,0,0.12334211759605257,0.3945730019183563,0.4177215189873418
P27895,P38967,0,0.2777466853675547,0.4486024828830145,0.47244094488188976
P39520,Q12082,0,0.007084659146436424,0.2523982232730487,0.24324324324324326
P00817,P53096,0,0.018111879463461718,0.2939377674239467,0.24324324324324326
P14906,P46676,0,0.03049903679355321,0.3189559797559467,0.3126577984222275
P32334,Q12469,0,1.9545737075729515e-05,0.08413794132730688,0.04
P32602,P40352,0,0.27644128866411294,0.44824690523053146,0.47244094488188976
P07273,P32478,0,0.013310929836342232,0.27982046529192944,0.24324324324324326
P38735,Q12443,0,0.09866880673183423,0.38142853259993986,0.4177215189873418
P09457,P49435,0,0.9969730442776066,0.7830207733248464,0.8155339805825242
P35191,Q03048,0,0.08109115302912509,0.3702765489737446,0.4177215189873418
P50078,Q00362,0,0.9992667520233723,0.831547959747678,0.8155339805825242
P11709,P38811,0,0.902919476225398,0.621627135616117,0.6126482213438735
P32829,P39563,0,0.013463486230014563,0.2803342343982575,0.24324324324324326
Q05933,Q12050,0,0.22210955997364326,0.4324156185676508,0.47244094488188976
P53081,Q04231,0,0.9498505190252678,0.6577654442868843,0.6126482213438735
P32855,P38960,0,0.9404152268129566,0.6486522088187363,0.6126482213438735
Q05787,Q06339,0,0.14235520117468742,0.4033161260923799,0.47244094488188976
P53115,Q12390,0,0.5692509422087666,0.5164949577867444,0.47244094488188976
P33421,P42884,0,0.7838016516660538,0.5716596246038941,0.6126482213438735
P36130,P39928,0,0.9440342321919198,0.6519882230273687,0.6126482213438735
P40456,Q06604,0,0.9110032680185878,0.6265877510170755,0.6126482213438735
P27895,Q03280,0,0.8279363428618977,0.5868794958858545,0.6126482213438735
P32564,Q06406,0,0.3025807394608979,0.4551934431419686,0.47244094488188976
P08566,P10566,0,0.06315918012081528,0.3565372372171789,0.4177215189873418
Q06339,Q12264,0,0.02531147548890536,0.3098374867027487,0.28125
P39685,Q99176,0,0.9929593423194653,0.7495566785273481,0.7735849056603774
P23833,P30619,0,0.004128985120774923,0.2304769323579816,0.24324324324324326
Q03661,Q99176,0,0.9986780644141516,0.8125237698754355,0.8155339805825242
P43638,Q03750,0,0.2377104607998921,0.43719396116287146,0.47244094488188976
P20434,P40103,0,0.07646298064914417,0.367001310236806,0.4177215189873418
P30902,P40885,0,0.0016933356505306153,0.19737424309901364,0.16666666666666666
P52910,Q12300,0,0.04196277359883405,0.33502172148932385,0.3181818181818182
P07390,Q06032,0,0.3668304876932716,0.4710547339797705,0.47244094488188976
P32564,P39735,0,0.6914367228660556,0.5454966847182483,0.5555555555555556
P33421,Q06631,0,1.375813969200567e-05,0.07835805484767006,0.04
P06104,P53952,0,0.19149324378320812,0.42232478028656084,0.47244094488188976
P40963,P53115,0,0.04208901109828708,0.33517583968255116,0.3181818181818182
P32915,P33411,0,0.00038090895345045477,0.1503077758681913,0.0625
P17214,P26188,0,0.03251425905290556,0.32213006918279574,0.3181818181818182
P25604,P38191,0,0.3160484907534814,0.45864467422117744,0.47244094488188976
P41805,P53142,0,0.0002922084839321789,0.1429883591153812,0.0625
P39936,P53551,0,0.06594955412964754,0.3588795651447319,0.4177215189873418
P32564,Q12267,0,0.13923364521792958,0.40194694892643285,0.47244094488188976
P22202,P47037,0,0.8300286309163962,0.5876686257847764,0.6126482213438735
P14737,P32805,0,0.009108194629227665,0.2630864081693967,0.24324324324324326
P33311,P40356,0,0.024438548553060636,0.3081422452413143,0.28125
P38111,P53236,0,0.2447867332553958,0.4392935465578099,0.47244094488188976
P22203,Q08923,0,0.10888947147838281,0.38716848303255635,0.4177215189873418
P21957,P32605,0,0.9441245539029536,0.6520738531532669,0.6126482213438735
P36165,Q12464,0,0.6219812531717512,0.528557098487068,0.47244094488188976
P05626,P42073,0,0.007698165204768848,0.25589687385321475,0.24324324324324326
P21957,P41805,0,0.8047724791779718,0.5785827692588176,0.6126482213438735
P25584,P38962,0,0.6276449722864629,0.5298850127365997,0.47244094488188976
P41817,P47134,0,0.5666076257434545,0.5159014983457169,0.47244094488188976
P15891,P42941,0,0.9997485450022849,0.862099108060605,0.8620689655172413
P03965,P53131,0,0.26872780562064696,0.44612531510117004,0.47244094488188976
P46674,Q05610,0,0.5642228743016804,0.5153667824195243,0.47244094488188976
P53125,Q04338,0,0.05044864683863825,0.34457599384617144,0.3888888888888889
P43569,Q03940,0,0.014478387883121162,0.28362619312558446,0.24324324324324326
P11938,P53115,0,0.00012106304470823037,0.12077523894932699,0.0625
Q06675,Q12300,0,0.1484941197632357,0.4059416033235477,0.47244094488188976
P20433,P39996,0,0.010024683925572344,0.2672473163450617,0.24324324324324326
Q00916,Q06675,0,0.06343049898988892,0.35676887347582575,0.4177215189873418
P22007,Q03661,0,0.8886613335331562,0.6136589677329922,0.6126482213438735
P25656,Q04477,0,6.695321361848447e-05,0.10757189306088723,0.04
P30902,P39678,0,0.17920936510423247,0.4179513718019963,0.47244094488188976
P27472,Q12443,0,0.0017968904262776306,0.19946047728905497,0.16666666666666666
P42941,Q12267,0,0.9998333371187307,0.8725376268633506,0.8620689655172413
P24004,P47037,0,0.5889204008227136,0.5209397686711053,0.47244094488188976
P06102,Q08465,0,0.9446824022610493,0.6526054094205379,0.6126482213438735
P38699,P38998,0,0.9903011280634251,0.7359449923446755,0.7735849056603774
P38620,P53181,0,0.03602920676119984,0.3272713891761033,0.3181818181818182
P53551,Q08886,0,0.378817711950593,0.47387363169845115,0.47244094488188976
P02829,Q01159,0,0.4691474295302122,0.4943108520865266,0.47244094488188976
P28004,Q08109,0,0.0019058424090530638,0.20154599348390007,0.16666666666666666
P35172,P39996,0,0.9766908818044345,0.6960408573473613,0.7567567567567568
P23255,P41815,0,0.04356057985359252,0.3369430377934544,0.375
P39936,Q03661,0,0.9288551405877745,0.6390573594148721,0.6126482213438735
P13185,Q06339,0,0.999267310935508,0.8315715385625917,0.8155339805825242
P26188,P53604,0,0.14394216122669326,0.4040031825311764,0.47244094488188976
P12294,Q07887,0,0.6424643767183564,0.5333976908756759,0.47244094488188976
P38699,P40960,0,0.9026300252228285,0.6214560115102764,0.6126482213438735
Q08236,Q12243,0,0.3118764797036964,0.4575839268649437,0.47244094488188976
P12945,P35191,0,0.5548882661743811,0.5132795823741596,0.47244094488188976
P32628,P39704,0,1.9411939696132598e-05,0.08402124721213232,0.04
P42073,Q12157,0,0.04671618184546053,0.34056225219681535,0.3888888888888889
P38811,P40515,0,0.9357586846455974,0.6446090754401536,0.6126482213438735
P53136,Q12030,0,0.9955991941911156,0.7686133852511335,0.8155339805825242
P21339,Q04477,0,0.04576369563789486,0.3394930431541886,0.3888888888888889
P03965,P38957,0,0.510895922059034,0.5035293133840586,0.47244094488188976
P20433,P38723,0,0.0003064958118254136,0.1442840659737201,0.0625
P32334,P40956,0,0.004246990659216855,0.23158593655128207,0.24324324324324326
P10961,P32642,0,0.7474211148661529,0.5606576986642915,0.6126482213438735
Q06160,Q12050,0,0.6073612406622902,0.5251623896628945,0.47244094488188976
P30657,P80428,0,0.6895320731479566,0.5450092083485403,0.5555555555555556
P38153,Q07458,0,0.9977809304071636,0.7944606431325026,0.8155339805825242
Q12055,Q12161,0,0.03351470859431089,0.3236416073081962,0.3181818181818182
P21957,P25296,0,0.00040119575795281946,0.15177613693045738,0.0625
P41815,Q03750,0,0.008626826157015505,0.26075013325491314,0.24324324324324326
P32334,P53086,0,2.208075487572458e-05,0.08623434814774313,0.04
Q04231,Q08902,0,0.9652586835243125,0.6765319776655575,0.6126482213438735
Q08923,Q12082,0,0.000331482100003635,0.14643243927832858,0.0625
P33200,Q08902,0,0.0001644707527574454,0.1281402633561671,0.0625
P40064,P53116,0,0.6954346372834532,0.546525086631865,0.5555555555555556
P38191,Q04359,0,0.011134831124802392,0.2718578275631707,0.24324324324324326
Q12157,Q12265,0,0.07610296569835943,0.36673951245620445,0.4177215189873418
Q03018,Q04958,0,0.5902200708750416,0.521235455352459,0.47244094488188976
P32558,P36029,0,0.06583705480509097,0.35878680063986645,0.4177215189873418
P28496,P53952,0,0.006371354308989156,0.24797701769680533,0.24324324324324326
P50086,Q12327,0,0.06876970875828871,0.36116156912281405,0.4177215189873418
P28004,P32605,0,0.10568437983145507,0.385418257160287,0.4177215189873418
P32607,P50105,0,0.00023497994424880403,0.13719510414141262,0.0625
P30657,P38811,0,0.9924901164290046,0.7468556910798311,0.7735849056603774
P25389,P38699,0,0.5568390081118053,0.5137150392553994,0.47244094488188976
P33892,P53823,0,0.9969447173257402,0.7826703903935357,0.8155339805825242
P19880,P53857,0,0.006889134935136288,0.2512268845264078,0.24324324324324326
P30902,P38967,0,0.005618546228282916,0.24280981773518276,0.24324324324324326
P30619,P39928,0,0.7801268449304235,0.5704949414848143,0.6126482213438735
P38319,Q05471,0,0.8686961918610578,0.6037993199494872,0.6126482213438735
P40073,Q08920,0,0.4807791085358567,0.4968831653576589,0.47244094488188976
P31382,Q03661,0,0.01991403772644645,0.29838408174297687,0.28125
P10566,Q12469,0,4.641889262165256e-05,0.10005674798702117,0.04
