protein_id	hidden_type
SYN0000	1
SYN0001	2
SYN0002	2
SYN0003	0
SYN0004	0
SYN0005	2
SYN0006	0
SYN0007	2
SYN0008	2
SYN0009	1
SYN0010	0
SYN0011	0
SYN0012	0
SYN0013	1
SYN0014	1
SYN0015	1
SYN0016	2
SYN0017	2
SYN0018	1
SYN0019	2
SYN0020	0
SYN0021	0
SYN0022	1
SYN0023	0
SYN0024	0
SYN0025	1
SYN0026	1
SYN0027	2
SYN0028	1
SYN0029	1
SYN0030	1
SYN0031	0
SYN0032	0
SYN0033	0
SYN0034	1
SYN0035	0
SYN0036	0
SYN0037	0
SYN0038	2
SYN0039	0
SYN0040	0
SYN0041	2
SYN0042	1
SYN0043	2
SYN0044	1
SYN0045	2
SYN0046	0
SYN0047	1
SYN0048	1
SYN0049	2
SYN0050	0
SYN0051	1
SYN0052	0
SYN0053	0
SYN0054	0
SYN0055	0
SYN0056	2
SYN0057	0
SYN0058	2
SYN0059	1
SYN0060	1
SYN0061	1
SYN0062	1
SYN0063	0
SYN0064	1
SYN0065	0
SYN0066	1
SYN0067	0
SYN0068	2
SYN0069	0
SYN0070	1
SYN0071	0
SYN0072	2
SYN0073	1
SYN0074	0
SYN0075	2
SYN0076	2
SYN0077	2
SYN0078	1
SYN0079	0
SYN0080	0
SYN0081	2
SYN0082	1
SYN0083	0
SYN0084	2
SYN0085	1
SYN0086	1
SYN0087	0
SYN0088	1
SYN0089	0
SYN0090	0
SYN0091	2
SYN0092	1
SYN0093	1
SYN0094	0
SYN0095	2
SYN0096	0
SYN0097	0
SYN0098	0
SYN0099	0
SYN0100	2
SYN0101	1
SYN0102	1
SYN0103	1
SYN0104	2
SYN0105	0
SYN0106	1
SYN0107	1
SYN0108	0
SYN0109	1
SYN0110	2
SYN0111	2
SYN0112	0
SYN0113	2
SYN0114	0
SYN0115	2
SYN0116	2
SYN0117	0
SYN0118	1
SYN0119	2
SYN0120	0
SYN0121	1
SYN0122	2
SYN0123	1
SYN0124	2
SYN0125	0
SYN0126	0
SYN0127	0
SYN0128	0
SYN0129	0
SYN0130	2
SYN0131	1
SYN0132	0
SYN0133	0
SYN0134	2
SYN0135	1
SYN0136	2
SYN0137	1
SYN0138	1
SYN0139	2
SYN0140	2
SYN0141	1
SYN0142	1
SYN0143	2
SYN0144	1
SYN0145	2
SYN0146	0
SYN0147	1
SYN0148	1
SYN0149	2
SYN0150	0
SYN0151	2
SYN0152	1
SYN0153	2
SYN0154	1
SYN0155	2
SYN0156	0
SYN0157	0
SYN0158	0
SYN0159	0
SYN0160	0
SYN0161	2
SYN0162	2
SYN0163	0
SYN0164	1
SYN0165	1
SYN0166	1
SYN0167	1
SYN0168	0
SYN0169	2
SYN0170	1
SYN0171	1
SYN0172	1
SYN0173	0
SYN0174	0
SYN0175	1
SYN0176	2
SYN0177	2
SYN0178	2
SYN0179	0
SYN0180	2
SYN0181	2
SYN0182	2
SYN0183	1
SYN0184	2
SYN0185	0
SYN0186	0
SYN0187	0
SYN0188	0
SYN0189	0
SYN0190	0
SYN0191	1
SYN0192	0
SYN0193	1
SYN0194	0
SYN0195	1
SYN0196	0
SYN0197	0
SYN0198	2
SYN0199	1
SYN0200	2
SYN0201	1
SYN0202	1
SYN0203	0
SYN0204	1
SYN0205	0
SYN0206	2
SYN0207	2
SYN0208	2
SYN0209	0
SYN0210	0
SYN0211	0
SYN0212	0
SYN0213	1
SYN0214	2
SYN0215	0
SYN0216	2
SYN0217	2
SYN0218	0
SYN0219	2
SYN0220	2
SYN0221	0
SYN0222	1
SYN0223	1
SYN0224	1
SYN0225	0
SYN0226	1
SYN0227	1
SYN0228	2
SYN0229	2
SYN0230	0
SYN0231	2
SYN0232	2
SYN0233	2
SYN0234	0
SYN0235	0
SYN0236	1
SYN0237	0
SYN0238	1
SYN0239	2
SYN0240	0
SYN0241	0
SYN0242	1
SYN0243	1
SYN0244	0
SYN0245	0
SYN0246	0
SYN0247	1
SYN0248	2
SYN0249	0
SYN0250	0
SYN0251	1
SYN0252	0
SYN0253	0
SYN0254	0
SYN0255	1
SYN0256	0
SYN0257	2
SYN0258	1
SYN0259	0
SYN0260	0
SYN0261	2
SYN0262	0
SYN0263	0
SYN0264	0
SYN0265	0
SYN0266	2
SYN0267	0
SYN0268	0
SYN0269	2
SYN0270	1
SYN0271	0
SYN0272	1
SYN0273	2
SYN0274	0
SYN0275	2
SYN0276	0
SYN0277	2
SYN0278	2
SYN0279	2
SYN0280	1
SYN0281	0
SYN0282	0
SYN0283	1
SYN0284	2
SYN0285	0
SYN0286	0
SYN0287	1
SYN0288	2
SYN0289	2
SYN0290	0
SYN0291	0
SYN0292	2
SYN0293	1
SYN0294	2
SYN0295	2
SYN0296	2
SYN0297	2
SYN0298	2
SYN0299	0
SYN0300	1
SYN0301	0
SYN0302	2
SYN0303	2
SYN0304	2
SYN0305	1
SYN0306	0
SYN0307	1
SYN0308	0
SYN0309	2
SYN0310	1
SYN0311	0
SYN0312	1
SYN0313	2
SYN0314	0
SYN0315	2
SYN0316	2
SYN0317	0
SYN0318	0
SYN0319	2
SYN0320	2
SYN0321	0
SYN0322	2
SYN0323	2
SYN0324	2
SYN0325	0
SYN0326	0
SYN0327	2
SYN0328	0
SYN0329	0
SYN0330	1
SYN0331	1
SYN0332	2
SYN0333	0
SYN0334	2
SYN0335	0
SYN0336	2
SYN0337	0
SYN0338	1
SYN0339	0
SYN0340	0
SYN0341	0
SYN0342	2
SYN0343	1
SYN0344	0
SYN0345	2
SYN0346	2
SYN0347	2
SYN0348	0
SYN0349	0
SYN0350	0
SYN0351	0
SYN0352	0
SYN0353	1
SYN0354	0
SYN0355	0
SYN0356	2
SYN0357	1
SYN0358	0
SYN0359	1
SYN0360	0
SYN0361	1
SYN0362	0
SYN0363	1
SYN0364	1
SYN0365	1
SYN0366	0
SYN0367	2
SYN0368	2
SYN0369	0
SYN0370	0
SYN0371	0
SYN0372	2
SYN0373	2
SYN0374	0
SYN0375	2
SYN0376	0
SYN0377	1
SYN0378	1
SYN0379	2
SYN0380	0
SYN0381	0
SYN0382	1
SYN0383	0
SYN0384	0
SYN0385	1
SYN0386	2
SYN0387	2
SYN0388	2
SYN0389	2
SYN0390	2
SYN0391	2
SYN0392	1
SYN0393	2
SYN0394	0
SYN0395	0
SYN0396	2
SYN0397	0
SYN0398	2
SYN0399	1
SYN0400	0
SYN0401	2
SYN0402	0
SYN0403	1
SYN0404	0
SYN0405	2
SYN0406	1
SYN0407	2
SYN0408	0
SYN0409	2
SYN0410	2
SYN0411	1
SYN0412	2
SYN0413	1
SYN0414	1
SYN0415	1
SYN0416	2
SYN0417	0
SYN0418	1
SYN0419	0
SYN0420	1
SYN0421	2
SYN0422	0
SYN0423	2
SYN0424	0
SYN0425	2
SYN0426	1
SYN0427	1
SYN0428	2
SYN0429	1
SYN0430	2
SYN0431	0
SYN0432	1
SYN0433	1
SYN0434	2
SYN0435	0
SYN0436	1
SYN0437	1
SYN0438	1
SYN0439	0
SYN0440	1
SYN0441	0
SYN0442	0
SYN0443	2
SYN0444	0
SYN0445	1
SYN0446	2
SYN0447	2
SYN0448	1
SYN0449	2
SYN0450	1
SYN0451	1
SYN0452	2
SYN0453	1
SYN0454	1
SYN0455	1
SYN0456	1
SYN0457	0
SYN0458	2
SYN0459	0
SYN0460	1
SYN0461	2
SYN0462	1
SYN0463	0
SYN0464	2
SYN0465	0
SYN0466	2
SYN0467	2
SYN0468	1
SYN0469	2
SYN0470	0
SYN0471	0
SYN0472	2
SYN0473	1
SYN0474	1
SYN0475	1
SYN0476	1
SYN0477	1
SYN0478	1
SYN0479	0
SYN0480	0
SYN0481	0
SYN0482	1
SYN0483	2
SYN0484	0
SYN0485	1
SYN0486	0
SYN0487	1
SYN0488	2
SYN0489	2
SYN0490	0
SYN0491	0
SYN0492	2
SYN0493	1
SYN0494	1
SYN0495	0
SYN0496	2
SYN0497	0
SYN0498	1
SYN0499	0
SYN0500	1
SYN0501	2
SYN0502	2
SYN0503	1
SYN0504	2
SYN0505	1
SYN0506	0
SYN0507	1
SYN0508	0
SYN0509	0
SYN0510	2
SYN0511	2
SYN0512	0
SYN0513	2
SYN0514	2
SYN0515	1
SYN0516	0
SYN0517	1
SYN0518	0
SYN0519	1
SYN0520	0
SYN0521	1
SYN0522	0
SYN0523	1
SYN0524	1
SYN0525	1
SYN0526	0
SYN0527	2
SYN0528	0
SYN0529	0
SYN0530	0
SYN0531	0
SYN0532	1
SYN0533	2
SYN0534	2
SYN0535	0
SYN0536	0
SYN0537	0
SYN0538	2
SYN0539	1
SYN0540	2
SYN0541	1
SYN0542	1
SYN0543	2
SYN0544	2
SYN0545	0
SYN0546	0
SYN0547	1
SYN0548	1
SYN0549	0
SYN0550	1
SYN0551	1
SYN0552	0
SYN0553	0
SYN0554	0
SYN0555	0
SYN0556	2
SYN0557	0
SYN0558	0
SYN0559	0
SYN0560	1
SYN0561	0
SYN0562	1
SYN0563	0
SYN0564	0
SYN0565	2
SYN0566	0
SYN0567	1
SYN0568	1
SYN0569	1
SYN0570	2
SYN0571	0
SYN0572	2
SYN0573	2
SYN0574	1
SYN0575	0
SYN0576	1
SYN0577	1
SYN0578	2
SYN0579	0
SYN0580	2
SYN0581	2
SYN0582	0
SYN0583	0
SYN0584	0
SYN0585	2
SYN0586	2
SYN0587	2
SYN0588	1
SYN0589	1
SYN0590	1
SYN0591	1
SYN0592	2
SYN0593	1
SYN0594	0
SYN0595	1
SYN0596	0
SYN0597	2
SYN0598	1
SYN0599	1
