feature_set,trained_on,evaluated_on,n_features,roc_auc,pr_auc,f1,mcc,balanced_accuracy,accuracy,precision,recall,specificity
sequence,n0,n0,1440,0.7439979033236648,0.7324669211856673,0.6751361161524501,0.35912686273735145,0.6794986571172784,0.6794986571172784,0.6844526218951242,0.666069829901522,0.6929274843330349
sequence,n0,n2,1440,0.46721338410453245,0.48042516249349143,0.5583489681050656,-0.058224224709944455,0.473142345568487,0.473142345568487,0.4806201550387597,0.666069829901522,0.2802148612354521
sequence,n0,n5,1440,0.477086838146365,0.49306060921149997,0.560030109145653,-0.05029945135577392,0.4767233661593554,0.4767233661593554,0.4831168831168831,0.666069829901522,0.2873769024171889
degree,n0,n0,4,0.9624269349172752,0.9649574190377882,0.8880833710919801,0.7790996180170928,0.8894359892569382,0.8894359892569382,0.8990825688073395,0.8773500447627574,0.9015219337511191
degree,n0,n2,4,0.5024849942573829,0.5054837414710932,0.6398955272608554,0.018700808106093793,0.5062667860340196,0.5062667860340196,0.5035971223021583,0.8773500447627574,0.135183527305282
degree,n0,n5,4,0.501213844155074,0.5015954207252189,0.6415711947626841,0.029046909989633843,0.509847806624888,0.509847806624888,0.5056759545923633,0.8773500447627574,0.1423455684870188
sequence+degree,n0,n0,1444,0.9281159006771719,0.9378287869332635,0.8512359550561798,0.7036933883722566,0.85183527305282,0.85183527305282,0.8546931407942239,0.8478066248880931,0.855863921217547
sequence+degree,n0,n2,1444,0.4878619591901507,0.494052209800007,0.626529937148528,-0.015176893131425779,0.4946284691136974,0.4946284691136974,0.4968520461699895,0.8478066248880931,0.1414503133393017
sequence+degree,n0,n5,1444,0.48889667216750327,0.4977049441861916,0.6271523178807947,-0.011339897222441268,0.4959713518352731,0.4959713518352731,0.4976353126642144,0.8478066248880931,0.144136078782453
