negative_set,negative_set_label,representation,model,n_train,n_test,roc_auc,pr_auc,f1,mcc,balanced_accuracy,accuracy,precision,recall,specificity
n0,N0 (original),degree_only,logistic_regression,51282,12821,0.8491888940484256,0.8530482205210373,0.7322432736395882,0.5241519468473101,0.7575575531724337,0.7585991732314172,0.810262301359372,0.6679292929292929,0.8471858134155744
n0,N0 (original),aac_ctd,logistic_regression,51282,12821,0.7986880660887986,0.8092372038385266,0.7129652351738242,0.45320401558815504,0.7258661937415792,0.7263084002807894,0.7400237731363559,0.6878156565656566,0.7639167309175019
n0,N0 (original),aac_ctd,mlp,51282,12821,0.9613363784335257,0.9692086315247253,0.9052836620404188,0.8190449479115586,0.9086469577229503,0.9089774588565634,0.9318295739348371,0.8802083333333334,0.9370855821125674
n0,N0 (original),esm2_mean,logistic_regression,51282,12821,0.9372957845611084,0.9488108710167031,0.8704195860513811,0.7494493987289513,0.8742546416360988,0.874502768894782,0.8886696267061338,0.8529040404040404,0.8956052428681572
n0,N0 (original),esm2_mean,mlp,51282,12821,0.9809372639268553,0.9848994977425222,0.9417091114883984,0.8884456009353849,0.9434818501125364,0.9437641369627954,0.9653572020553621,0.9191919191919192,0.9677717810331534
n2,N2 (degree-matched),degree_only,logistic_regression,50684,12672,0.5350269932197608,0.5469409316796903,0.45262377155572037,0.07141920393932513,0.5340909090909091,0.5340909090909091,0.5485393258426966,0.3852588383838384,0.6829229797979798
n2,N2 (degree-matched),aac_ctd,logistic_regression,50684,12672,0.6041993731905546,0.5969592982833847,0.5720770073563938,0.1370141250141022,0.5684974747474747,0.5684974747474747,0.5673703818689848,0.5768623737373737,0.5601325757575758
n2,N2 (degree-matched),aac_ctd,mlp,50684,12672,0.6459365594072034,0.639819041479748,0.5769676884838443,0.1950110045111772,0.5970643939393939,0.5970643939393939,0.6072549703522846,0.5495580808080808,0.6445707070707071
n2,N2 (degree-matched),esm2_mean,logistic_regression,50684,12672,0.6815287303272626,0.662678149904094,0.6356126663607159,0.24860695107400818,0.6240530303030303,0.6240530303030303,0.6166518254674977,0.6557765151515151,0.5923295454545454
n2,N2 (degree-matched),esm2_mean,mlp,50684,12672,0.697588007202709,0.6832812484558699,0.6277742549143944,0.25884849427348766,0.6294191919191919,0.6294191919191919,0.6305732484076433,0.625,0.6338383838383839
