species,variant,representation,model,n_train,n_test,roc_auc,pr_auc,f1,mcc,balanced_accuracy,accuracy,precision,recall,specificity
celegans,n0,degree_only,logistic_regression,6291,1573,0.8680165543107489,0.88136432861043,0.7649572649572649,0.5959108333466389,0.7907035582068318,0.7902097902097902,0.8745928338762216,0.6797468354430379,0.9016602809706258
celegans,n0,aac_ctd,logistic_regression,6291,1573,0.9245388557479346,0.9395162695124666,0.8565789473684211,0.7250226675208631,0.8615783177328353,0.8614113159567705,0.8917808219178082,0.8240506329113924,0.8991060025542784
celegans,n0,aac_ctd,mlp,6291,1573,0.978624892898136,0.9847428744778846,0.94469746258946,0.8932858631477962,0.9460837092002522,0.9459631277813096,0.9718875502008032,0.918987341772152,0.9731800766283524
celegans,n0,esm2_mean,logistic_regression,6291,1573,0.9836138189695588,0.9869180687683312,0.9416292495189224,0.8846243031958981,0.9422070258822768,0.9421487603305784,0.9544863459037712,0.9291139240506328,0.9553001277139208
celegans,n0,esm2_mean,mlp,6291,1573,0.9827505375301098,0.9859625800078072,0.9445876288659794,0.8912347597157982,0.9454055321143928,0.9453273998728544,0.9619422572178478,0.9278481012658228,0.9629629629629628
celegans,n2,degree_only,logistic_regression,6320,1580,0.5831389200448646,0.5878820102858523,0.4807395993836671,0.1571913849669098,0.5734177215189873,0.5734177215189873,0.6141732283464567,0.3949367088607595,0.7518987341772152
celegans,n2,aac_ctd,logistic_regression,6320,1580,0.5494279762858516,0.5498529396660423,0.535512256442489,0.0645632210610786,0.5322784810126582,0.5322784810126582,0.5318352059925093,0.5392405063291139,0.5253164556962026
celegans,n2,aac_ctd,mlp,6320,1580,0.5346306681621535,0.5499270322313135,0.4832764505119454,0.0422218991296481,0.5208860759493671,0.5208860759493671,0.5244444444444445,0.4481012658227848,0.5936708860759494
celegans,n2,esm2_mean,logistic_regression,6320,1580,0.5309581797788816,0.5476097502715465,0.5244055068836045,0.0379845446163729,0.518987341772152,0.5189873417721519,0.5185643564356436,0.5303797468354431,0.5075949367088608
celegans,n2,esm2_mean,mlp,6320,1580,0.5963996154462425,0.6076173739798022,0.573055028462998,0.1455697368769389,0.5727848101265822,0.5727848101265823,0.572692793931732,0.5734177215189873,0.5721518987341773
celegans,n2_exact,degree_only,logistic_regression,5762,1441,0.5834743043807968,0.6358274067307572,0.6903745851114272,0.0244648698358422,0.5068424429796419,0.5468424705065926,0.5519332827899924,0.9215189873417722,0.0921658986175115
celegans,n2_exact,aac_ctd,logistic_regression,5762,1441,0.5379046841276323,0.6008522555996486,0.6097982708933718,0.032056518422022,0.5153016780415719,0.5301873698820264,0.5597883597883598,0.669620253164557,0.3609831029185867
celegans,n2_exact,aac_ctd,mlp,5762,1441,0.5412627116996247,0.6033157803896123,0.6135831381733021,0.0600996235863367,0.529034202492757,0.5419847328244275,0.5708061002178649,0.6632911392405063,0.3947772657450076
celegans,n2_exact,esm2_mean,logistic_regression,5762,1441,0.5229870306636334,0.5807395866684028,0.5807644882860666,0.0419824797236923,0.5208355208151043,0.5281054823039556,0.5661057692307693,0.5962025316455696,0.445468509984639
celegans,n2_exact,esm2_mean,mlp,5762,1441,0.5735985533453889,0.6326125752471847,0.6265060240963856,0.0693496422975544,0.5329736141087713,0.5482303955586398,0.5729275970619098,0.6911392405063291,0.3748079877112135
celegans,n2_nn,degree_only,logistic_regression,6320,1580,0.5023193398493832,0.5281812252754473,0.412769116555308,-0.0013247520052119,0.4993670886075949,0.4993670886075949,0.4991023339317774,0.3518987341772152,0.6468354430379747
celegans,n2_nn,aac_ctd,logistic_regression,6320,1580,0.5591123217433104,0.5646823459251086,0.5340179717586649,0.0810440898473107,0.540506329113924,0.540506329113924,0.5416666666666666,0.5265822784810127,0.5544303797468354
celegans,n2_nn,aac_ctd,mlp,6320,1580,0.5600865245954174,0.5643572437842492,0.5030262273032953,0.0650089924703353,0.5322784810126583,0.5322784810126582,0.5365853658536586,0.4734177215189873,0.5911392405063292
celegans,n2_nn,esm2_mean,logistic_regression,6320,1580,0.528540298029162,0.5231400243525968,0.5207402680280792,0.0493737740208021,0.5246835443037974,0.5246835443037975,0.525096525096525,0.5164556962025316,0.5329113924050632
celegans,n2_nn,esm2_mean,mlp,6320,1580,0.5704085883672488,0.5570781794235219,0.5551330798479087,0.1113927620347397,0.5556962025316455,0.5556962025316455,0.5558375634517766,0.5544303797468354,0.5569620253164557
dmelanogaster,n0,degree_only,logistic_regression,34229,8559,0.8295421613836472,0.8308244432048084,0.7272050614067733,0.4927244576867979,0.7442186725973536,0.7430774623203645,0.7896012931034483,0.6739480340308117,0.8144893111638954
dmelanogaster,n0,aac_ctd,logistic_regression,34229,8559,0.8343129635283509,0.8589862270402204,0.7505350772889418,0.5113192429308976,0.755359847378025,0.7548779062974647,0.7771484855946811,0.7256840653023684,0.7850356294536817
dmelanogaster,n0,aac_ctd,mlp,34229,8559,0.975455793206618,0.981294488570608,0.9304550758459744,0.861147415540103,0.9305902631942582,0.9303656969272112,0.9445628997867804,0.9167624741319844,0.944418052256532
dmelanogaster,n0,esm2_mean,logistic_regression,34229,8559,0.9683300117044408,0.9763050125424976,0.9165784209907047,0.835310523624881,0.9175190572654648,0.9171632200023369,0.93855421686747,0.8956081857898367,0.9394299287410928
dmelanogaster,n0,esm2_mean,mlp,34229,8559,0.985274633806117,0.98906024962384,0.9494072074187112,0.9001162104665569,0.9499700971474044,0.9496436499591072,0.9697841726618706,0.9298689353874454,0.9700712589073636
dmelanogaster,n2,degree_only,logistic_regression,34786,8698,0.5357269540902964,0.5386094621607753,0.4556860651361452,0.0648567330546989,0.5311565877213152,0.5311565877213152,0.5431116767419663,0.3925040239135433,0.6698091515290872
dmelanogaster,n2,aac_ctd,logistic_regression,34786,8698,0.554587361895158,0.5460196333821103,0.5360469127285271,0.0722005077720895,0.5361002529317085,0.5361002529317085,0.5361085556577737,0.5359852839733272,0.5362152218900896
dmelanogaster,n2,aac_ctd,mlp,34786,8698,0.5328243117287741,0.5278976238659463,0.4966863477527413,0.0397168268882563,0.5197746608415728,0.5197746608415728,0.5217721518987342,0.4739020464474592,0.5656472752356864
dmelanogaster,n2,esm2_mean,logistic_regression,34786,8698,0.5561775763634185,0.5552052204832224,0.5362184679472345,0.0784153307066947,0.5392044148080019,0.5392044148080019,0.5397158164453761,0.5327661531386526,0.5456426764773511
dmelanogaster,n2,esm2_mean,mlp,34786,8698,0.5668130377389505,0.5768465066329913,0.5323211955877121,0.0935312273422477,0.5466773971027823,0.5466773971027823,0.5497305242528172,0.515980685214992,0.5773741089905725
dmelanogaster,n2_exact,degree_only,logistic_regression,34224,8557,0.5196422880746153,0.5302350472938776,0.5390133539344443,0.0221708233528432,0.5110298617662205,0.511861633750146,0.5182512733446519,0.5615083927339618,0.4605513307984791
dmelanogaster,n2_exact,aac_ctd,logistic_regression,34224,8557,0.545788682683052,0.5522550224036232,0.5628415300546448,0.0635649530255052,0.5315488701130543,0.5325464531962136,0.5363465944594876,0.5920901356633709,0.4710076045627376
dmelanogaster,n2_exact,aac_ctd,mlp,34224,8557,0.532039892479981,0.5431268096055576,0.5063078216989066,0.0408986542438511,0.5204002416970992,0.5198083440458104,0.5301962757926523,0.484479190618533,0.5563212927756654
dmelanogaster,n2_exact,esm2_mean,logistic_regression,34224,8557,0.5412153333618934,0.5577470491809187,0.5480251346499102,0.057588123914265,0.5287342343897946,0.5292742783685871,0.5351742274819198,0.5615083927339618,0.4959600760456273
dmelanogaster,n2_exact,esm2_mean,mlp,34224,8557,0.5597575750554955,0.5757318960179141,0.5585023400936038,0.0728893418117668,0.536329890311745,0.5369872618908496,0.5418378378378378,0.5762244194067602,0.49643536121673
dmelanogaster,n2_nn,degree_only,logistic_regression,34786,8698,0.4952677941361442,0.4945421476839363,0.4149587436784668,-0.0112313164937372,0.4945964589560818,0.4945964589560818,0.4925750394944708,0.3584732122326972,0.6307197056794666
dmelanogaster,n2_nn,aac_ctd,logistic_regression,34786,8698,0.5526228704637424,0.5516254930402886,0.532680482805739,0.0563453007020735,0.5281673948034031,0.5281673948034031,0.5276336566659148,0.537824787307427,0.5185100022993792
dmelanogaster,n2_nn,aac_ctd,mlp,34786,8698,0.5459044430043437,0.5448086119489444,0.5301704283740212,0.061853620098386,0.5309266498045528,0.5309266498045527,0.5310265282583622,0.5293170843872155,0.5325362152218901
dmelanogaster,n2_nn,esm2_mean,logistic_regression,34786,8698,0.5411367075290683,0.5411731198356436,0.5266061372256062,0.0528857334380238,0.5264428604276845,0.5264428604276845,0.5264246323529411,0.5267877673028283,0.5260979535525409
dmelanogaster,n2_nn,esm2_mean,mlp,34786,8698,0.559138271572171,0.5612039831295166,0.5523400406963599,0.089497688097161,0.5447229248103012,0.5447229248103013,0.5432510562597287,0.5617383306507243,0.5277075189698781
ecoli,n0,degree_only,logistic_regression,10288,2573,0.951091498283016,0.9536416827122852,0.8705665591893137,0.7866451640063901,0.8839302331522076,0.8907889623008162,0.9555106167846308,0.799492385786802,0.9683680805176133
ecoli,n0,aac_ctd,logistic_regression,10288,2573,0.9356942928981452,0.9442520887366712,0.8570198105081827,0.739927958517363,0.8687760086901413,0.8709677419354839,0.8728070175438597,0.8417935702199661,0.8957584471603163
ecoli,n0,aac_ctd,mlp,10288,2573,0.965873192544287,0.9728754145724308,0.9213385484571924,0.8588569499755694,0.9271847907931212,0.929654100272056,0.9472743521000894,0.8967851099830795,0.9575844716031632
ecoli,n0,esm2_mean,logistic_regression,10288,2573,0.9681637210931768,0.97251074028787,0.9137271568210796,0.841079577954691,0.9202301841302742,0.9211037699183832,0.9180187873612298,0.9094754653130288,0.9309849029475198
ecoli,n0,esm2_mean,mlp,10288,2573,0.9772704879446183,0.9807460762948556,0.9371772805507744,0.8859051049688801,0.9416088560616288,0.94325689856199,0.9535901926444834,0.9213197969543148,0.9618979151689432
ecoli,n2,degree_only,logistic_regression,9450,2364,0.5832220332626166,0.568551303867414,0.5506072874493927,0.1559357892990293,0.5774111675126903,0.5774111675126904,0.5878962536023055,0.5177664974619289,0.6370558375634517
ecoli,n2,aac_ctd,logistic_regression,9450,2364,0.5660657178604046,0.5483829742115094,0.5532094594594594,0.1049075381016342,0.5524534686971235,0.5524534686971235,0.5522765598650927,0.5541455160744501,0.550761421319797
ecoli,n2,aac_ctd,mlp,9450,2364,0.5889040629178226,0.5651126450900485,0.5665236051502146,0.1455763128550736,0.5727580372250423,0.5727580372250423,0.5749128919860628,0.5583756345177665,0.5871404399323181
ecoli,n2,esm2_mean,logistic_regression,9450,2364,0.5760841557370713,0.5701702332964397,0.5572938689217759,0.1142132388439606,0.5571065989847717,0.5571065989847716,0.5570583262890956,0.5575296108291032,0.55668358714044
ecoli,n2,esm2_mean,mlp,9450,2364,0.6467951305682245,0.6354803271283946,0.6075519728468392,0.2174319009109292,0.6087140439932318,0.6087140439932318,0.6093617021276596,0.6057529610829103,0.6116751269035533
ecoli,n2_exact,degree_only,logistic_regression,8322,2082,0.5805010340289528,0.645298187108278,0.671464555595538,0.0604281289050853,0.5257811618725324,0.5614793467819404,0.5842204132748904,0.7893401015228426,0.2622222222222222
ecoli,n2_exact,aac_ctd,logistic_regression,8322,2082,0.5657567211881933,0.6282410667242988,0.6475471698113208,0.0522664586531555,0.5240552735476594,0.5513928914505284,0.5844686648501363,0.7258883248730964,0.3222222222222222
ecoli,n2_exact,aac_ctd,mlp,8322,2082,0.5720323369054334,0.6408995085715548,0.6216666666666667,0.1072679664141924,0.5533446136491822,0.56388088376561,0.6124794745484401,0.6311336717428088,0.4755555555555555
ecoli,n2_exact,esm2_mean,logistic_regression,8322,2082,0.5566469261139312,0.6067336802370951,0.6202945990180033,0.08241550179102,0.5406429780033841,0.5542747358309318,0.6006339144215531,0.6412859560067682,0.44
ecoli,n2_exact,esm2_mean,mlp,8322,2082,0.6121752209061855,0.67874745403146,0.6534573392640518,0.1499549996849997,0.5734602368866328,0.5883765609990393,0.6258714175058094,0.6835871404399323,0.4633333333333333
ecoli,n2_nn,degree_only,logistic_regression,9450,2364,0.5075150809806431,0.5097397724168622,0.4817261118450022,0.004243272981903,0.5021150592216582,0.5021150592216582,0.5022956841138659,0.4627749576988155,0.5414551607445008
ecoli,n2_nn,aac_ctd,logistic_regression,9450,2364,0.5258098064309252,0.5192984400015863,0.5152542372881356,0.0321490842569524,0.5160744500846024,0.5160744500846024,0.5161290322580645,0.5143824027072758,0.5177664974619289
ecoli,n2_nn,aac_ctd,mlp,9450,2364,0.5611345163349853,0.5401695407664701,0.5830402500976944,0.0986443678175292,0.5486463620981388,0.5486463620981388,0.541757443718228,0.6311336717428088,0.4661590524534686
ecoli,n2_nn,esm2_mean,logistic_regression,9450,2364,0.5174132718355708,0.5144237952611119,0.5178268251273345,0.038917981073732,0.5194585448392555,0.5194585448392555,0.5195911413969335,0.5160744500846024,0.5228426395939086
ecoli,n2_nn,esm2_mean,mlp,9450,2364,0.5959109570804023,0.5966636714162351,0.5721497686159024,0.1396023522289476,0.5697969543147208,0.5697969543147208,0.5690376569037657,0.5752961082910322,0.5642978003384095
