species,variant,label,n,mean,median,sd,iqr_low,iqr_high,iqr
celegans,n0,positive,7900,19.977974683544304,6.0,34.58459864667664,2.0,19.0,17.0
celegans,n0,negative,7828,3.625830352580481,2.0,5.855583407865385,1.0,4.0,3.0
celegans,n2,positive,7900,19.977974683544304,6.0,34.58459864667664,2.0,19.0,17.0
celegans,n2,negative,7900,14.44873417721519,6.0,27.284002486117394,2.0,12.0,10.0
celegans,n2_exact,positive,7900,19.977974683544304,6.0,34.58459864667664,2.0,19.0,17.0
celegans,n2_exact,negative,6506,14.905164463572088,5.0,27.715914969176744,2.0,14.0,12.0
celegans,n2_nn,positive,7900,19.977974683544304,6.0,34.58459864667664,2.0,19.0,17.0
celegans,n2_nn,negative,7900,18.709240506329117,6.0,30.12957442909322,2.0,19.0,17.0
dmelanogaster,n0,positive,43484,21.43726428111489,14.0,23.716495973104852,6.0,28.0,22.0
dmelanogaster,n0,negative,42092,7.865461370331654,4.0,10.5717961332132,2.0,9.0,7.0
dmelanogaster,n2,positive,43484,21.43726428111489,14.0,23.716495973104852,6.0,28.0,22.0
dmelanogaster,n2,negative,43484,19.270950234569035,14.0,20.339403135929608,5.0,26.0,21.0
dmelanogaster,n2_exact,positive,43484,21.43726428111489,14.0,23.716495973104852,6.0,28.0,22.0
dmelanogaster,n2_exact,negative,42078,20.15307286467988,14.0,21.010461236530183,5.0,28.0,23.0
dmelanogaster,n2_nn,positive,43484,21.43726428111489,14.0,23.716495973104852,6.0,28.0,22.0
dmelanogaster,n2_nn,negative,43484,21.313701591389936,14.0,23.07787007546636,6.0,28.0,22.0
ecoli,n0,positive,11814,42.91433891992551,31.0,39.24756117569368,11.0,65.0,54.0
ecoli,n0,negative,13908,5.369643370721887,1.0,11.911186715935914,1.0,4.0,3.0
ecoli,n2,positive,11814,42.91433891992551,31.0,39.24756117569368,11.0,65.0,54.0
ecoli,n2,negative,11814,35.87404773996953,25.0,34.095317790777855,10.0,49.0,39.0
ecoli,n2_exact,positive,11814,42.91433891992551,31.0,39.24756117569368,11.0,65.0,54.0
ecoli,n2_exact,negative,8994,35.54080498109851,24.0,35.42422217948097,8.0,51.0,43.0
ecoli,n2_nn,positive,11814,42.91433891992551,31.0,39.24756117569368,11.0,65.0,54.0
ecoli,n2_nn,negative,11814,42.17199932283731,31.0,38.19579858649645,11.0,65.0,54.0
