negative_set,model,prevalence,roc_auc,roc_auc_bootstrap_ci_low,roc_auc_bootstrap_ci_high,roc_auc_bootstrap_p,roc_auc_bootstrap_p_adj,roc_auc_bootstrap_sig_above_chance,roc_auc_jackknife_ci_low,roc_auc_jackknife_ci_high,roc_auc_jackknife_p,roc_auc_jackknife_p_adj,roc_auc_jackknife_sig_above_chance,pr_auc,pr_auc_bootstrap_ci_low,pr_auc_bootstrap_ci_high,pr_auc_bootstrap_p,pr_auc_bootstrap_p_adj,pr_auc_bootstrap_sig_above_chance,pr_auc_jackknife_ci_low,pr_auc_jackknife_ci_high,pr_auc_jackknife_p,pr_auc_jackknife_p_adj,pr_auc_jackknife_sig_above_chance,mcc,mcc_bootstrap_ci_low,mcc_bootstrap_ci_high,mcc_bootstrap_p,mcc_bootstrap_p_adj,mcc_bootstrap_sig_above_chance,mcc_jackknife_ci_low,mcc_jackknife_ci_high,mcc_jackknife_p,mcc_jackknife_p_adj,mcc_jackknife_sig_above_chance,n_clusters,n_clusters_used
n0,logistic_regression,0.48268398268398266,0.604124059515545,0.4790625000000002,0.7804135101010096,0.061,0.12990476190476188,False,0.5296532574934338,0.6785948615376562,0.008802186083833785,0.17496644406629583,False,0.5499738099980601,0.5221806362384126,0.8590255530129671,0.028,0.088,False,0.26734315276514903,0.8326044672309711,0.6229972811665182,0.999320877542652,False,0.1700579358532811,0.04222003309207491,0.49068462362733334,0.028,0.088,False,-0.05038962829957791,0.39050550000614015,0.12246882885390756,0.6735785586964915,False,19,19
n0,random_forest,0.48268398268398266,0.6322213257781865,0.5166220238095238,0.85,0.039,0.1144,False,0.5177030051409041,0.7467396464154689,0.026015468873601098,0.28617015760961206,False,0.5883226036431165,0.5767141395156703,0.8951930832939236,0.004,0.02514285714285714,True,0.25745228189100317,0.9191929253952298,0.5108818972102556,0.999320877542652,False,0.20421599563064283,-0.01562899130042033,0.5657574818537782,0.061,0.12990476190476188,False,0.05078700550090312,0.3576449857603825,0.011929530277247444,0.17496644406629583,False,19,19
n0,mlp,0.48268398268398266,0.6167514118993564,0.552418414918415,0.9112354312354305,0.024,0.088,False,0.37562145374108946,0.8578813700576234,0.32252090942633793,0.999320877542652,False,0.5725612848405189,0.5617749025767748,0.945643518518518,0.001,0.011,True,0.07741833851773555,1.0677042311633023,0.7074040160146866,0.999320877542652,False,0.14881114485045846,0.1273593459730877,0.8461141122266493,0.0,0.0,True,-0.7795694344220615,1.0771917241229785,0.7401930345546006,0.999320877542652,False,19,19
n0,siamese_mlp,0.48268398268398266,0.6511623543539036,0.6302797202797202,0.9725324675324675,0.003,0.022000000000000002,True,0.3256208937904253,0.9767038149173819,0.34221938392555895,0.999320877542652,False,0.6306025096103779,0.6205883076371076,0.9720301573426574,0.0,0.0,True,0.18165525560091567,1.0795497636198401,0.4976393975250786,0.999320877542652,False,0.22256241149571576,0.20528040995211871,0.7627700713964738,0.0,0.0,True,-0.41597187827202387,0.8610967012634554,0.4734253401945906,0.999320877542652,False,19,19
n0,attention_fusion,0.48268398268398266,0.6244816781432352,0.5,0.9090909090909091,0.051,0.12955555555555553,False,0.4373313942354481,0.8116319620510223,0.17927737675863178,0.876467175264422,False,0.6171805044952653,0.6053100422389425,0.9210830289502164,0.003,0.022000000000000002,True,0.2728776491840557,0.9614833598064749,0.4225578157629397,0.999320877542652,False,0.14236418613575255,0.11112265025882817,0.7365717468927105,0.021,0.088,False,-0.44975728845202934,0.7344856607235344,0.6195988755959372,0.999320877542652,False,19,19
n0,cross_interaction,0.48268398268398266,0.6132427716381785,0.49162990196078443,0.874147727272727,0.062,0.12990476190476188,False,0.49287930269752644,0.7336062405788306,0.06361006493006185,0.5597685713845444,False,0.5961115402076246,0.5829454074308548,0.9142983562331387,0.008,0.044,True,0.2512992318012314,0.9409238486140177,0.498314777289807,0.999320877542652,False,0.1058804419513076,-0.2141480994551009,0.46926891354404987,0.21,0.32266666666666666,False,0.0720460499299481,0.1397148339726671,3.5506917820488363e-06,0.0001562304384101488,True,19,19
n2,logistic_regression,0.5,0.4998290735787971,0.07999999999999999,0.6,0.966,0.966,False,0.08142738264175997,0.9182307645158342,0.9991493204223656,0.999320877542652,False,0.5046883127025268,0.414136904761905,0.7888888888888889,0.154,0.2606153846153846,False,0.33311585480591793,0.6762607705991357,0.9431672016433075,0.999320877542652,False,-0.013452914798206279,-0.6,0.0,0.175,0.28518518518518515,False,-0.559524342269546,0.5326185126731333,0.9487499492644673,0.999320877542652,False,5,5
n2,random_forest,0.5,0.5184298900038207,0.28,0.76,0.268,0.36850000000000005,False,0.4067222527754207,0.6301375272322207,0.6706844511475648,0.999320877542652,False,0.49762024326519827,0.44999999999999996,0.8253968253968254,0.766,0.7838139534883721,False,0.45269964865899115,0.5425408378714054,0.8901786875751342,0.999320877542652,False,0.07183632779204871,-0.6,0.0774703008325221,0.663,0.6945714285714286,False,-0.6645045697573195,0.808177225341417,0.799897096821973,0.999320877542652,False,5,5
n2,mlp,0.5,0.5165597538659534,0.36,0.9600000000000001,0.148,0.2606153846153846,False,0.1340984605284003,0.8990210472035065,0.9101098326055387,0.999320877542652,False,0.5049139679021555,0.5017389808643123,0.9666666666666667,0.018,0.088,False,-0.17975485734360908,1.18958279314792,0.9850560229775547,0.999320877542652,False,0.009193289141911526,-0.2182178902359924,0.816496580927726,0.38,0.4917647058823529,False,-0.5466855262355094,0.5650721045193324,0.96557686281788,0.999320877542652,False,5,5
n2,siamese_mlp,0.5,0.5118542500351906,0.16000000000000003,0.72,0.481,0.6046857142857143,False,0.3469515338471555,0.6767569662232257,0.8515381219241751,0.999320877542652,False,0.5094190091758367,0.44999999999999996,0.7228571428571429,0.23,0.32645161290322583,False,0.49062282300170074,0.5282151953499726,0.23651733813663425,0.9579936158746732,False,-0.023811773705471145,-0.02458823668691541,0.0,0.663,0.6945714285714286,False,-0.07716632349431493,0.02954277608337264,0.283043568326608,0.9579936158746732,False,5,5
n2,attention_fusion,0.5,0.5473466186732088,0.039999999999999994,0.5503673880738992,0.663,0.6945714285714286,False,-0.11491218476455256,1.20960542211097,0.8523379862363649,0.999320877542652,False,0.5441332610773508,0.4111111111111111,0.5455757888570414,0.663,0.6945714285714286,False,0.3500053494985026,0.7382611726561991,0.5621802662771952,0.999320877542652,False,0.09515519879175735,0.0,0.09654483652369754,0.663,0.6945714285714286,False,-0.11710367058698706,0.30741406817050176,0.28119636113143714,0.9579936158746732,False,5,5
n2,cross_interaction,0.5,0.49329365159162664,0.15999999999999998,0.6400000000000001,0.22,0.32266666666666666,False,0.36780079292282375,0.6187865102604295,0.8892273555487977,0.999320877542652,False,0.5000903404712407,0.45,0.8,0.618,0.6945714285714286,False,0.22308729748012734,0.777093383462354,0.9993208775426519,0.999320877542652,False,-0.007937257901823716,-0.008003073770605223,0.0,0.663,0.6945714285714286,False,-0.025610623562144795,0.009736107758497363,0.28045270650428966,0.9579936158746732,False,5,5
