Regime,Model,Train pairs,Test pairs,ROC-AUC,PR-AUC,MCC
R0,Logistic regression,8931,2233,0.6398948476301409,0.6149205748482185,0.2086487880529441
R0,Random forest,8931,2233,0.6844526429279656,0.6547761985838771,0.2920424707597561
R0,XGBoost,8931,2233,0.6756432841424322,0.6505982353215916,0.2523095030893605
R0,MLP,8931,2233,0.7010329126596779,0.680113241303222,0.3096487952511187
R1,Logistic regression,5703,1426,0.6599992120400284,0.6530428299124633,0.2517591776274604
R1,Random forest,5703,1426,0.700694389725002,0.6850127914770375,0.320614691899978
R1,XGBoost,5703,1426,0.6953727050665826,0.6877384471205676,0.2787875576316604
R1,MLP,5703,1426,0.6966137420219053,0.6836988658436529,0.3050286341635088
R2,Logistic regression,5703,3570,0.6059702879765277,0.5686088455121603,0.1503153621028609
R2,Random forest,5703,3570,0.6516425074355419,0.6026333465586029,0.2183313620909016
R2,XGBoost,5703,3570,0.64085453467575,0.5945419215519064,0.1988190163258829
R2,MLP,5703,3570,0.6262512936838086,0.587331391166446,0.1908394919690331
R3,Logistic regression,5703,462,0.5581364804773252,0.5227902441540748,0.1085941627388028
R3,Random forest,5703,462,0.5866652907293093,0.5230232068327887,0.1355611010000562
R3,XGBoost,5703,462,0.6330750323657992,0.5969617552244493,0.1982947050366486
R3,MLP,5703,462,0.5874064206240501,0.549074416943848,0.1291015131420871
R3-50,Logistic regression,7227,450,0.6084387351778656,0.5836256606557738,0.1854711563876013
R3-50,Random forest,7227,450,0.6298418972332016,0.6030908376314021,0.1495197661300249
R3-50,XGBoost,7227,450,0.5830632411067194,0.5681011734013732,0.1296750253926147
R3-50,MLP,7227,450,0.5838339920948616,0.5668569021805907,0.0871550921152022
R3-40,Logistic regression,7111,423,0.6183991356412912,0.5377939453194103,0.1815991078949104
R3-40,Random forest,7111,423,0.6409084770179624,0.6184139524154961,0.1993889899643343
R3-40,XGBoost,7111,423,0.5868185296898213,0.5223848830558814,0.1044883626705082
R3-40,MLP,7111,423,0.5860307027416378,0.530761908721954,0.1364843174736598
R3-30,Logistic regression,7174,419,0.5564291900268928,0.5286511232329846,0.1305629048198733
R3-30,Random forest,7174,419,0.5758124800583435,0.5755934361551348,0.1014053559224883
R3-30,XGBoost,7174,419,0.5539906103286385,0.5444536969905338,0.1120707342689233
R3-30,MLP,7174,419,0.5443274533935001,0.5452699753281578,0.0981585304708509
R3-20,Logistic regression,7043,445,0.6101626016260162,0.5445962794716626,0.1626611470820141
R3-20,Random forest,7043,445,0.6600406504065041,0.5914049182563077,0.2337148413593857
R3-20,XGBoost,7043,445,0.6248577235772358,0.5496300844718606,0.2169292318113465
R3-20,MLP,7043,445,0.5855691056910569,0.5061156063019174,0.0961753511601229
