Design,Training set,Test set,ROC-AUC,PR-AUC,MCC,F1,Balanced accuracy,Accuracy,Precision,Recall,Specificity,Brier score,ECE
A,n0,n0,0.7542360315751762,0.7437258081170239,0.3807789738802853,0.6840182648401827,0.6902417188898836,0.6902417188898836,0.6980428704566636,0.6705461056401074,0.7099373321396598,0.2527585851249876,0.214031642646289
A,n0,n1,0.6465008507729089,0.6120706662696024,0.2122054688094019,0.6294117647058823,0.6051924798567592,0.6051924798567592,0.5930324623911323,0.6705461056401074,0.5398388540734109,0.3308881653772795,0.3019345093380197
A,n0,n2,0.4674947042091418,0.4821670100846329,-0.0475305187960674,0.5623123123123123,0.4780662488809311,0.4780662488809311,0.4841628959276018,0.6705461056401074,0.2855863921217547,0.4508992790008944,0.4247910091447103
A,n0,n3,0.5648370707764515,0.5514868800023754,0.0843609746858329,0.5935023771790808,0.540734109221128,0.540734109221128,0.5323383084577115,0.6705461056401074,0.4109221128021486,0.3884471819552024,0.3607843003414123
A,n0,n5,0.4942016800661062,0.4985421908303318,-0.0038147798893304,0.5719740358915617,0.4982094897045658,0.4982094897045658,0.4986684420772304,0.6705461056401074,0.3258728737690242,0.4325686341692893,0.4046857641597372
B,n0,n0,0.7542360315751762,0.7437258081170239,0.3807789738802853,0.6840182648401827,0.6902417188898836,0.6902417188898836,0.6980428704566636,0.6705461056401074,0.7099373321396598,0.2527585851249876,0.214031642646289
B,n1,n0,0.6663102744353762,0.6346472848545388,0.2437991988988791,0.6016949152542372,0.621307072515667,0.621307072515667,0.634558093346574,0.5720680393912265,0.6705461056401074,0.3010152497284428,0.2534466194998764
B,n2,n0,0.4702181392959303,0.4733340723187036,-0.0462903757366846,0.4302439024390244,0.477170993733214,0.477170993733214,0.472668810289389,0.3948075201432408,0.5595344673231871,0.2756232057834198,0.1312584529560364
B,n3,n0,0.5926364662988934,0.5667379976639288,0.145116255210742,0.5343065693430656,0.571620411817368,0.571620411817368,0.5852878464818764,0.4914950760966876,0.6517457475380484,0.2489421456979305,0.0733382506782637
B,n5,n0,0.4782586045080144,0.4755439727906247,-0.0337739025034998,0.5293637846655791,0.4834377797672337,0.4834377797672337,0.4861423220973783,0.5810205908683975,0.3858549686660698,0.264763221156339,0.0980638688787433
