feature_source,model,experiment,trained_on,evaluated_on,ROC-AUC,PR-AUC,MCC
degree,logistic_regression,A_train_n0_eval_swap,n0,n0,0.9624269349172752,0.9649574190377882,0.7790996180170928
degree,logistic_regression,A_train_n0_eval_swap,n0,n1,0.8089247400594218,0.767742864136716,0.4863084841801697
degree,logistic_regression,A_train_n0_eval_swap,n0,n2,0.5024849942573829,0.5054837414710932,0.0187008081060937
degree,logistic_regression,A_train_n0_eval_swap,n0,n3,0.699635486086677,0.649555925153098,0.3325842420567118
degree,logistic_regression,A_train_n0_eval_swap,n0,n5,0.501213844155074,0.5015954207252189,0.0290469099896338
degree,logistic_regression,B_train_each_eval_n0,n0,n0,0.9624269349172752,0.9649574190377882,0.7790996180170928
degree,logistic_regression,B_train_each_eval_n0,n1,n0,0.9627226816939156,0.9652350494729586,0.7474026551526486
degree,logistic_regression,B_train_each_eval_n0,n2,n0,0.8688932097662158,0.8838733839257088,0.5413759780165545
degree,logistic_regression,B_train_each_eval_n0,n3,n0,0.950255632613576,0.9546534670680448,0.7092909810496528
degree,logistic_regression,B_train_each_eval_n0,n5,n0,0.9327448586947548,0.949756996458776,0.5818605058221217
degree,random_forest,A_train_n0_eval_swap,n0,n0,0.9663325556288466,0.9691338224263012,0.8036513245827119
degree,random_forest,A_train_n0_eval_swap,n0,n1,0.8160711523464582,0.7725198939995431,0.4959475661841148
degree,random_forest,A_train_n0_eval_swap,n0,n2,0.5037529384325742,0.5025033495629379,0.0108255289854833
degree,random_forest,A_train_n0_eval_swap,n0,n3,0.7043778537760612,0.6487152761208825,0.3211426509637873
degree,random_forest,A_train_n0_eval_swap,n0,n5,0.5038062369709119,0.5015301117186155,0.0024241444809894
degree,random_forest,B_train_each_eval_n0,n0,n0,0.9663325556288466,0.9691338224263012,0.8036513245827119
degree,random_forest,B_train_each_eval_n0,n1,n0,0.9627322994752698,0.9650043478011316,0.7848091295805232
degree,random_forest,B_train_each_eval_n0,n2,n0,0.797449123940341,0.6884778486300677,0.3011371767423358
degree,random_forest,B_train_each_eval_n0,n3,n0,0.8998448331274862,0.868175464350945,0.7036933883722566
degree,random_forest,B_train_each_eval_n0,n5,n0,0.7735048557773612,0.6650381671754085,0.2671265818194397
length,logistic_regression,A_train_n0_eval_swap,n0,n0,0.5403425853718355,0.5320295671591632,0.0638849957892292
length,logistic_regression,A_train_n0_eval_swap,n0,n1,0.5108861262702484,0.5136985942022674,0.0281121468954677
length,logistic_regression,A_train_n0_eval_swap,n0,n2,0.506111298568794,0.5090902733065745,0.0190166767663442
length,logistic_regression,A_train_n0_eval_swap,n0,n3,0.5093180271686293,0.5134431597614373,0.0199249861349521
length,logistic_regression,A_train_n0_eval_swap,n0,n5,0.5085830683768151,0.5115458630362617,0.0117595833532909
length,logistic_regression,B_train_each_eval_n0,n0,n0,0.5403425853718355,0.5320295671591632,0.0638849957892292
length,logistic_regression,B_train_each_eval_n0,n1,n0,0.5348115596114096,0.5291367284413724,0.0607061149280237
length,logistic_regression,B_train_each_eval_n0,n2,n0,0.490415880880572,0.4946002276669343,-0.0055369593587511
length,logistic_regression,B_train_each_eval_n0,n3,n0,0.4636447864812465,0.470266423287246,-0.0541721157468631
length,logistic_regression,B_train_each_eval_n0,n5,n0,0.4725115794080095,0.4739584874970214,-0.0136822762949016
length,random_forest,A_train_n0_eval_swap,n0,n0,0.5513092605609251,0.5453928198453787,0.0555220417437468
length,random_forest,A_train_n0_eval_swap,n0,n1,0.5243065379273201,0.5232492306186604,0.0304386872204104
length,random_forest,A_train_n0_eval_swap,n0,n2,0.50054420612829,0.4987653640564661,-0.0008957204701398
length,random_forest,A_train_n0_eval_swap,n0,n3,0.5139381688866376,0.5084241178678204,0.0053733421319295
length,random_forest,A_train_n0_eval_swap,n0,n5,0.4934735338694177,0.4923481482090874,-0.0251071098222247
length,random_forest,B_train_each_eval_n0,n0,n0,0.5513092605609251,0.5453928198453787,0.0555220417437468
length,random_forest,B_train_each_eval_n0,n1,n0,0.5289078448235097,0.5228225022043868,0.0331270425383852
length,random_forest,B_train_each_eval_n0,n2,n0,0.5059734437027176,0.4927579180441432,0.0107624400500126
length,random_forest,B_train_each_eval_n0,n3,n0,0.5044618490665542,0.4958773627357776,0.021617586575014
length,random_forest,B_train_each_eval_n0,n5,n0,0.4777937450758963,0.4812467324071161,-0.0253250283155132
