negative_set,negative_set_label,model,roc_auc_mean,roc_auc_std,pr_auc_mean,pr_auc_std,mcc_mean,mcc_std,n_seeds
n0,N0 (original),attention_fusion,0.6383773946000713,0.010303762513998713,0.6244602669846884,0.006697516742050755,0.178038577001504,0.040759582605719345,5
n0,N0 (original),cross_interaction,0.6375255642906731,0.023231871979206658,0.6143335362593739,0.023589387168689333,0.16560390190433544,0.038580445496250275,5
n0,N0 (original),logistic_regression,0.604124059515545,0.0,0.5499738099980601,0.0,0.1700579358532811,0.0,5
n0,N0 (original),mlp,0.613381616226054,0.011840591096298937,0.5823606639478873,0.019716961541501935,0.15103869863766364,0.013780687664288875,5
n0,N0 (original),random_forest,0.6268120156856859,0.004861975955239197,0.5901125897158322,0.005372156507726861,0.18333429322980838,0.017088486694625635,5
n0,N0 (original),siamese_mlp,0.6295645158264068,0.018008645466531043,0.6129337008108047,0.01720384859098174,0.2035741819498309,0.036250622812717986,5
n2,N2 (degree-matched),attention_fusion,0.5249210722113856,0.018167788159358156,0.5171488799384371,0.0212568541747256,0.03671939969579329,0.04308491724461998,5
n2,N2 (degree-matched),cross_interaction,0.5074544028635202,0.00961387902666324,0.5050487568022768,0.004901175392315288,0.005546417369844398,0.019874670939534423,5
n2,N2 (degree-matched),logistic_regression,0.4998290735787971,0.0,0.5046883127025268,0.0,-0.013452914798206279,0.0,5
n2,N2 (degree-matched),mlp,0.5149309256168433,0.01585034989508392,0.5156703660687412,0.013716385031122751,0.015883641373324424,0.03493022095554204,5
n2,N2 (degree-matched),random_forest,0.5135635142472199,0.02690872536819888,0.5120526437095277,0.013018412622737606,0.03863806287206302,0.048047949143354994,5
n2,N2 (degree-matched),siamese_mlp,0.512722958434716,0.008990151563844036,0.5204244299190399,0.012690955055570113,0.004135548125027229,0.028075453398567783,5
