split,negative_set,representation,model,source,n,auc_original,auc_inverted,mean_probability_positive,mean_probability_negative,median_probability_positive,median_probability_negative,iqr_probability_positive,iqr_probability_negative,cohens_d_positive_minus_negative,ordering
R0,N0,aac_ctd,MLP,results/negative_bias_revalidation/random__n0__aac_ctd/predictions.csv,2234,0.719737049857777,0.2802629501422229,0.6721387211936225,0.39260627794333264,0.8096282050197552,0.2770608893027291,0.5523372212261525,0.7328256086241106,0.7982906417528405,positive
R0,N0,esm2_mean,MLP,results/negative_bias_revalidation/random__n0__esm2_mean/predictions.csv,2234,0.7542360315751762,0.24576396842482381,0.6611161499605339,0.3063339511113576,0.9038554243291976,0.078373121074109,0.7498480965941974,0.6548803005894145,0.9205029877080275,positive
R0,N2,aac_ctd,MLP,results/negative_bias_revalidation/random__n2__aac_ctd/predictions.csv,2234,0.455105398861415,0.544894601138585,0.46111551459819966,0.4847605782942544,0.4530189840965797,0.4759591776279646,0.1844919562247186,0.19601800950346143,-0.17026657396256806,reversed_material
R0,N2,esm2_mean,MLP,results/negative_bias_revalidation/random__n2__esm2_mean/predictions.csv,2234,0.46273951281128556,0.5372604871887144,0.4738441923744652,0.49261566637624565,0.4709575110659377,0.4861423566206025,0.17116206036328857,0.18540329330918115,-0.1394751028949053,reversed_material
R0,N5,aac_ctd,MLP,results/negative_bias_revalidation/random__n5__aac_ctd/predictions.csv,2234,0.4461728844287318,0.5538271155712682,0.47229736456124505,0.498577300692497,0.4697093208795443,0.4933185315146274,0.19150501262041902,0.18612164120656027,-0.19157012977588656,reversed_material
R0,N5,esm2_mean,MLP,results/negative_bias_revalidation/random__n5__esm2_mean/predictions.csv,2234,0.4628372935883862,0.5371627064116138,0.5214947843814728,0.5337919227845114,0.5185640491517743,0.5337697314291501,0.12562584899575702,0.12333996120741647,-0.12630693420244438,reversed_material
R3,N0,aac_ctd,MLP,results/negative_bias_revalidation/both_unseen__n0__aac_ctd/predictions.csv,462,0.5874064206240501,0.41259357937594987,0.5355401257678511,0.45787399865505796,0.5598671826244409,0.492580482886842,0.35083027112672194,0.42174999205752234,0.3161732506993362,positive
R3,N0,esm2_mean,MLP,results/negative_bias_revalidation/both_unseen__n0__esm2_mean/predictions.csv,462,0.6167514118993564,0.38324858810064355,0.5270561177992862,0.39222190883249075,0.5413520179376986,0.2617567237760943,0.7112260094613796,0.6739337185632501,0.3809574807156278,positive
R3,N2,aac_ctd,MLP,results/negative_bias_revalidation/both_unseen__n2__aac_ctd/predictions.csv,446,0.517263568541495,0.4827364314585051,0.48778773794026536,0.4779108476691277,0.4824137446626339,0.4849304429554539,0.11555268781554107,0.14358948574808816,0.09912834426206993,near_chance
R3,N2,esm2_mean,MLP,results/negative_bias_revalidation/both_unseen__n2__esm2_mean/predictions.csv,446,0.5165597538659534,0.48344024613404657,0.46737028595002217,0.46044502965711476,0.4673415225714683,0.457906526027728,0.1626939769231165,0.18919647027140185,0.05462835330951042,near_chance
R3,N5,aac_ctd,MLP,results/negative_bias_revalidation/both_unseen__n5__aac_ctd/predictions.csv,445,0.4617622106411344,0.5382377893588655,0.5592249824153438,0.5687862672968411,0.5613288547061767,0.5838350021362895,0.11321061025760026,0.12257787023982558,-0.09600205476557291,reversed_material
R3,N5,esm2_mean,MLP,results/negative_bias_revalidation/both_unseen__n5__esm2_mean/predictions.csv,445,0.507433442411021,0.49256655758897916,0.5196971359517912,0.5103745622497151,0.5295174997464334,0.5137692430327135,0.8896727618853123,0.9089865764073896,0.022864274038303434,near_chance
R3,N2,ESM-2 mean,logistic_regression,results/architecture_ablation/n2__logistic_regression/predictions.csv,446,0.4998290735787971,0.5001709264212029,0.49089819756627523,0.4912047270936325,0.4854901320565875,0.5047936477249352,0.4640464129328575,0.489593316181513,-0.0010697884301677544,near_chance
R3,N2,ESM-2 mean,mlp,results/architecture_ablation/n2__mlp/predictions.csv,446,0.5165597538659534,0.48344024613404657,0.46737028595002217,0.46044502965711476,0.4673415225714683,0.457906526027728,0.1626939769231165,0.18919647027140185,0.05462835330951042,near_chance
