representation,model,roc_auc_mean,roc_auc_std,pr_auc_mean,pr_auc_std,f1_mean,f1_std,mcc_mean,mcc_std,balanced_accuracy_mean,balanced_accuracy_std,accuracy_mean,accuracy_std,precision_mean,precision_std,recall_mean,recall_std,specificity_mean,specificity_std,brier_score_mean,brier_score_std,ece_mean,ece_std
aac,logistic_regression,0.6092177402362001,0.007213111589031649,0.5801647246596535,0.009145265472792598,0.6009768812636157,0.008215640841049197,0.15802676518008327,0.010591689091706874,0.5784731246971695,0.005214470973160672,0.5784660525483662,0.005223287926869909,0.5704109865600885,0.004713148578893849,0.6351876987450383,0.016475246230290473,0.5217585506493007,0.014600484775853928,0.24019661506512197,0.001655028162974401,0.024311917292066765,0.008778530890833207
aac,mlp,0.6306030971163276,0.022352421216503583,0.606383962239653,0.021223531041761348,0.6292395721366034,0.011583132314550632,0.19331610086069012,0.030651153168732962,0.5947932409840748,0.016077463595255845,0.5947691598970798,0.01608671886920819,0.5806030705595824,0.017906662769007212,0.6882334915271641,0.033148346223707166,0.5013529904409854,0.05400184608218375,0.23746002294503438,0.004805366539746812,0.03811197995976253,0.018182617316000967
aac,random_forest,0.6559304238093084,0.00360668410802941,0.6231347189150351,0.00967873247329983,0.6393471338609754,0.011258197972152408,0.2273759563342092,0.013553067658694535,0.6122482295447034,0.006546935068263912,0.6122356971912033,0.00656588660994987,0.5974895744545715,0.006538213319895481,0.6880477020180142,0.026681872098272708,0.5364487570713925,0.024373504082272103,0.23184737250544535,0.00048762426354137636,0.04062382859796653,0.0035890744541846355
aac,xgboost,0.632120220111706,0.0073631959484407915,0.6103682753738157,0.007112745654047178,0.5963286191811372,0.009818991762094633,0.17894901773924582,0.02159731251822169,0.5894002913590229,0.01084045604441809,0.5893953840005007,0.010846927086452247,0.5864555399998944,0.01177248155640418,0.6067002948887028,0.013129395710343593,0.5721002878293431,0.020403952720719556,0.27557190237784085,0.004653611457418858,0.1830826889791784,0.011357007653975385
aac_ctd,logistic_regression,0.6479223336055292,0.02013242338170788,0.6245307246050986,0.015016765974017394,0.6155760758888608,0.016446902928150237,0.20656904376894364,0.029172181668841165,0.6030169938038077,0.014519439729221512,0.603009677258843,0.014519936598278264,0.5965222272544082,0.013537438212735876,0.6360882484124464,0.02310547511800836,0.5699457391951688,0.01789443427773393,0.2357935454303565,0.006870411734822334,0.045957410491509525,0.019040561096837837
aac_ctd,mlp,0.7046856157106611,0.02061313130357711,0.68046835488373,0.020207964753266625,0.6528234543054856,0.02329204334682047,0.29755693377915937,0.03899768679978541,0.6484164572924789,0.01936073371593857,0.6484231316823086,0.019366303091268883,0.6448532968627203,0.022108316181004097,0.6622369185253639,0.040716495577398315,0.6345959960595938,0.03927522134437911,0.2629751193488418,0.02894434394255037,0.1905449233931888,0.0812930735702534
aac_ctd,random_forest,0.7072994616996792,0.014061536585953643,0.6707267096153057,0.012861553620939303,0.6791865576131959,0.014084724701519509,0.31047632035243494,0.02762270528736074,0.6530953687392305,0.013485709753562261,0.6530819477148733,0.013506828393057316,0.6315054421125589,0.01145988725114447,0.7348116274070009,0.02089471084984576,0.57137911007146,0.016262988208609223,0.22313321414749576,0.002243918392900532,0.07268802744859475,0.013511433548573487
aac_ctd,xgboost,0.7064543087551114,0.015109788324331809,0.6782464153921992,0.013675932839502084,0.659013106115497,0.010938949570531995,0.3067794373313828,0.02542477411309442,0.6531749469745831,0.012916002638084912,0.6531702292269589,0.012919404615837071,0.6484461599919509,0.016943218763945868,0.6704902725233681,0.019906069718534,0.6358596214257981,0.03249794571009009,0.24555061475950019,0.00946845532643177,0.15640452343609618,0.012512427314902985
ctd,logistic_regression,0.6438163865746714,0.018326665013741538,0.6182011182650783,0.01497841328381216,0.6189300703665618,0.017386967273119412,0.2075682040864762,0.03017755058220966,0.6033758178428522,0.014988166996953812,0.6033673778946305,0.014988769805624417,0.5953694383075687,0.01353034928861133,0.6446873505902587,0.025443203718877396,0.5620642850954457,0.01892578615825786,0.23625621128306765,0.006551376722946497,0.042316896131693385,0.015615640825961525
ctd,mlp,0.7062013305432187,0.009156366903598067,0.678973251352404,0.006215589652499252,0.6622862068828979,0.013957433212486606,0.30607321794013453,0.014498714204014058,0.6524692516757957,0.007002139042161917,0.652453704372503,0.00699792095750194,0.644116186584019,0.01070391459836584,0.682679861251496,0.03574708506433833,0.6222586421000953,0.03315931335001904,0.24922889696907768,0.021963561510570776,0.1577019617321778,0.056832203656483886
ctd,random_forest,0.703819522328284,0.011345016434435353,0.6680823837270978,0.01216715064188329,0.6756251341422809,0.004815637401309819,0.30271229157327423,0.013458097037326724,0.6493312058990577,0.007024530155810438,0.6493187074944583,0.007021674207184503,0.628491395419602,0.007978355552263717,0.7305131191780339,0.007791513750178206,0.5681492926200813,0.01675489709221145,0.22353953730143572,0.0017455498139002964,0.06719302244330054,0.007962156545668477
ctd,xgboost,0.6987993353977532,0.017588546502727707,0.6698513179841863,0.020402309352770393,0.6519799369939122,0.0125099719079326,0.28758719783810627,0.02738157768542599,0.6435920267742257,0.013760168681399027,0.6435860672512508,0.013764800730694735,0.6370433148462946,0.014947910806661364,0.6678006565204416,0.01481906199665314,0.6193833970280096,0.022354944999712353,0.25016699215123994,0.011171070064469484,0.16375721213554156,0.014958871776339654
physicochemical,logistic_regression,0.5882676674016198,0.003946556385778883,0.5583106226010389,0.0026817400049271773,0.5889454683436949,0.015606672380062636,0.12222189020277334,0.02590299819178027,0.5604753676482386,0.012653061899163875,0.5604640477554826,0.01265949304949592,0.5528596148878815,0.010251321060842578,0.6301742699178227,0.022794611556097546,0.49077646537865444,0.007209812822558646,0.24201320085303757,0.001074842757680706,0.027847828519305597,0.008457519280229914
physicochemical,mlp,0.6106446454958796,0.013861199607934388,0.5884764647507351,0.014046717736313363,0.6165827708146712,0.03436521543774085,0.15547953562747135,0.03408684156231232,0.5749009283057858,0.015034357231739506,0.5748844716030478,0.015040102204876718,0.5606233612277446,0.008734782496249005,0.6880501086178736,0.07483722783593459,0.46175174799369795,0.050165396775296925,0.24011423056474035,0.0021026779523366386,0.039899805565145184,0.020781329872893408
physicochemical,random_forest,0.6170857128481622,0.0053404983776834,0.5876958075753833,0.005749256818823593,0.6165745464196236,0.00548610866738556,0.16888799599331927,0.013903979371671468,0.5831392811646661,0.007006653968650003,0.5831244673013305,0.007001679041535193,0.5707507486753601,0.00678547357996222,0.6704902725233681,0.009028147854134186,0.4957882898059639,0.01530991736496158,0.23667856604429094,0.0010216027418274909,0.022362514385873673,0.00623467442254805
physicochemical,xgboost,0.5898248933502478,0.009328770265839718,0.5730623543844737,0.015759233033008937,0.5683035585374079,0.005558276898814369,0.11800236690132129,0.014111720080471188,0.5589423635377659,0.0070680324421685346,0.5589396668095222,0.007059032477703253,0.5564475461189244,0.007021955049207246,0.5807212098458814,0.006539558998227237,0.5371635172296505,0.012818932636431354,0.2903060201420947,0.005624451040348764,0.1970212167225373,0.009272477462028729
