negative_set,negative_set_label,model,n_train,n_test,roc_auc,pr_auc,f1,mcc,balanced_accuracy,accuracy,precision,recall,specificity,brier_score,ece
n0,N0 (original),logistic_regression,5703,462,0.604124059515545,0.5499738099980601,0.5463182897862233,0.1700579358532811,0.5842073662682703,0.5865800865800865,0.5808080808080808,0.515695067264574,0.6527196652719666,0.33258862163439507,0.29098502875092513
n0,N0 (original),random_forest,5703,462,0.6322213257781865,0.5883226036431165,0.5982532751091703,0.20421599563064283,0.6021539673902847,0.6017316017316018,0.5829787234042553,0.6143497757847534,0.5899581589958159,0.23646192881192882,0.03123376623376624
n0,N0 (original),mlp,5703,462,0.6167514118993564,0.5725612848405189,0.5441860465116279,0.14881114485045846,0.5740473197365705,0.5757575757575758,0.5652173913043478,0.5246636771300448,0.6234309623430963,0.31227538915611275,0.253148977975137
n0,N0 (original),siamese_mlp,5703,462,0.6511623543539036,0.6306025096103779,0.5727923627684964,0.22256241149571576,0.610062480064544,0.6125541125541125,0.6122448979591837,0.5381165919282511,0.6820083682008368,0.2828067086633699,0.21536438891188409
n0,N0 (original),attention_fusion,5703,462,0.6244816781432352,0.6171805044952653,0.56,0.14236418613575255,0.5712141396326247,0.5714285714285714,0.5550660792951542,0.5650224215246636,0.5774058577405857,0.2596767310872446,0.1472125147747529
n0,N0 (original),cross_interaction,5703,462,0.6132427716381785,0.5961115402076246,0.5737704918032787,0.1058804419513076,0.5523950691408522,0.5497835497835498,0.5283018867924528,0.6278026905829597,0.4769874476987448,0.2565491672071737,0.1404744665989112
n2,N2 (degree-matched),logistic_regression,5738,446,0.4998290735787971,0.5046883127025268,0.49327354260089684,-0.013452914798206279,0.49327354260089684,0.49327354260089684,0.49327354260089684,0.49327354260089684,0.49327354260089684,0.3319662722252585,0.2554811533517191
n2,N2 (degree-matched),random_forest,5738,446,0.5184298900038207,0.49762024326519827,0.5470459518599562,0.07183632779204871,0.5358744394618834,0.5358744394618834,0.5341880341880342,0.5605381165919282,0.5112107623318386,0.25069892874937716,0.0224289985052317
n2,N2 (degree-matched),mlp,5738,446,0.5165597538659534,0.5049139679021555,0.4433249370277078,0.009193289141911526,0.5044843049327354,0.5044843049327354,0.5057471264367817,0.39461883408071746,0.6143497757847534,0.2638506782421575,0.10516483205718556
n2,N2 (degree-matched),siamese_mlp,5738,446,0.5118542500351906,0.5094190091758367,0.13740458015267176,-0.023811773705471145,0.49327354260089684,0.49327354260089684,0.46153846153846156,0.08071748878923767,0.905829596412556,0.2506033684849791,0.029855098692290985
n2,N2 (degree-matched),attention_fusion,5738,446,0.5473466186732088,0.5441332610773508,0.5120772946859904,0.09515519879175735,0.547085201793722,0.547085201793722,0.5549738219895288,0.47533632286995514,0.6188340807174888,0.24989624754679113,0.03252584323487473
n2,N2 (degree-matched),cross_interaction,5738,446,0.49329365159162664,0.5000903404712407,0.1450381679389313,-0.007937257901823716,0.4977578475336323,0.4977578475336323,0.48717948717948717,0.08520179372197309,0.9103139013452914,0.25240121390140624,0.0391083310938737
