negative_set,model,mcc_at_0.5_raw,mcc_at_0.5_platt,mcc_at_0.5_isotonic,mcc_raw_vs_calibrated_max_abs_diff,precision_at_recall_0.5,recall_at_precision_0.5
n0,logistic_regression,0.1526682980347097,0.14406391200969665,0.1526682980347097,0.008604386025013039,0.5803108808290155,0.9461883408071748
n0,random_forest,0.2083845413957688,0.2238471461865041,0.19291934013924045,0.015465201256528366,0.6129032258064516,0.968609865470852
n0,mlp,0.13369968159159268,0.13369968159159268,0.16121167515262466,0.027511993561031983,0.5685279187817259,0.9955156950672646
n0,siamese_mlp,0.17890877376535394,0.17890877376535394,0.20502160867905267,0.02611283491369873,0.64,0.9461883408071748
n0,attention_fusion,0.20537290079596518,0.20537290079596518,0.19197247721635927,0.013400423579605913,0.5863874345549738,0.9641255605381166
n0,cross_interaction,0.1887059743588895,0.2334762005379159,0.16934587650130192,0.0447702261790264,0.5894736842105263,0.9730941704035875
n2,logistic_regression,0.026938622922018266,-0.02245405828099402,0.015353757178626855,0.04939268120301228,0.49777777777777776,1.0
n2,random_forest,0.013466461459307856,0.026912595260943938,0.0,0.013466461459307856,0.5488372093023256,1.0
n2,mlp,0.03588346034792525,-0.04035874439461883,0.030289126640769135,0.07624220474254409,0.5233644859813084,1.0
n2,siamese_mlp,0.025484676465969063,0.01842555110783847,0.0,0.025484676465969063,0.5283018867924528,1.0
n2,attention_fusion,0.06510008528116758,0.01369805893232685,0.006354491949685912,0.05874559333148167,0.5410628019323671,1.0
n2,cross_interaction,0.06500270850261591,-0.013487676208157162,0.025697404393439864,0.07849038471077308,0.5045045045045045,1.0
