feature_source,model,experiment,trained_on,evaluated_on,roc_auc,pr_auc,f1,mcc,balanced_accuracy,accuracy,precision,recall,specificity
degree,logistic_regression,A_train_n0_eval_swap,n0,n0,0.9624269349172752,0.9649574190377882,0.8880833710919801,0.7790996180170928,0.8894359892569382,0.8894359892569382,0.8990825688073395,0.8773500447627574,0.9015219337511191
degree,logistic_regression,A_train_n0_eval_swap,n0,n1,0.8089247400594218,0.767742864136716,0.7665232694563943,0.4863084841801697,0.7327663384064458,0.7327663384064458,0.6805555555555556,0.8773500447627574,0.5881826320501343
degree,logistic_regression,A_train_n0_eval_swap,n0,n2,0.5024849942573829,0.5054837414710932,0.6398955272608554,0.018700808106093793,0.5062667860340196,0.5062667860340196,0.5035971223021583,0.8773500447627574,0.135183527305282
degree,logistic_regression,A_train_n0_eval_swap,n0,n3,0.699635486086677,0.649555925153098,0.7135056425191117,0.33258424205671183,0.6477170993733214,0.6477170993733214,0.6012269938650306,0.8773500447627574,0.41808415398388543
degree,logistic_regression,A_train_n0_eval_swap,n0,n5,0.501213844155074,0.5015954207252189,0.6415711947626841,0.029046909989633843,0.509847806624888,0.509847806624888,0.5056759545923633,0.8773500447627574,0.1423455684870188
degree,logistic_regression,B_train_each_eval_n0,n0,n0,0.9624269349172752,0.9649574190377882,0.8880833710919801,0.7790996180170928,0.8894359892569382,0.8894359892569382,0.8990825688073395,0.8773500447627574,0.9015219337511191
degree,logistic_regression,B_train_each_eval_n0,n1,n0,0.9627226816939157,0.9652350494729586,0.8417818740399385,0.7474026551526486,0.8616830796777082,0.8616830796777082,0.9832535885167464,0.7358997314234557,0.9874664279319606
degree,logistic_regression,B_train_each_eval_n0,n2,n0,0.8688932097662158,0.8838733839257088,0.6731428571428572,0.5413759780165545,0.7439570277529095,0.7439570277529096,0.9304897314375987,0.5273052820053715,0.9606087735004476
degree,logistic_regression,B_train_each_eval_n0,n3,n0,0.9502556326135759,0.9546534670680449,0.8080380750925437,0.7092909810496528,0.8375111906893464,0.8375111906893464,0.9870801033591732,0.683974932855864,0.991047448522829
degree,logistic_regression,B_train_each_eval_n0,n5,n0,0.9327448586947549,0.9497569964587759,0.6741706161137441,0.5818605058221217,0.7538048343777977,0.7538048343777977,0.9964973730297724,0.5094001790510295,0.9982094897045658
degree,random_forest,A_train_n0_eval_swap,n0,n0,0.9663325556288466,0.9691338224263011,0.892278360343184,0.8036513245827119,0.8988361683079678,0.8988361683079678,0.9541284403669725,0.8379588182632051,0.9597135183527306
degree,random_forest,A_train_n0_eval_swap,n0,n1,0.8160711523464582,0.7725198939995431,0.7656441717791411,0.49594756618411484,0.743509400179051,0.743509400179051,0.7048192771084337,0.8379588182632051,0.649059982094897
degree,random_forest,A_train_n0_eval_swap,n0,n2,0.5037529384325742,0.5025033495629379,0.6281879194630873,0.010825528985483328,0.5040286481647269,0.5040286481647269,0.5024154589371981,0.8379588182632051,0.1700984780662489
degree,random_forest,A_train_n0_eval_swap,n0,n3,0.7043778537760612,0.6487152761208825,0.704554008280015,0.32114265096378736,0.6486123545210385,0.6486123545210385,0.6077922077922078,0.8379588182632051,0.459265890778872
degree,random_forest,A_train_n0_eval_swap,n0,n5,0.5038062369709119,0.5015301117186155,0.6267157683294275,0.002424144480989481,0.5008952551477172,0.500895255147717,0.5005347593582887,0.8379588182632051,0.1638316920322292
degree,random_forest,B_train_each_eval_n0,n0,n0,0.9663325556288466,0.9691338224263011,0.892278360343184,0.8036513245827119,0.8988361683079678,0.8988361683079678,0.9541284403669725,0.8379588182632051,0.9597135183527306
degree,random_forest,B_train_each_eval_n0,n1,n0,0.9627322994752698,0.9650043478011315,0.8735177865612648,0.7848091295805232,0.8854073410922113,0.8854073410922113,0.9746416758544653,0.7914055505819159,0.9794091316025068
degree,random_forest,B_train_each_eval_n0,n2,n0,0.797449123940341,0.6884778486300677,0.5839874411302983,0.30113717674233587,0.644136078782453,0.644136078782453,0.7027707808564232,0.4995523724261415,0.7887197851387645
degree,random_forest,B_train_each_eval_n0,n3,n0,0.8998448331274862,0.868175464350945,0.8524297815425769,0.7036933883722566,0.85183527305282,0.85183527305282,0.8490230905861457,0.855863921217547,0.8478066248880931
degree,random_forest,B_train_each_eval_n0,n5,n0,0.7735048557773612,0.6650381671754085,0.544069640914037,0.2671265818194397,0.6248880931065354,0.6248880931065354,0.6934812760055479,0.4476275738585497,0.8021486123545211
length,logistic_regression,A_train_n0_eval_swap,n0,n0,0.5403425853718355,0.5320295671591632,0.480912245909767,0.06388499578922924,0.5313339301700984,0.5313339301700984,0.5388888888888889,0.4341987466427932,0.6284691136974038
length,logistic_regression,A_train_n0_eval_swap,n0,n1,0.5108861262702484,0.5136985942022674,0.4717898832684825,0.02811214689546773,0.5138764547896151,0.5138764547896151,0.516506922257721,0.4341987466427932,0.5935541629364369
length,logistic_regression,A_train_n0_eval_swap,n0,n2,0.506111298568794,0.5090902733065745,0.46950629235237173,0.01901667676634421,0.5094001790510295,0.5094001790510295,0.5110642781875658,0.4341987466427932,0.5846016114592659
length,logistic_regression,A_train_n0_eval_swap,n0,n3,0.5093180271686293,0.5134431597614373,0.46973365617433416,0.0199249861349521,0.509847806624888,0.509847806624888,0.5116033755274262,0.4341987466427932,0.585496866606983
length,logistic_regression,A_train_n0_eval_swap,n0,n5,0.5085830683768151,0.5115458630362617,0.46769527483124396,0.01175958335329094,0.5058191584601611,0.5058191584601611,0.5067920585161965,0.4341987466427932,0.5774395702775291
length,logistic_regression,B_train_each_eval_n0,n0,n0,0.5403425853718355,0.5320295671591632,0.480912245909767,0.06388499578922924,0.5313339301700984,0.5313339301700984,0.5388888888888889,0.4341987466427932,0.6284691136974038
length,logistic_regression,B_train_each_eval_n0,n1,n0,0.5348115596114096,0.5291367284413724,0.49078564500484967,0.0607061149280237,0.5299910474485228,0.5299910474485229,0.5354497354497354,0.4529991047448523,0.6069829901521934
length,logistic_regression,B_train_each_eval_n0,n2,n0,0.490415880880572,0.4946002276669343,0.5516966067864272,-0.005536959358751183,0.49731423455684864,0.4973142345568487,0.4978386167146974,0.6186213070725156,0.37600716204118173
length,logistic_regression,B_train_each_eval_n0,n3,n0,0.4636447864812465,0.47026642328724605,0.5261885576148267,-0.05417211574686318,0.4735899731423456,0.4735899731423456,0.4783882783882784,0.5846016114592659,0.36257833482542523
length,logistic_regression,B_train_each_eval_n0,n5,n0,0.47251157940800953,0.47395848749702146,0.5375816993464052,-0.013682276294901654,0.4932855863921217,0.4932855863921218,0.49436513899323814,0.5890778871978514,0.39749328558639213
length,random_forest,A_train_n0_eval_swap,n0,n0,0.5513092605609251,0.5453928198453787,0.5219755323969189,0.05552204174374684,0.5277529095792302,0.52775290957923,0.5284403669724771,0.5156669650850493,0.5398388540734109
length,random_forest,A_train_n0_eval_swap,n0,n1,0.5243065379273201,0.5232492306186604,0.5154362416107383,0.03043868722041042,0.5152193375111906,0.5152193375111906,0.5152057245080501,0.5156669650850493,0.5147717099373321
length,random_forest,A_train_n0_eval_swap,n0,n2,0.50054420612829,0.4987653640564661,0.507488986784141,-0.0008957204701398236,0.4995523724261415,0.4995523724261415,0.49956634865568084,0.5156669650850493,0.4834377797672337
length,random_forest,A_train_n0_eval_swap,n0,n3,0.5139381688866376,0.5084241178678204,0.5090587715422006,0.005373342131929562,0.5026857654431514,0.5026857654431512,0.5026178010471204,0.5156669650850493,0.4897045658012534
length,random_forest,A_train_n0_eval_swap,n0,n5,0.4934735338694177,0.49234814820908746,0.501523726599913,-0.025107109822224725,0.4874664279319606,0.4874664279319606,0.488135593220339,0.5156669650850493,0.459265890778872
length,random_forest,B_train_each_eval_n0,n0,n0,0.5513092605609251,0.5453928198453787,0.5219755323969189,0.05552204174374684,0.5277529095792302,0.52775290957923,0.5284403669724771,0.5156669650850493,0.5398388540734109
length,random_forest,B_train_each_eval_n0,n1,n0,0.5289078448235097,0.5228225022043868,0.5195729537366548,0.03312704253838524,0.5165622202327664,0.5165622202327663,0.5163572060123784,0.5228290062667861,0.5102954341987467
length,random_forest,B_train_each_eval_n0,n2,n0,0.5059734437027176,0.49275791804414326,0.4900784494693124,0.010762440050012628,0.5053715308863026,0.5053715308863026,0.5057142857142857,0.4753804834377798,0.5353625783348255
length,random_forest,B_train_each_eval_n0,n3,n0,0.5044618490665542,0.49587736273577765,0.48223590715300807,0.021617586575014044,0.5107430617726052,0.5107430617726052,0.5120724346076458,0.4556848701880036,0.5658012533572068
length,random_forest,B_train_each_eval_n0,n5,n0,0.4777937450758963,0.48124673240711613,0.44819277108433736,-0.02532502831551329,0.4874664279319606,0.4874664279319606,0.48538622129436326,0.41629364368845123,0.55863921217547
