split,split_label,variant,subset,n_test,roc_auc,pr_auc,f1,mcc,balanced_accuracy,accuracy,precision,recall,specificity
random,Random (R0),n_terminal,overall,2233,0.7304840795397297,0.7161700878463142,0.674218396012687,0.3561059846810357,0.6780065652044166,0.6780116435288849,0.6819431714023831,0.6666666666666666,0.6893464637421666
random,Random (R0),n_terminal,affected_pairs,481,0.691545643153527,0.6722490688156161,0.6464646464646465,0.27266306861532535,0.6361168741355463,0.6361746361746362,0.6299212598425197,0.6639004149377593,0.6083333333333333
random,Random (R0),n_terminal,unaffected_pairs,1752,0.741345496009122,0.7291621117047808,0.6822429906542056,0.37932096671500576,0.6894725525329859,0.6894977168949772,0.6977299880525687,0.6674285714285715,0.7115165336374002
random,Random (R0),c_terminal,overall,2233,0.7204509647256636,0.7110746464603015,0.6491625169760072,0.30592492421492085,0.6529285913689702,0.6529332736229287,0.6559926806953339,0.6424731182795699,0.6633840644583706
random,Random (R0),c_terminal,affected_pairs,481,0.6969398340248962,0.6798091471873514,0.639344262295082,0.2682336433169484,0.6340681189488244,0.6340956340956341,0.631578947368421,0.6473029045643154,0.6208333333333333
random,Random (R0),c_terminal,unaffected_pairs,1752,0.7266942498778302,0.7202491375073201,0.6519465427077281,0.3163567278345319,0.6580856817071183,0.6581050228310502,0.6631205673758865,0.6411428571428571,0.6750285062713797
random,Random (R0),full,overall,2233,0.7338340665440904,0.7272285289088489,0.675,0.34797327660269267,0.6739827302394086,0.6739811912225705,0.6725978647686833,0.6774193548387096,0.6705461056401074
random,Random (R0),full,affected_pairs,481,0.709405255878285,0.6976309853472111,0.6762886597938145,0.34720061050698886,0.673582295988935,0.6735966735966736,0.6721311475409836,0.6804979253112033,0.6666666666666666
random,Random (R0),full,unaffected_pairs,1752,0.740437204756475,0.7345831670984623,0.6746438746438747,0.3481825852837934,0.674089591138622,0.6740867579908676,0.6727272727272727,0.6765714285714286,0.6716077537058153
random,Random (R0),segment_mean,overall,2233,0.7331505921840055,0.7213942073589761,0.6618769645262685,0.32557275762711413,0.6627844199933899,0.6627854903716973,0.6633663366336634,0.660394265232975,0.6651745747538048
random,Random (R0),segment_mean,affected_pairs,481,0.7077109266943291,0.6859476520743117,0.6191446028513238,0.22254527033013835,0.6111860304287691,0.6112266112266113,0.608,0.6307053941908713,0.5916666666666667
random,Random (R0),segment_mean,unaffected_pairs,1752,0.7400814464896562,0.7308727886761621,0.673963133640553,0.3539138507826818,0.6769310962697508,0.6769406392694064,0.6794425087108014,0.6685714285714286,0.685290763968073
both_unseen,Both-unseen (R3),n_terminal,overall,462,0.6167514118993564,0.5725612848405189,0.5441860465116279,0.14881114485045846,0.5740473197365705,0.5757575757575758,0.5652173913043478,0.5246636771300448,0.6234309623430963
both_unseen,Both-unseen (R3),n_terminal,affected_pairs,119,0.6015822784810126,0.40965166630952027,0.49019607843137253,0.1481250073960491,0.5783227848101266,0.5630252100840336,0.4032258064516129,0.625,0.5316455696202531
both_unseen,Both-unseen (R3),n_terminal,unaffected_pairs,343,0.6415642076502732,0.6467639193890884,0.5609756097560976,0.17317615343817916,0.5857411202185792,0.5801749271137027,0.6344827586206897,0.5027322404371585,0.66875
both_unseen,Both-unseen (R3),c_terminal,overall,462,0.6145936919526428,0.5694693708642019,0.5669642857142857,0.15942301388198518,0.5797324427266075,0.5800865800865801,0.5644444444444444,0.5695067264573991,0.5899581589958159
both_unseen,Both-unseen (R3),c_terminal,affected_pairs,119,0.6139240506329113,0.42087830027109574,0.5046728971962616,0.1606366337225375,0.5843354430379747,0.5546218487394958,0.40298507462686567,0.675,0.4936708860759494
both_unseen,Both-unseen (R3),c_terminal,unaffected_pairs,343,0.6379781420765027,0.641736184703346,0.5865102639296188,0.1841053483712757,0.5919740437158469,0.5889212827988338,0.6329113924050633,0.546448087431694,0.6375
both_unseen,Both-unseen (R3),full,overall,462,0.6138056551025386,0.5744486642961955,0.535796766743649,0.12732505330704658,0.5634369664333827,0.564935064935065,0.5523809523809524,0.5201793721973094,0.606694560669456
both_unseen,Both-unseen (R3),full,affected_pairs,119,0.6031645569620253,0.41696834702218705,0.4444444444444444,0.07713909397822327,0.5408227848101266,0.5378151260504201,0.3728813559322034,0.55,0.5316455696202531
both_unseen,Both-unseen (R3),full,unaffected_pairs,343,0.6313524590163935,0.6441656966946462,0.562874251497006,0.15819111382496004,0.5787056010928961,0.5743440233236151,0.6225165562913907,0.5136612021857924,0.64375
both_unseen,Both-unseen (R3),segment_mean,overall,462,0.6150252359419854,0.5749312501922348,0.5496535796766744,0.15342273504078904,0.576439574460101,0.577922077922078,0.5666666666666667,0.5336322869955157,0.6192468619246861
both_unseen,Both-unseen (R3),segment_mean,affected_pairs,119,0.6012658227848102,0.4268863872595092,0.49019607843137253,0.1481250073960491,0.5783227848101266,0.5630252100840336,0.4032258064516129,0.625,0.5316455696202531
both_unseen,Both-unseen (R3),segment_mean,unaffected_pairs,343,0.6408811475409835,0.6510380847449523,0.56797583081571,0.17743841043214004,0.5880806010928962,0.5830903790087464,0.6351351351351351,0.5136612021857924,0.6625
