representation,model,brier_score_mean,brier_score_std,ece_mean,ece_std
aac,logistic_regression,0.24019661506512197,0.001655028162974401,0.024311917292066765,0.008778530890833207
aac,mlp,0.23746002294503438,0.004805366539746812,0.03811197995976253,0.018182617316000967
aac,random_forest,0.23184737250544535,0.00048762426354137636,0.04062382859796653,0.0035890744541846355
aac,xgboost,0.27557190237784085,0.004653611457418858,0.1830826889791784,0.011357007653975385
aac_ctd,logistic_regression,0.2357935454303565,0.006870411734822334,0.045957410491509525,0.019040561096837837
aac_ctd,mlp,0.2629751193488418,0.02894434394255037,0.1905449233931888,0.0812930735702534
aac_ctd,random_forest,0.22313321414749576,0.002243918392900532,0.07268802744859475,0.013511433548573487
aac_ctd,xgboost,0.24555061475950019,0.00946845532643177,0.15640452343609618,0.012512427314902985
ctd,logistic_regression,0.23625621128306765,0.006551376722946497,0.042316896131693385,0.015615640825961525
ctd,mlp,0.24922889696907768,0.021963561510570776,0.1577019617321778,0.056832203656483886
ctd,random_forest,0.22353953730143572,0.0017455498139002964,0.06719302244330054,0.007962156545668477
ctd,xgboost,0.25016699215123994,0.011171070064469484,0.16375721213554156,0.014958871776339654
physicochemical,logistic_regression,0.24201320085303757,0.001074842757680706,0.027847828519305597,0.008457519280229914
physicochemical,mlp,0.24011423056474035,0.0021026779523366386,0.039899805565145184,0.020781329872893408
physicochemical,random_forest,0.23667856604429094,0.0010216027418274909,0.022362514385873673,0.00623467442254805
physicochemical,xgboost,0.2903060201420947,0.005624451040348764,0.1970212167225373,0.009272477462028729
