protein_id	cluster_id	representative_id
P09064	P09064	P09064
P09119	P09119	P09119
P09232	P09232	P09232
P09440	P09440	P09440
P09457	P09457	P09457
P09734	P09734	P09734
P09733	P09734	P09734
P02557	P09734	P09734
P53378	P09734	P09734
P09798	P09798	P09798
P09938	P09938	P09938
P09959	P09959	P09959
P10355	P10355	P10355
P10363	P10363	P10363
P10507	P10507	P10507
P07256	P10507	P10507
P11914	P10507	P10507
P10622	P10622	P10622
P05318	P10622	P10622
P10659	P10659	P10659
P19358	P10659	P10659
P10823	P10823	P10823
P08539	P10823	P10823
P10834	P10834	P10834
P10862	P10862	P10862
P10863	P10863	P10863
P10869	P10869	P10869
P10961	P10961	P10961
P11075	P11075	P11075
P11433	P11433	P11433
P11709	P11709	P11709
P11710	P11710	P11710
P11745	P11745	P11745
P11746	P11746	P11746
P11747	P11747	P11747
P11927	P11927	P11927
P11938	P11938	P11938
P11972	P11972	P11972
P11978	P11978	P11978
P12294	P12294	P12294
P12385	P12385	P12385
P12611	P12611	P12611
Q01852	Q01852	Q01852
Q02100	Q02100	Q02100
Q02196	Q02196	Q02196
Q02197	Q02197	Q02197
Q02199	Q02199	Q02199
Q02204	Q02204	Q02204
Q02205	Q02205	Q02205
Q02206	Q02206	Q02206
Q02208	Q02208	Q02208
Q02256	Q02256	Q02256
Q02260	Q02260	Q02260
Q02336	Q02336	Q02336
Q02354	Q02354	Q02354
Q02516	Q02516	Q02516
Q02554	Q02554	Q02554
Q02555	Q02555	Q02555
Q02574	Q02574	Q02574
Q02608	Q02608	Q02608
Q02629	Q02629	Q02629
Q02630	Q02629	Q02629
Q02721	Q02721	Q02721
Q02732	Q02732	Q02732
Q02767	Q02767	Q02767
Q02773	Q02773	Q02773
Q02774	Q02774	Q02774
Q02775	Q02775	Q02775
Q02776	Q02776	Q02776
Q02784	Q02784	Q02784
Q02793	Q02793	Q02793
Q02795	Q02795	Q02795
Q02821	Q02821	Q02821
Q02825	Q02825	Q02825
Q02866	Q02866	Q02866
Q02884	Q02884	Q02884
Q02890	Q02890	Q02890
Q02892	Q02892	Q02892
Q02895	Q02895	Q02895
Q02908	Q02908	Q02908
Q02931	Q02931	Q02931
Q02932	Q02932	Q02932
Q02939	Q02939	Q02939
Q02948	Q02948	Q02948
Q03012	Q03012	Q03012
Q03018	Q03018	Q03018
Q03048	Q03048	Q03048
Q03063	Q03063	Q03063
Q03071	Q03071	Q03071
Q03081	Q03081	Q03081
Q12041	Q03081	Q03081
Q03088	Q03088	Q03088
Q03096	Q03096	Q03096
Q03103	Q03103	Q03103
Q03125	Q03125	Q03125
Q03162	Q03162	Q03162
Q03177	Q03177	Q03177
Q03208	Q03208	Q03208
Q03213	Q03213	Q03213
Q03220	Q03220	Q03220
Q03254	Q03254	Q03254
Q03280	Q03280	Q03280
Q03290	Q03290	Q03290
Q03308	Q03308	Q03308
Q03322	Q03322	Q03322
Q03323	Q03323	Q03323
Q03330	Q03330	Q03330
Q03337	Q03337	Q03337
Q03338	Q03338	Q03338
Q03373	Q03373	Q03373
Q03406	Q03406	Q03406
Q03407	Q03407	Q03407
Q03435	Q03435	Q03435
Q03455	Q03455	Q03455
Q03465	Q03465	Q03465
Q03497	Q03497	Q03497
Q03503	Q03503	Q03503
Q03532	Q03532	Q03532
Q03533	Q03533	Q03533
Q03558	Q03558	Q03558
P41816	Q03558	Q03558
Q03579	Q03579	Q03579
Q03619	Q03619	Q03619
Q03630	Q03630	Q03630
Q03654	Q03654	Q03654
Q03656	Q03656	Q03656
Q03661	Q03661	Q03661
Q03690	Q03690	Q03690
Q03691	Q03691	Q03691
Q03697	Q03697	Q03697
Q03702	Q03702	Q03702
Q03735	Q03735	Q03735
Q03750	Q03750	Q03750
Q03758	Q03758	Q03758
P48524	Q03758	Q03758
P36103	P36103	P36103
P36104	P36104	P36104
P36107	P36107	P36107
P36116	P36116	P36116
P36118	P36118	P36118
P36120	P36120	P36120
P36121	P36121	P36121
P36124	P36124	P36124
P36125	P36125	P36125
P36129	P36129	P36129
P36130	P36130	P36130
P47025	P36130	P36130
P36131	P36131	P36131
P36139	P36139	P36139
P36144	P36144	P36144
P36145	P36145	P36145
P36147	P36147	P36147
P36149	P36149	P36149
P36160	P36160	P36160
P36161	P36161	P36161
P36162	P36162	P36162
P36165	P36165	P36165
P36168	P36168	P36168
P36224	P36224	P36224
P36421	P36421	P36421
P36520	P36520	P36520
P36973	P36973	P36973
P49435	P36973	P36973
P37012	P37012	P37012
P33401	P37012	P37012
P37302	P37302	P37302
P37303	P37303	P37303
P37366	P37366	P37366
P37370	P37370	P37370
P37838	P37838	P37838
P38013	P38013	P38013
P38041	P38041	P38041
P39969	P38041	P38041
P38042	P38042	P38042
P38063	P38063	P38063
P32895	P38063	P38063
P38620	P38063	P38063
P38689	P38063	P38063
P38064	P38064	P38064
P38068	P38068	P38068
P38070	P38070	P38070
P38077	P38077	P38077
P38080	P38080	P38080
P38082	P38082	P38082
P38086	P38086	P38086
P38089	P38089	P38089
P38111	P38111	P38111
P38121	P38121	P38121
P38123	P38123	P38123
P38129	P38129	P38129
P38130	P38130	P38130
P38132	P38132	P38132
P38138	P38138	P38138
P38147	P38147	P38147
P38149	P38149	P38149
P38152	P38152	P38152
P38153	P38153	P38153
P38156	P38156	P38156
P53048	P38156	P38156
P38163	P38163	P38163
Q12038	P38163	P38163
P38165	P38165	P38165
P38182	P38182	P38182
P38191	P38191	P38191
P38193	P38193	P38193
P38194	P38194	P38194
P38198	P38198	P38198
P38200	P38200	P38200
P38203	P38203	P38203
P38204	P38204	P38204
P38208	P38208	P38208
P38217	P38217	P38217
P38219	P38219	P38219
P38228	P38228	P38228
P38229	P38229	P38229
P38232	P38232	P38232
P38237	P38237	P38237
P38240	P38240	P38240
P38247	P38247	P38247
P38249	P38249	P38249
P38251	P38251	P38251
P38254	P38254	P38254
P38257	P38257	P38257
P38261	P38261	P38261
P38262	P38262	P38262
P38264	P38264	P38264
P38265	P38265	P38265
P38266	P38266	P38266
P38270	P38270	P38270
P38272	P38272	P38272
P38273	P38273	P38273
P38274	P38274	P38274
Q08921	Q08921	Q08921
Q08923	Q08923	Q08923
Q08931	Q08931	Q08931
Q08949	Q08949	Q08949
Q08951	Q08951	Q08951
Q08956	Q08956	Q08956
Q08962	Q08962	Q08962
Q08963	Q08963	Q08963
Q08965	Q08965	Q08965
Q08975	Q08975	Q08975
Q06490	Q08975	Q08975
Q08979	Q08979	Q08979
Q08980	Q08980	Q08980
Q12004	Q12004	Q12004
Q12006	Q12006	Q12006
Q12009	Q12009	Q12009
Q12017	Q12017	Q12017
Q12018	Q12018	Q12018
Q12019	Q12019	Q12019
Q12020	Q12020	Q12020
Q12021	Q12021	Q12021
Q12024	Q12024	Q12024
Q12026	Q12026	Q12026
Q12028	Q12028	Q12028
Q12030	Q12030	Q12030
Q12033	Q12033	Q12033
Q12034	Q12034	Q12034
Q12035	Q12035	Q12035
Q12044	Q12044	Q12044
Q12045	Q12045	Q12045
Q12050	Q12050	Q12050
Q12055	Q12055	Q12055
Q12059	Q12059	Q12059
Q12060	Q12060	Q12060
Q12063	Q12063	Q12063
Q12066	Q12066	Q12066
Q12071	Q12071	Q12071
Q12078	Q12078	Q12078
Q12082	Q12082	Q12082
Q12083	Q12083	Q12083
Q12084	Q12084	Q12084
Q12098	Q12098	Q12098
Q12102	Q12102	Q12102
Q12107	Q12107	Q12107
Q12118	Q12118	Q12118
Q12124	Q12124	Q12124
Q12129	Q12129	Q12129
Q12134	Q12134	Q12134
Q12138	Q12138	Q12138
Q12142	Q12142	Q12142
Q12149	Q12149	Q12149
Q12152	Q12152	Q12152
Q12154	Q12154	Q12154
Q12157	Q12157	Q12157
Q12158	Q12158	Q12158
Q12159	Q12159	Q12159
Q12161	Q12161	Q12161
Q12163	Q12163	Q12163
Q12165	Q12165	Q12165
Q12168	Q12168	Q12168
Q12174	Q12174	Q12174
Q12175	Q12175	Q12175
Q12176	Q12176	Q12176
Q12186	Q12186	Q12186
Q12192	Q12192	Q12192
Q12194	Q12194	Q12194
Q12199	Q12199	Q12199
Q12208	Q12208	Q12208
Q12216	Q12216	Q12216
Q12220	Q12220	Q12220
Q12222	Q12222	Q12222
P21965	Q12222	Q12222
P41808	Q12222	Q12222
P14681	Q12222	Q12222
P16892	Q12222	Q12222
Q12223	Q12223	Q12223
Q12224	Q12224	Q12224
Q12233	Q12233	Q12233
Q12236	Q12236	Q12236
Q12241	Q12241	Q12241
Q12243	Q12243	Q12243
Q12248	Q12248	Q12248
Q12250	Q12250	Q12250
Q12255	Q12255	Q12255
Q12260	Q12260	Q12260
Q12262	Q12262	Q12262
Q12264	Q12264	Q12264
Q12265	Q12265	Q12265
Q12270	Q12270	Q12270
Q12276	Q12276	Q12276
P43638	Q12276	Q12276
Q12277	Q12277	Q12277
Q12280	Q12280	Q12280
Q12285	Q12285	Q12285
P32074	P32074	P32074
P32259	P32259	P32259
P32263	P32263	P32263
P32318	P32318	P32318
P32319	P32319	P32319
P40438	P32319	P32319
P40890	P32319	P32319
P32325	P32325	P32325
P32327	P32327	P32327
P11154	P32327	P32327
P32328	P32328	P32328
P22204	P32328	P32328
P32332	P32332	P32332
P32333	P32333	P32333
P32334	P32334	P32334
P32336	P32336	P32336
P32337	P32337	P32337
P32341	P32341	P32341
P32349	P32349	P32349
P32350	P32350	P32350
P32354	P32354	P32354
P32356	P32356	P32356
P35172	P32356	P32356
P32364	P32364	P32364
P32366	P32366	P32366
P32367	P32367	P32367
P32368	P32368	P32368
P32380	P32380	P32380
P32387	P32387	P32387
P32389	P32389	P32389
P32432	P32432	P32432
P32447	P32447	P32447
P32450	P32450	P32450
P32453	P32453	P32453
P32457	P32457	P32457
P32464	P32464	P32464
P32468	P32468	P32468
P32458	P32468	P32468
P32471	P32471	P32471
P32478	P32478	P32478
P32479	P32479	P32479
P32480	P32480	P32480
P32481	P32481	P32481
P32486	P32486	P32486
P32491	P32491	P32491
P32490	P32491	P32491
P32492	P32492	P32492
P19524	P32492	P32492
P32494	P32494	P32494
P32495	P32495	P32495
P32496	P32496	P32496
P32497	P32497	P32497
P32499	P32499	P32499
P32500	P32500	P32500
P32501	P32501	P32501
P32502	P32502	P32502
P32504	P32504	P32504
P32505	P32505	P32505
P32521	P32521	P32521
P32523	P32523	P32523
P32524	P32524	P32524
P32525	P32525	P32525
P32527	P32527	P32527
P32528	P32528	P32528
P32529	P32529	P32529
P32558	P32558	P32558
P32559	P32559	P32559
P32561	P32561	P32561
P53096	P32561	P32561
P32562	P32562	P32562
P32563	P32563	P32563
P37296	P32563	P32563
P32564	P32564	P32564
P32565	P32565	P32565
P32566	P32566	P32566
P32569	P32569	P32569
P32570	P32570	P32570
P32573	P32573	P32573
P32578	P32578	P32578
P32581	P32581	P32581
P32582	P32582	P32582
P32583	P32583	P32583
P32585	P32585	P32585
P32588	P32588	P32588
P32591	P32591	P32591
P32597	P32597	P32597
P32599	P32599	P32599
P32600	P32600	P32600
P35169	P32600	P32600
P32601	P32601	P32601
P32602	P32602	P32602
P32605	P32605	P32605
P32607	P32607	P32607
P32610	P32610	P32610
P32618	P32618	P32618
P32628	P32628	P32628
P32629	P32629	P32629
P32639	P32639	P32639
P48525	P48525	P48525
P48559	P48559	P48559
P48562	P48562	P48562
P48566	P48566	P48566
P48568	P48568	P48568
P48581	P48581	P48581
P48582	P48582	P48582
P48606	P48606	P48606
P48836	P48836	P48836
P48837	P48837	P48837
P49018	P49018	P49018
P49166	P49166	P49166
P49334	P49334	P49334
P49573	P49573	P49573
P49686	P49686	P49686
P49687	P49687	P49687
P49704	P49704	P49704
P49955	P49955	P49955
P49956	P49956	P49956
P49960	P49960	P49960
P50078	P50078	P50078
P32900	P50078	P50078
P50086	P50086	P50086
P50090	P50090	P50090
P50091	P50091	P50091
P50095	P50095	P50095
P38697	P50095	P50095
P50094	P50095	P50095
P50101	P50101	P50101
P50104	P50104	P50104
P50105	P50105	P50105
P50106	P50106	P50106
P50108	P50108	P50108
P50111	P50111	P50111
P54786	P50111	P50111
P50113	P50113	P50113
P50275	P50275	P50275
P50278	P50278	P50278
P50874	P50874	P50874
P50875	P50875	P50875
P50942	P50942	P50942
P50945	P50945	P50945
P50946	P50946	P50946
P51534	P51534	P51534
P51601	P51601	P51601
P51862	P51862	P51862
P52286	P52286	P52286
P52488	P52488	P52488
P52490	P52490	P52490
P52491	P52491	P52491
P52553	P52553	P52553
P52593	P52593	P52593
P52891	P52891	P52891
P52910	P52910	P52910
P52917	P52917	P52917
P52918	P52918	P52918
P52919	P52919	P52919
P52960	P52960	P52960
P39720	P52960	P52960
P53010	P53010	P53010
P53032	P53032	P53032
P53036	P53036	P53036
P43613	P53036	P53036
P43612	P53036	P53036
P53039	P53039	P53039
P53040	P53040	P53040
P53043	P53043	P53043
P53044	P53044	P53044
P53045	P53045	P53045
P53049	P53049	P53049
P53061	P53061	P53061
P53064	P53064	P53064
P53067	P53067	P53067
P53068	P53068	P53068
P53070	P53070	P53070
P53079	P53079	P53079
P53081	P53081	P53081
P53082	P53082	P53082
P53086	P53086	P53086
P53091	P53091	P53091
P53093	P53093	P53093
P53094	P53094	P53094
P32634	P53094	P53094
P53100	P53100	P53100
P53104	P53104	P53104
P53108	P53108	P53108
P53112	P53112	P53112
P53115	P53115	P53115
Q05471	P53115	P53115
P53116	P53116	P53116
P53124	P53124	P53124
Q08966	P53124	P53124
P53125	P53125	P53125
P53129	P53129	P53129
P53130	P53130	P53130
P53136	P53136	P53136
P53142	P53142	P53142
P53145	P53145	P53145
P45819	P45819	P45819
P45976	P45976	P45976
P46655	P46655	P46655
P46669	P46669	P46669
P46671	P46671	P46671
P46672	P46672	P46672
P46673	P46673	P46673
P46674	P46674	P46674
P46675	P46675	P46675
P46676	P46676	P46676
P46677	P46677	P46677
P46678	P46678	P46678
P46680	P46680	P46680
P46681	P46681	P46681
P46682	P46682	P46682
P46947	P46947	P46947
P46948	P46948	P46948
P46949	P46949	P46949
P46954	P46954	P46954
P46956	P46956	P46956
P46957	P46957	P46957
P46961	P46961	P46961
P46962	P46962	P46962
P46963	P46963	P46963
P46964	P46964	P46964
P46965	P46965	P46965
P46974	P46974	P46974
P46985	P46985	P46985
P46988	P46988	P46988
P46995	P46995	P46995
P47005	P47005	P47005
P47011	P47011	P47011
P47012	P47012	P47012
P47017	P47017	P47017
P47019	P47019	P47019
P47027	P47027	P47027
P47029	P47029	P47029
P47035	P47035	P47035
P47038	P47038	P47038
P47041	P47041	P47041
P38346	P47041	P47041
P47042	P47042	P47042
P47045	P47045	P47045
P47049	P47049	P47049
P47050	P47050	P47050
P47052	P47052	P47052
Q00711	P47052	P47052
P47053	P47053	P47053
P47054	P47054	P47054
P47057	P47057	P47057
P47058	P47058	P47058
P47061	P47061	P47061
P47064	P47064	P47064
P47068	P47068	P47068
P47074	P47074	P47074
P47083	P47083	P47083
P47089	P47089	P47089
P47090	P47090	P47090
P47093	P47093	P47093
P47104	P47104	P47104
P47110	P47110	P47110
P47113	P47113	P47113
P47115	P47115	P47115
P47116	P47116	P47116
P47120	P47120	P47120
P47122	P47122	P47122
P47123	P47123	P47123
P47124	P47124	P47124
P47129	P47129	P47129
P47132	P47132	P47132
P47134	P47134	P47134
P47135	P47135	P47135
P47150	P47150	P47150
P47152	P47152	P47152
P47160	P47160	P47160
P47165	P47165	P47165
P47166	P47166	P47166
P47167	P47167	P47167
P47171	P47171	P47171
P47176	P47176	P47176
P47821	P47821	P47821
P47822	P47822	P47822
P47912	P47912	P47912
P30624	P47912	P47912
P48232	P48232	P48232
P48234	P48234	P48234
P48239	P48239	P48239
P48240	P48240	P48240
P48363	P48363	P48363
P48412	P48412	P48412
P48415	P48415	P48415
P48439	P48439	P48439
P48510	P48510	P48510
Q12297	Q12297	Q12297
Q12300	Q12300	Q12300
Q12301	Q12301	Q12301
Q12306	Q12306	Q12306
Q12309	Q12309	Q12309
Q12310	Q12310	Q12310
Q12315	Q12315	Q12315
Q12318	Q12318	Q12318
Q12321	Q12321	Q12321
Q12327	Q12327	Q12327
Q12328	Q12328	Q12328
Q12329	Q12329	Q12329
Q12330	Q12330	Q12330
Q12335	Q12335	Q12335
Q12336	Q12336	Q12336
Q12341	Q12341	Q12341
Q12343	Q12343	Q12343
Q12344	Q12344	Q12344
Q12347	Q12347	Q12347
Q12349	Q12349	Q12349
Q12361	Q12361	Q12361
Q12363	Q12363	Q12363
Q12206	Q12363	Q12363
Q03010	Q12363	Q12363
Q12365	Q12365	Q12365
Q12368	Q12368	Q12368
Q12372	Q12372	Q12372
Q08986	Q12372	Q12372
P06775	Q12372	Q12372
P38967	Q12372	Q12372
P19145	Q12372	Q12372
P04817	Q12372	Q12372
P53388	Q12372	Q12372
P41815	Q12372	Q12372
P38084	Q12372	Q12372
P25376	Q12372	Q12372
P48813	Q12372	Q12372
P38085	Q12372	Q12372
Q12377	Q12377	Q12377
Q12380	Q12380	Q12380
Q12389	Q12389	Q12389
Q12390	Q12390	Q12390
Q12396	Q12396	Q12396
P43555	Q12396	Q12396
Q12402	Q12402	Q12402
Q12406	Q12406	Q12406
Q12411	Q12411	Q12411
Q12415	Q12415	Q12415
Q12417	Q12417	Q12417
Q12418	Q12418	Q12418
Q12420	Q12420	Q12420
Q12424	Q12424	Q12424
Q12427	Q12427	Q12427
Q12432	Q12432	Q12432
Q12433	Q12433	Q12433
Q12434	Q12434	Q12434
Q12440	Q12440	Q12440
Q12443	Q12443	Q12443
Q12446	Q12446	Q12446
Q12447	Q12447	Q12447
Q12449	Q12449	Q12449
Q12450	Q12450	Q12450
P39704	Q12450	Q12450
Q12452	Q12452	Q12452
Q12460	Q12460	Q12460
Q12499	Q12460	Q12460
Q12462	Q12462	Q12462
Q12468	Q12468	Q12468
Q12469	Q12469	Q12469
Q12473	Q12473	Q12473
Q12477	Q12477	Q12477
Q12482	Q12482	Q12482
Q12483	Q12483	Q12483
Q12488	Q12488	Q12488
Q12494	Q12494	Q12494
Q12495	Q12495	Q12495
Q12513	Q12513	Q12513
Q12514	Q12514	Q12514
Q12517	Q12517	Q12517
Q12518	Q12518	Q12518
Q12522	Q12522	Q12522
Q12527	Q12527	Q12527
Q12691	Q12691	Q12691
P13586	Q12691	Q12691
P38929	Q12691	Q12691
Q12734	Q12734	Q12734
Q12749	Q12749	Q12749
Q12754	Q12754	Q12754
Q6Q547	Q6Q547	Q6Q547
Q7LIF1	Q7LIF1	Q7LIF1
Q92316	Q92316	Q92316
Q92317	Q92317	Q92317
Q92331	Q92331	Q92331
Q99176	Q99176	Q99176
Q99181	Q99181	Q99181
Q99189	Q99189	Q99189
Q99190	Q99190	Q99190
Q99207	Q99207	Q99207
Q99210	Q99210	Q99210
Q99257	Q99257	Q99257
Q99278	Q99278	Q99278
Q99299	Q99299	Q99299
Q99344	Q99344	Q99344
Q99382	Q99382	Q99382
Q99383	Q99383	Q99383
Q99385	Q99385	Q99385
Q99394	Q99394	Q99394
Q9URQ3	Q9URQ3	Q9URQ3
P22224	P22224	P22224
P22276	P22276	P22276
P08518	P22276	P22276
P22138	P22276	P22276
P22336	P22336	P22336
P22515	P22515	P22515
P22517	P22517	P22517
P22543	P22543	P22543
P22579	P22579	P22579
P22804	P22804	P22804
P23059	P23059	P23059
P23179	P23179	P23179
P23201	P23201	P23201
P23202	P23202	P23202
P23255	P23255	P23255
P23285	P23285	P23285
P23287	P23287	P23287
P14747	P23287	P23287
P23293	P23293	P23293
P23301	P23301	P23301
P23542	P23542	P23542
P23561	P23561	P23561
P23595	P23595	P23595
P23594	P23595	P23595
P32345	P23595	P23595
P23624	P23624	P23624
P23638	P23638	P23638
P23639	P23638	P23638
P40302	P23638	P23638
P32379	P23638	P23638
P23641	P23641	P23641
P10566	P23641	P23641
P23642	P23642	P23642
P23644	P23644	P23644
P23776	P23776	P23776
P23833	P23833	P23833
P38072	P23833	P23833
P23968	P23968	P23968
P24004	P24004	P24004
P24279	P24279	P24279
P24384	P24384	P24384
P24482	P24482	P24482
P24583	P24583	P24583
P24719	P24719	P24719
P39009	P24719	P24719
P24783	P24783	P24783
P06634	P24783	P24783
P23394	P24783	P24783
P24813	P24813	P24813
P24814	P24814	P24814
P24867	P24867	P24867
P24868	P24868	P24868
P24869	P24868	P24868
P24870	P24870	P24870
P24871	P24870	P24870
P30283	P24870	P24870
P25043	P25043	P25043
P25045	P25045	P25045
P25046	P25046	P25046
P25293	P25293	P25293
P25294	P25294	P25294
P25491	P25294	P25294
P25303	P25294	P25294
P25296	P25296	P25296
P25297	P25297	P25297
P25298	P25298	P25298
P25299	P25299	P25299
P25301	P25301	P25301
P25302	P25302	P25302
P25333	P25333	P25333
Q12100	P25333	P25333
P25336	P25336	P25336
P25341	P25341	P25341
P53739	P25341	P25341
P25342	P25342	P25342
P25343	P25343	P25343
P25344	P25344	P25344
P25346	P25346	P25346
P25357	P25357	P25357
P25359	P25359	P25359
P25367	P25367	P25367
P25369	P25369	P25369
P25370	P25370	P25370
P25371	P25371	P25371
P25382	P25382	P25382
P25385	P25385	P25385
P25389	P25389	P25389
Q12263	P25389	P25389
P25390	P25390	P25390
P53599	P25390	P25390
P25441	P25441	P25441
P25451	P25451	P25451
P23724	P25451	P25451
P25453	P25453	P25453
P25454	P25453	P25453
P25502	P25502	P25502
P25515	P25515	P25515
P32842	P25515	P25515
P25555	P25555	P25555
P38922	P25555	P25555
P25558	P25558	P25558
P25559	P25559	P25559
P25567	P25567	P25567
P25569	P25569	P25569
P25575	P25575	P25575
P25579	P25579	P25579
P25580	P25580	P25580
P25582	P25582	P25582
P25584	P25584	P25584
P25586	P25586	P25586
P25591	P25591	P25591
Q03761	Q03761	Q03761
Q03768	Q03768	Q03768
Q03774	Q03774	Q03774
Q03776	Q03776	Q03776
Q03782	Q03782	Q03782
Q03784	Q03784	Q03784
Q03785	Q03785	Q03785
Q12505	Q03785	Q03785
Q03790	Q03790	Q03790
Q05166	Q03790	Q03790
Q03792	Q03792	Q03792
Q03818	Q03818	Q03818
Q03834	Q03834	Q03834
Q03860	Q03860	Q03860
Q03862	Q03862	Q03862
Q03897	Q03897	Q03897
Q03898	Q03898	Q03898
Q03899	Q03899	Q03899
Q03900	Q03900	Q03900
Q03919	Q03919	Q03919
Q03920	Q03920	Q03920
Q03935	Q03935	Q03935
Q03940	Q03940	Q03940
Q12464	Q03940	Q03940
Q03944	Q03944	Q03944
Q03954	Q03954	Q03954
Q03956	Q03956	Q03956
Q03957	Q03957	Q03957
Q03973	Q03973	Q03973
Q03976	Q03976	Q03976
Q03981	Q03981	Q03981
Q04002	Q04002	Q04002
Q04003	Q04003	Q04003
Q04004	Q04004	Q04004
Q04005	Q04005	Q04005
Q04031	Q04031	Q04031
Q04048	Q04048	Q04048
Q04053	Q04053	Q04053
Q04062	Q04062	Q04062
Q04067	Q04067	Q04067
Q04087	Q04087	Q04087
Q04089	Q04089	Q04089
Q04110	Q04110	Q04110
Q04121	Q04121	Q04121
Q04149	Q04149	Q04149
Q04175	Q04175	Q04175
P46970	Q04175	Q04175
Q04195	Q04195	Q04195
Q04199	Q04199	Q04199
Q04217	Q04217	Q04217
Q04225	Q04225	Q04225
Q04226	Q04226	Q04226
Q04231	Q04231	Q04231
Q04233	Q04233	Q04233
Q04264	Q04264	Q04264
Q04272	Q04272	Q04272
Q04305	Q04305	Q04305
Q04307	Q04307	Q04307
Q04322	Q04322	Q04322
Q04338	Q04338	Q04338
Q04359	Q04359	Q04359
Q04368	Q04368	Q04368
Q04370	Q04370	Q04370
Q04373	Q04373	Q04373
Q04377	Q04377	Q04377
Q04411	Q04411	Q04411
Q04412	Q04412	Q04412
Q04437	Q04437	Q04437
Q04439	Q04439	Q04439
P36006	Q04439	Q04439
Q04461	Q04461	Q04461
Q04477	Q04477	Q04477
Q04491	Q04491	Q04491
P53011	Q04491	Q04491
Q05583	Q04491	Q04491
Q04493	Q04493	Q04493
Q04511	Q04511	Q04511
Q04601	Q04601	Q04601
Q04603	Q04603	Q04603
Q04636	Q04636	Q04636
Q04651	Q04651	Q04651
P39727	Q04651	Q04651
Q04660	Q04660	Q04660
Q04673	Q04673	Q04673
Q04675	Q04675	Q04675
Q04693	Q04693	Q04693
Q04697	Q04697	Q04697
Q04749	Q04749	Q04749
Q04792	Q04792	Q04792
Q04839	Q04839	Q04839
Q04847	Q04847	Q04847
Q04868	Q04868	Q04868
Q04921	Q04921	Q04921
Q04930	Q04930	Q04930
Q04934	Q04934	Q04934
Q04935	Q04935	Q04935
Q04958	Q04958	Q04958
Q04964	Q04964	Q04964
Q04978	Q04978	Q04978
Q05016	Q05016	Q05016
Q05021	Q05021	Q05021
Q05022	Q05022	Q05022
Q05024	Q05024	Q05024
Q05027	Q05027	Q05027
Q05031	Q05031	Q05031
P12684	P12684	P12684
P12683	P12684	P12684
P12753	P12753	P12753
P12754	P12754	P12754
P12868	P12868	P12868
P12887	P12887	P12887
P12904	P12904	P12904
P12945	P12945	P12945
P12954	P12954	P12954
P12962	P12962	P12962
P13045	P13045	P13045
P13099	P13099	P13099
P13185	P13185	P13185
P13186	P13185	P13185
P13259	P13259	P13259
P13365	P13365	P13365
P13382	P13382	P13382
P13393	P13393	P13393
P13433	P13433	P13433
P13434	P13434	P13434
P13517	P13517	P13517
P13574	P13574	P13574
P13663	P13663	P13663
P13711	P13711	P13711
P13856	P13856	P13856
P01119	P13856	P13856
P01120	P13856	P13856
P13902	P13902	P13902
P14064	P14064	P14064
P14126	P14126	P14126
P14164	P14164	P14164
P14242	P14242	P14242
P14291	P14291	P14291
P14306	P14306	P14306
P14359	P14359	P14359
P14680	P14680	P14680
P14682	P14682	P14682
P14724	P14724	P14724
P14736	P14736	P14736
P14737	P14737	P14737
P14741	P14741	P14741
P14742	P14742	P14742
P14832	P14832	P14832
P25719	P14832	P14832
P14906	P14906	P14906
P14907	P14907	P14907
P14908	P14908	P14908
P14922	P14922	P14922
P15108	P15108	P15108
P02829	P15108	P15108
P15303	P15303	P15303
P15367	P15367	P15367
P15424	P15424	P15424
P15436	P15436	P15436
P15442	P15442	P15442
P15646	P15646	P15646
P15705	P15705	P15705
P15807	P15807	P15807
P15873	P15873	P15873
P15891	P15891	P15891
P15938	P15938	P15938
P15992	P15992	P15992
P16140	P16140	P16140
P16151	P16151	P16151
P16370	P16370	P16370
P16387	P16387	P16387
P16451	P16451	P16451
P16474	P16474	P16474
P10592	P16474	P16474
P10591	P16474	P16474
P11484	P16474	P16474
P22202	P16474	P16474
P09435	P16474	P16474
P39987	P16474	P16474
Q05931	P16474	P16474
P32590	P16474	P16474
P32589	P16474	P16474
P16522	P16522	P16522
P16547	P16547	P16547
P16649	P16649	P16649
P16658	P16658	P16658
P16661	P16661	P16661
P16664	P16664	P16664
P16862	P16862	P16862
P16861	P16862	P16862
P17065	P17065	P17065
P17106	P17106	P17106
P17119	P17119	P17119
P17121	P17121	P17121
P17123	P17123	P17123
P17214	P17214	P17214
P17255	P17255	P17255
P17442	P17442	P17442
P17505	P17505	P17505
P17536	P17536	P17536
P17555	P17555	P17555
P17629	P17629	P17629
P17695	P17695	P17695
P17891	P17891	P17891
P17898	P17898	P17898
P22140	P17898	P17898
Q06675	Q06675	Q06675
Q06676	Q06676	Q06676
Q06677	Q06677	Q06677
Q06679	Q06679	Q06679
Q06696	Q06696	Q06696
Q06697	Q06697	Q06697
Q06704	Q06704	Q06704
Q06706	Q06706	Q06706
Q06708	Q06708	Q06708
Q06815	Q06815	Q06815
Q06819	Q06819	Q06819
Q07084	Q07084	Q07084
Q07350	Q07350	Q07350
Q07376	Q07376	Q07376
Q07381	Q07381	Q07381
Q07418	Q07418	Q07418
Q07442	Q07442	Q07442
Q07458	Q07458	Q07458
Q07468	Q07468	Q07468
Q07478	Q07478	Q07478
Q07508	Q07508	Q07508
Q07509	Q07509	Q07509
Q07528	Q07528	Q07528
Q07540	Q07540	Q07540
Q07622	Q07622	Q07622
Q07623	Q07623	Q07623
Q07657	Q07657	Q07657
Q07688	Q07688	Q07688
Q07732	Q07732	Q07732
Q07800	Q07800	Q07800
Q07824	Q07824	Q07824
Q12256	Q07824	Q07824
Q07834	Q07834	Q07834
Q07844	Q07844	Q07844
Q07887	Q07887	Q07887
Q07896	Q07896	Q07896
Q07904	Q07904	Q07904
Q07913	Q07913	Q07913
Q07914	Q07914	Q07914
Q07915	Q07915	Q07915
Q07921	Q07921	Q07921
Q07930	Q07930	Q07930
Q07980	Q07980	Q07980
Q07986	Q07986	Q07986
Q07993	Q07993	Q07993
Q07786	Q07993	Q07993
P35497	Q07993	Q07993
P39713	Q07993	Q07993
Q04894	Q07993	Q07993
Q08004	Q08004	Q08004
Q08018	Q08018	Q08018
Q08032	Q08032	Q08032
Q08096	Q08096	Q08096
Q08109	Q08109	Q08109
Q08119	Q08119	Q08119
Q08144	Q08144	Q08144
Q08162	Q08162	Q08162
Q08193	Q08193	Q08193
Q03655	Q08193	Q08193
Q08204	Q08204	Q08204
Q08208	Q08208	Q08208
Q08214	Q08214	Q08214
Q08215	Q08215	Q08215
Q08217	Q08217	Q08217
P31374	Q08217	Q08217
Q08229	Q08229	Q08229
Q08235	Q08235	Q08235
Q08236	Q08236	Q08236
Q08245	Q08245	Q08245
Q08271	Q08271	Q08271
Q08273	Q08273	Q08273
Q08278	Q08278	Q08278
Q08285	Q08285	Q08285
Q08287	Q08287	Q08287
Q08387	Q08387	Q08387
Q08444	Q08444	Q08444
Q08446	Q08446	Q08446
Q08465	Q08465	Q08465
Q08491	Q08491	Q08491
Q08492	Q08492	Q08492
Q08496	Q08496	Q08496
Q08550	Q08550	Q08550
Q08553	Q08553	Q08553
Q08558	Q08558	Q08558
Q05871	Q08558	Q08558
Q08562	Q08562	Q08562
Q08581	Q08581	Q08581
Q08601	Q08601	Q08601
P53845	P53845	P53845
P53847	P53847	P53847
P53851	P53851	P53851
P53855	P53855	P53855
P53857	P53857	P53857
P53858	P53858	P53858
P53859	P53859	P53859
P53861	P53861	P53861
P53863	P53863	P53863
P53865	P53865	P53865
P53867	P53867	P53867
P53877	P53877	P53877
P53878	P53878	P53878
P53883	P53883	P53883
P53886	P53886	P53886
P53890	P53890	P53890
P53894	P53894	P53894
P53900	P53900	P53900
P53901	P53901	P53901
P53904	P53904	P53904
P53905	P53905	P53905
P53910	P53910	P53910
P53912	P53912	P53912
P53914	P53914	P53914
P53919	P53919	P53919
P53924	P53924	P53924
P53927	P53927	P53927
P53930	P53930	P53930
P53933	P53933	P53933
P53939	P53939	P53939
P53941	P53941	P53941
P53949	P53949	P53949
P53952	P53952	P53952
P53953	P53953	P53953
P40482	P53953	P53953
P38810	P53953	P53953
P53954	P53954	P53954
P53955	P53955	P53955
P40485	P53955	P53955
P53959	P53959	P53959
P53961	P53961	P53961
P53965	P53965	P53965
P53968	P53968	P53968
P53971	P53971	P53971
P53973	P53973	P53973
P53974	P53974	P53974
P53978	P53978	P53978
P16521	P53978	P53978
Q08972	P53978	P53978
P54199	P54199	P54199
P54784	P54784	P54784
P06701	P54784	P54784
P54790	P54790	P54790
P54791	P54791	P54791
P54837	P54837	P54837
P54860	P54860	P54860
P54867	P54867	P54867
P54885	P54885	P54885
P54999	P54999	P54999
P57743	P57743	P57743
P57744	P57744	P57744
P60010	P60010	P60010
P32381	P60010	P60010
P38696	P60010	P60010
P47117	P60010	P60010
P80428	P80428	P80428
P80667	P80667	P80667
P81449	P81449	P81449
P81450	P81450	P81450
P87108	P87108	P87108
P87284	P87284	P87284
P89102	P89102	P89102
P89105	P89105	P89105
P89886	P89886	P89886
Q00246	Q00246	Q00246
Q00362	Q00362	Q00362
Q00381	Q00381	Q00381
P35181	Q00381	Q00381
Q00416	Q00416	Q00416
Q00539	Q00539	Q00539
Q00578	Q00578	Q00578
Q00582	Q00582	Q00582
Q00618	Q00618	Q00618
Q00684	Q00684	Q00684
Q00723	Q00723	Q00723
Q00764	Q00764	Q00764
Q00772	Q00772	Q00772
P32485	Q00772	Q00772
P36005	Q00772	Q00772
Q00776	Q00776	Q00776
Q99186	Q00776	Q00776
Q00816	Q00816	Q00816
Q00873	Q00873	Q00873
Q00916	Q00916	Q00916
Q00955	Q00955	Q00955
Q01080	Q01080	Q01080
Q01159	Q01159	Q01159
Q01217	Q01217	Q01217
Q01329	Q01329	Q01329
Q01389	Q01389	Q01389
Q01454	Q01454	Q01454
Q01560	Q01560	Q01560
Q01590	Q01590	Q01590
Q01649	Q01649	Q01649
Q01684	Q01684	Q01684
Q01722	Q01722	Q01722
P40956	P40956	P40956
P40957	P40957	P40957
P40958	P40958	P40958
P40959	P40959	P40959
P40960	P40960	P40960
P40963	P40963	P40963
P40965	P40965	P40965
P40968	P40968	P40968
P40969	P40969	P40969
P40970	P40970	P40970
P40971	P40971	P40971
P40987	P40987	P40987
P40988	P40988	P40988
P40991	P40991	P40991
P40992	P40992	P40992
P41277	P41277	P41277
P41318	P41318	P41318
P38011	P41318	P41318
P41543	P41543	P41543
P41544	P41544	P41544
P41546	P41546	P41546
P41695	P41695	P41695
P41697	P41697	P41697
P41800	P41800	P41800
P41805	P41805	P41805
P41807	P41807	P41807
P41810	P41810	P41810
P41811	P41811	P41811
P41813	P41813	P41813
P41814	P41814	P41814
P41817	P41817	P41817
P41818	P41818	P41818
P41832	P41832	P41832
P41834	P41834	P41834
P41895	P41895	P41895
P41896	P41896	P41896
P41901	P41901	P41901
P41911	P41911	P41911
P41912	P41912	P41912
P41920	P41920	P41920
P41921	P41921	P41921
P09624	P41921	P41921
P41940	P41940	P41940
P42073	P42073	P42073
P42839	P42839	P42839
P42841	P42841	P42841
P42843	P42843	P42843
P42845	P42845	P42845
P42846	P42846	P42846
P42884	P42884	P42884
P42934	P42934	P42934
P31382	P42934	P42934
P42935	P42935	P42935
P42941	P42941	P42941
P42942	P42942	P42942
P42944	P42944	P42944
P42945	P42945	P42945
P42946	P42946	P42946
P42951	P42951	P42951
P43132	P43132	P43132
P43321	P43321	P43321
P43535	P43535	P43535
P43545	P43545	P43545
P53824	P43545	P43545
Q03148	P43545	P43545
P43560	P43560	P43560
P43561	P43561	P43561
P38993	P43561	P43561
P43562	P43562	P43562
P43563	P43563	P43563
P40484	P43563	P43563
P43565	P43565	P43565
P43568	P43568	P43568
P43569	P43569	P43569
P43572	P43572	P43572
P43574	P43574	P43574
P43583	P43583	P43583
P43586	P43586	P43586
P43587	P43587	P43587
P43588	P43588	P43588
P43592	P43592	P43592
P43593	P43593	P43593
P43594	P43594	P43594
P43596	P43596	P43596
P43601	P43601	P43601
P43602	P43602	P43602
Q02805	P43602	P43602
P43609	P43609	P43609
P43616	P43616	P43616
P43619	P43619	P43619
P43621	P43621	P43621
P43622	P43622	P43622
P43637	P43637	P43637
P43639	P43639	P43639
P43682	P43682	P43682
P38276	P38276	P38276
P38282	P38282	P38282
P38283	P38283	P38283
P38286	P38286	P38286
P38287	P38287	P38287
P38288	P38288	P38288
P38291	P38291	P38291
P38293	P38293	P38293
P38298	P38298	P38298
P38301	P38301	P38301
P38302	P38302	P38302
P38304	P38304	P38304
P38310	P38310	P38310
P38313	P38313	P38313
P38316	P38316	P38316
P38319	P38319	P38319
P38324	P38324	P38324
P38328	P38328	P38328
P38329	P38329	P38329
P38333	P38333	P38333
P38334	P38334	P38334
P38337	P38337	P38337
P38339	P38339	P38339
P38344	P38344	P38344
P38348	P38348	P38348
P38351	P38351	P38351
P38352	P38352	P38352
P38358	P38358	P38358
P33335	P38358	P38358
P36172	P38358	P38358
P38427	P38427	P38427
P38428	P38428	P38428
P38429	P38429	P38429
P38431	P38431	P38431
P38439	P38439	P38439
P38523	P38523	P38523
P38590	P38590	P38590
P38615	P38615	P38615
P38622	P38622	P38622
P38623	P38623	P38623
P38624	P38624	P38624
P38627	P38627	P38627
P28274	P38627	P38627
P38629	P38629	P38629
P40339	P38629	P38629
P40348	P38629	P38629
P38630	P38630	P38630
P38631	P38631	P38631
P38634	P38634	P38634
P38636	P38636	P38636
P38637	P38637	P38637
P38682	P38682	P38682
P38690	P38690	P38690
P32264	P38690	P38690
P38691	P38691	P38691
P38692	P38692	P38692
P38699	P38699	P38699
P38700	P38700	P38700
P38702	P38702	P38702
P38703	P38703	P38703
P28496	P38703	P38703
P38705	P38705	P38705
P38708	P38708	P38708
P38712	P38712	P38712
P38713	P38713	P38713
P38716	P38716	P38716
P38717	P38717	P38717
P38719	P38719	P38719
P38720	P38720	P38720
P38726	P38726	P38726
P38729	P38729	P38729
P38735	P38735	P38735
P38736	P38736	P38736
P38737	P38737	P38737
P38742	P38742	P38742
P38744	P38744	P38744
P38748	P38748	P38748
P38749	P38749	P38749
P38751	P38751	P38751
P38753	P38753	P38753
P38757	P38757	P38757
P38759	P38759	P38759
P38760	P38760	P38760
P38764	P38764	P38764
P38766	P38766	P38766
P38768	P38768	P38768
P38769	P38769	P38769
P38774	P38774	P38774
P38776	P38776	P38776
P38779	P38779	P38779
P38781	P38781	P38781
Q06639	P38781	P38781
P38782	P38782	P38782
P38783	P38783	P38783
P38784	P38784	P38784
P38785	P38785	P38785
Q06648	P38785	P38785
P38786	P38786	P38786
P18238	P18238	P18238
P18239	P18238	P18238
P18410	P18410	P18410
P18480	P18480	P18480
P18494	P18494	P18494
P18562	P18562	P18562
P18759	P18759	P18759
P18851	P18851	P18851
P18852	P18852	P18852
P18888	P18888	P18888
P18898	P18898	P18898
P18900	P18900	P18900
P18961	P18961	P18961
P12688	P18961	P18961
P18962	P18962	P18962
P18963	P18963	P18963
P19073	P19073	P19073
P06781	P19073	P19073
P06780	P19073	P19073
Q00245	P19073	P19073
P19097	P19097	P19097
P19146	P19146	P19146
P11076	P19146	P19146
Q02804	P19146	P19146
P20606	P19146	P19146
P32939	P19146	P19146
P19262	P19262	P19262
P12695	P19262	P19262
P19263	P19263	P19263
P19414	P19414	P19414
P07264	P19414	P19414
P19658	P19658	P19658
P19659	P19659	P19659
P19735	P19735	P19735
P19736	P19736	P19736
P19812	P19812	P19812
Q07963	P19812	P19812
P19880	P19880	P19880
P19882	P19882	P19882
P19955	P19955	P19955
P20050	P20050	P20050
P20052	P20052	P20052
P20053	P20053	P20053
P20081	P20081	P20081
P20095	P20095	P20095
P20133	P20133	P20133
P20134	P20134	P20134
P20424	P20424	P20424
P20433	P20433	P20433
P20434	P20434	P20434
P20435	P20435	P20435
P20436	P20436	P20436
P20438	P20438	P20438
P20437	P20438	P20438
P20448	P20448	P20448
P20449	P20449	P20449
P10081	P20449	P20449
P45818	P20449	P20449
P20457	P20457	P20457
P20459	P20459	P20459
P20484	P20484	P20484
P20486	P20486	P20486
P20604	P20604	P20604
P32598	P20604	P20604
P32838	P20604	P20604
P20676	P20676	P20676
P20795	P20795	P20795
P20967	P20967	P20967
P21182	P21182	P21182
P21190	P21190	P21190
P21242	P21242	P21242
P21268	P21268	P21268
P21304	P21304	P21304
P21306	P21306	P21306
P21339	P21339	P21339
P21374	P21374	P21374
P21538	P21538	P21538
P21576	P21576	P21576
P54861	P21576	P21576
P21651	P21651	P21651
P21657	P21657	P21657
P21672	P21672	P21672
P21691	P21691	P21691
P21705	P21705	P21705
P21801	P21801	P21801
P21827	P21827	P21827
P21951	P21951	P21951
P21957	P21957	P21957
P22007	P22007	P22007
P22035	P22035	P22035
P22082	P22082	P22082
P22133	P22133	P22133
P22135	P22135	P22135
P22137	P22137	P22137
P22139	P22139	P22139
P22141	P22141	P22141
P22147	P22147	P22147
P22203	P22203	P22203
P22209	P22209	P22209
P22213	P22213	P22213
P22214	P22214	P22214
P22216	P22216	P22216
P22219	P22219	P22219
P32641	P32641	P32641
P32642	P32642	P32642
P32657	P32657	P32657
P32767	P32767	P32767
P32773	P32773	P32773
P32774	P32774	P32774
P32776	P32776	P32776
P32783	P32783	P32783
P32786	P32786	P32786
P32787	P32787	P32787
P32788	P32788	P32788
P32790	P32790	P32790
P32793	P32793	P32793
P43603	P32793	P32793
P43604	P32793	P32793
P43605	P32793	P32793
P32794	P32794	P32794
P32796	P32796	P32796
P32797	P32797	P32797
P32800	P32800	P32800
P32801	P32801	P32801
P32802	P32802	P32802
Q04562	P32802	P32802
P32803	P32803	P32803
Q05359	P32803	P32803
P32805	P32805	P32805
P32807	P32807	P32807
P32828	P32828	P32828
P32829	P32829	P32829
P32830	P32830	P32830
P32832	P32832	P32832
P32833	P32833	P32833
P32835	P32835	P32835
P32836	P32835	P32835
P32849	P32849	P32849
P32854	P32854	P32854
P32855	P32855	P32855
P32859	P32859	P32859
P32861	P32861	P32861
P32863	P32863	P32863
P32864	P32864	P32864
P32867	P32867	P32867
P39926	P32867	P32867
P32873	P32873	P32873
P32892	P32892	P32892
P38112	P32892	P32892
P32897	P32897	P32897
P32898	P32898	P32898
P32899	P32899	P32899
P32902	P32902	P32902
P32905	P32905	P32905
P32909	P32909	P32909
Q02875	P32909	P32909
P32910	P32910	P32910
P32911	P32911	P32911
P32912	P32912	P32912
P32913	P32913	P32913
P32914	P32914	P32914
P32915	P32915	P32915
P38353	P32915	P32915
P32916	P32916	P32916
P32917	P32917	P32917
P32944	P32944	P32944
P32945	P32945	P32945
P33122	P33122	P33122
P33199	P33199	P33199
P33200	P33200	P33200
P12383	P33200	P33200
P33201	P33201	P33201
P33203	P33203	P33203
P33204	P33204	P33204
P33296	P33296	P33296
P33298	P33298	P33298
P33297	P33298	P33298
P40327	P33298	P33298
P53549	P33298	P33298
Q01939	P33298	P33298
P33299	P33299	P33299
P33301	P33301	P33301
P33304	P33304	P33304
P33306	P33306	P33306
P33307	P33307	P33307
P33311	P33311	P33311
P33313	P33313	P33313
P33314	P33314	P33314
P33322	P33322	P33322
P33323	P33323	P33323
P33328	P33328	P33328
P31109	P33328	P33328
P33331	P33331	P33331
P33332	P33332	P33332
P33333	P33333	P33333
P33334	P33334	P33334
P33338	P33338	P33338
P33339	P33339	P33339
P33399	P33399	P33399
P33400	P33400	P33400
P33411	P33411	P33411
P33418	P33418	P33418
P33419	P33419	P33419
P33420	P33420	P33420
P33421	P33421	P33421
P33441	P33441	P33441
P33750	P33750	P33750
P33754	P33754	P33754
P33755	P33755	P33755
P33759	P33759	P33759
P33760	P33760	P33760
P33767	P33767	P33767
P33891	P33891	P33891
P33892	P33892	P33892
P33895	P33895	P33895
P34077	P34077	P34077
P34087	P34087	P34087
P34110	P34110	P34110
P34160	P34160	P34160
P34161	P34161	P34161
P34162	P34162	P34162
P34164	P34164	P34164
Q04739	P34164	P34164
P34216	P34216	P34216
P34217	P34217	P34217
P34218	P34218	P34218
P34223	P34223	P34223
P34224	P34224	P34224
P34226	P34226	P34226
P34227	P34227	P34227
P34234	P34234	P34234
P34238	P34238	P34238
P34240	P34240	P34240
P34241	P34241	P34241
P34244	P34244	P34244
P34252	P34252	P34252
P34253	P34253	P34253
P34758	P34758	P34758
P34909	P34909	P34909
P35056	P35056	P35056
P35177	P35177	P35177
P35178	P35178	P35178
P35179	P35179	P35179
P35180	P35180	P35180
P35182	P35182	P35182
P35184	P35184	P35184
P35187	P35187	P35187
P35189	P35189	P35189
Q99314	P35189	P35189
P35190	P35190	P35190
P35191	P35191	P35191
P35193	P35193	P35193
P35194	P35194	P35194
P35198	P35198	P35198
Q02794	P35198	P35198
P35201	P35201	P35201
P35203	P35203	P35203
P35206	P35206	P35206
P35207	P35207	P35207
P35210	P35210	P35210
P35688	P35688	P35688
P35691	P35691	P35691
P35718	P35718	P35718
P35723	P35723	P35723
P35727	P35727	P35727
P35728	P35728	P35728
P35729	P35729	P35729
P35734	P35734	P35734
P35817	P35817	P35817
P35842	P35842	P35842
P36000	P36000	P36000
P36003	P36003	P36003
P36008	P36008	P36008
P36009	P36009	P36009
P53131	P36009	P36009
P36010	P36010	P36010
P36012	P36012	P36012
P36013	P36013	P36013
P36015	P36015	P36015
P36016	P36016	P36016
P36018	P36018	P36018
P01123	P36018	P36018
P07560	P36018	P36018
P51996	P36018	P36018
P38555	P36018	P36018
Q99260	P36018	P36018
P36017	P36018	P36018
P36019	P36018	P36018
P38146	P36018	P36018
P36022	P36022	P36022
P36024	P36024	P36024
Q08438	P36024	P36024
P36027	P36027	P36027
P36029	P36029	P36029
P36036	P36036	P36036
P36037	P36037	P36037
P36047	P36047	P36047
P36048	P36048	P36048
P32324	P36048	P36048
P53893	P36048	P36048
P36049	P36049	P36049
P36053	P36053	P36053
P36057	P36057	P36057
P36062	P36062	P36062
P50944	P36062	P36062
P36068	P36068	P36068
P36080	P36080	P36080
P36084	P36084	P36084
P36085	P36085	P36085
P36094	P36094	P36094
P36100	P36100	P36100
O13297	O13297	O13297
O13530	O13530	O13530
O13539	O13539	O13539
O13553	O13553	O13553
O13554	O13554	O13554
O13559	O13559	O13559
O13563	O13563	O13563
O13565	O13565	O13565
O14455	O14455	O14455
O14467	O14467	O14467
O74700	O74700	O74700
P00044	P00044	P00044
P00128	P00128	P00128
P00175	P00175	P00175
P00331	P00331	P00331
P00330	P00331	P00331
P38113	P00331	P00331
P00359	P00359	P00359
P00358	P00359	P00359
P00410	P00410	P00410
P00420	P00420	P00420
P00431	P00431	P00431
P00445	P00445	P00445
P00546	P00546	P00546
P06242	P00546	P00546
P17157	P00546	P00546
P19454	P00546	P00546
P15790	P00546	P00546
P00549	P00549	P00549
P00560	P00560	P00560
P00724	P00724	P00724
P00729	P00729	P00729
P00812	P00812	P00812
P00817	P00817	P00817
P28239	P00817	P00817
P00830	P00830	P00830
P00854	P00854	P00854
P00899	P00899	P00899
P00924	P00924	P00924
P00931	P00931	P00931
P00937	P00937	P00937
P00950	P00950	P00950
P00958	P00958	P00958
P01097	P01097	P01097
P01149	P01149	P01149
P02294	P02294	P02294
P02293	P02294	P02294
P02309	P02309	P02309
P02400	P02400	P02400
P02994	P02994	P02994
P03069	P03069	P03069
P03965	P03965	P03965
P04046	P04046	P04046
P04050	P04050	P04050
P04051	P04050	P04050
P10964	P04050	P04050
P04076	P04076	P04076
P04147	P04147	P04147
P04386	P04386	P04386
P04387	P04387	P04387
P04456	P04456	P04456
P04786	P04786	P04786
P04807	P04807	P04807
P17709	P04807	P04807
P04819	P04819	P04819
P04821	P04821	P04821
P04912	P04912	P04912
P04911	P04912	P04912
Q12692	P04912	P04912
P05030	P05030	P05030
P19657	P05030	P05030
P05085	P05085	P05085
P05317	P05317	P05317
P05375	P05375	P05375
P05453	P05453	P05453
P05626	P05626	P05626
P05694	P05694	P05694
P05986	P05986	P05986
P06244	P05986	P05986
P06100	P06100	P06100
P06101	P06101	P06101
P06102	P06102	P06102
P06103	P06103	P06103
P06104	P06104	P06104
P50623	P06104	P06104
Q02159	P06104	P06104
P06105	P06105	P06105
P06243	P06243	P06243
P06700	P06700	P06700
P06738	P06738	P06738
P06773	P06773	P06773
P06774	P06774	P06774
P06777	P06777	P06777
P06778	P06778	P06778
P06779	P06779	P06779
P06782	P06782	P06782
P53147	P53147	P53147
P53150	P53150	P53150
P53152	P53152	P53152
P53159	P53159	P53159
P53163	P53163	P53163
P53167	P53167	P53167
P53168	P53168	P53168
P53169	P53169	P53169
P38315	P53169	P53169
P53171	P53171	P53171
P53181	P53181	P53181
P53184	P53184	P53184
P53185	P53185	P53185
P53191	P53191	P53191
P53196	P53196	P53196
P53197	P53197	P53197
P53199	P53199	P53199
P53202	P53202	P53202
P53203	P53203	P53203
Q06169	P53203	P53203
P53207	P53207	P53207
P53209	P53209	P53209
P53211	P53211	P53211
P53212	P53212	P53212
P53215	P53215	P53215
P53221	P53221	P53221
P53231	P53231	P53231
P53233	P53233	P53233
P53237	P53237	P53237
P53238	P53238	P53238
P53243	P53243	P53243
P53244	P53244	P53244
P53248	P53248	P53248
P53250	P53250	P53250
P53252	P53252	P53252
Q12230	P53252	P53252
P53253	P53253	P53253
P53254	P53254	P53254
P53256	P53256	P53256
P53258	P53258	P53258
P53259	P53259	P53259
P53261	P53261	P53261
P53265	P53265	P53265
P53267	P53267	P53267
P53269	P53269	P53269
P53271	P53271	P53271
P53272	P53272	P53272
P53277	P53277	P53277
P53278	P53278	P53278
P53280	P53280	P53280
P53283	P53283	P53283
Q06451	P53283	P53283
P53286	P53286	P53286
P53290	P53290	P53290
P53295	P53295	P53295
P39729	P53295	P53295
P53297	P53297	P53297
P53298	P53298	P53298
P53299	P53299	P53299
P53313	P53313	P53313
P53316	P53316	P53316
P53322	P53322	P53322
P53323	P53323	P53323
P53337	P53337	P53337
P53344	P53344	P53344
P38723	P53344	P53344
P43542	P53344	P53344
P47187	P53344	P53344
P36034	P53344	P53344
P53389	P53389	P53389
P53437	P53437	P53437
P53538	P53538	P53538
P53540	P53540	P53540
P53550	P53550	P53550
P53551	P53551	P53551
P53552	P53552	P53552
P53600	P53600	P53600
P53604	P53604	P53604
P53616	P53616	P53616
P53622	P53622	P53622
P53632	P53632	P53632
P53633	P53633	P53633
P53685	P53685	P53685
P53691	P53691	P53691
P47103	P53691	P53691
P53731	P53731	P53731
P53735	P53735	P53735
P53738	P53738	P53738
P53742	P53742	P53742
P53743	P53743	P53743
P53750	P53750	P53750
P53754	P53754	P53754
P53755	P53755	P53755
P53823	P53823	P53823
P53829	P53829	P53829
P53830	P53830	P53830
P53834	P53834	P53834
P53840	P53840	P53840
P25604	P25604	P25604
P25605	P25605	P25605
P25615	P25615	P25615
P25632	P25632	P25632
P53628	P25632	P25632
P25635	P25635	P25635
P25644	P25644	P25644
P25646	P25646	P25646
P25648	P25648	P25648
P25649	P25649	P25649
P25651	P25651	P25651
P25655	P25655	P25655
P25656	P25656	P25656
P53740	P25656	P25656
P25657	P25657	P25657
P25659	P25659	P25659
P25694	P25694	P25694
P25808	P25808	P25808
P25847	P25847	P25847
P26188	P26188	P26188
P26263	P26263	P26263
P06169	P26263	P26263
P16467	P26263	P26263
Q07471	P26263	P26263
P07342	P26263	P26263
P26309	P26309	P26309
P26343	P26343	P26343
P26448	P26448	P26448
P26449	P26449	P26449
P26570	P26570	P26570
P33329	P26570	P26570
P26754	P26754	P26754
P26755	P26755	P26755
P26793	P26793	P26793
P26798	P26798	P26798
P27351	P27351	P27351
P27472	P27472	P27472
P23337	P27472	P27472
P27476	P27476	P27476
P27514	P27514	P27514
P25360	P27514	P27514
P27515	P27515	P27515
P27614	P27614	P27614
P27636	P27636	P27636
P27637	P27637	P27637
P27692	P27692	P27692
P27705	P27705	P27705
P27796	P27796	P27796
P27801	P27801	P27801
P27895	P27895	P27895
P27999	P27999	P27999
P28000	P28000	P28000
P28004	P28004	P28004
P28007	P28007	P28007
P28241	P28241	P28241
P28834	P28241	P28241
P40495	P28241	P28241
P28320	P28320	P28320
P28495	P28495	P28495
P28519	P28519	P28519
P28707	P28707	P28707
P28708	P28708	P28708
P28743	P28743	P28743
P28791	P28791	P28791
P28795	P28795	P28795
P28817	P28817	P28817
P29055	P29055	P29055
P29056	P29056	P29056
P29295	P29295	P29295
P23291	P29295	P29295
P39962	P29295	P29295
P29311	P29311	P29311
P34730	P29311	P29311
P29340	P29340	P29340
P29366	P29366	P29366
P29461	P29461	P29461
P40048	P29461	P29461
P29465	P29465	P29465
P29468	P29468	P29468
P29469	P29469	P29469
P29496	P29496	P29496
P29509	P29509	P29509
P29539	P29539	P29539
P29703	P29703	P29703
P30619	P30619	P30619
P30656	P30656	P30656
P30657	P30657	P30657
P30665	P30665	P30665
P30771	P30771	P30771
P30822	P30822	P30822
P30902	P30902	P30902
P31111	P31111	P31111
P31244	P31244	P31244
P31377	P31377	P31377
P31378	P31378	P31378
P31380	P31380	P31380
P31383	P31383	P31383
P31384	P31384	P31384
P31385	P31385	P31385
P31412	P31412	P31412
P31539	P31539	P31539
P31688	P31688	P31688
Q05080	Q05080	Q05080
Q05568	Q05568	Q05568
Q05580	Q05580	Q05580
Q05610	Q05610	Q05610
Q05636	Q05636	Q05636
Q05670	Q05670	Q05670
Q05775	Q05775	Q05775
Q05778	Q05778	Q05778
Q05785	Q05785	Q05785
Q05787	Q05787	Q05787
Q05874	Q05874	Q05874
Q05881	Q05881	Q05881
Q05900	Q05900	Q05900
Q05911	Q05911	Q05911
Q05930	Q05930	Q05930
Q05933	Q05933	Q05933
Q05946	Q05946	Q05946
Q05947	Q05947	Q05947
Q05949	Q05949	Q05949
Q05958	Q05958	Q05958
Q12151	Q05958	Q05958
Q05998	Q05998	Q05998
Q06001	Q06001	Q06001
Q06005	Q06005	Q06005
Q06032	Q06032	Q06032
Q06078	Q06078	Q06078
Q06091	Q06091	Q06091
Q06096	Q06096	Q06096
Q06102	Q06102	Q06102
Q06103	Q06103	Q06103
Q06108	Q06108	Q06108
P48361	Q06108	Q06108
Q06135	Q06135	Q06135
Q06137	Q06137	Q06137
Q06142	Q06142	Q06142
Q06151	Q06151	Q06151
Q06160	Q06160	Q06160
Q06163	Q06163	Q06163
Q06164	Q06164	Q06164
Q06168	Q06168	Q06168
Q06177	Q06177	Q06177
Q06178	Q06178	Q06178
Q06200	Q06200	Q06200
Q06205	Q06205	Q06205
P38911	Q06205	Q06205
Q06208	Q06208	Q06208
Q06216	Q06216	Q06216
P28006	Q06216	Q06216
Q06217	Q06217	Q06217
Q06218	Q06218	Q06218
Q06224	Q06224	Q06224
Q06245	Q06245	Q06245
Q06251	Q06251	Q06251
Q06263	Q06263	Q06263
Q06324	Q06324	Q06324
Q06339	Q06339	Q06339
Q06340	Q06340	Q06340
Q06344	Q06344	Q06344
Q06405	Q06405	Q06405
Q06406	Q06406	Q06406
Q06410	Q06410	Q06410
Q06411	Q06411	Q06411
Q06412	Q06412	Q06412
Q06436	Q06436	Q06436
Q06440	Q06440	Q06440
Q06449	Q06449	Q06449
P53281	Q06449	Q06449
Q06479	Q06479	Q06479
Q06488	Q06488	Q06488
P53236	Q06488	Q06488
Q06506	Q06506	Q06506
Q06512	Q06512	Q06512
Q06525	Q06525	Q06525
Q06543	Q06543	Q06543
Q06549	Q06549	Q06549
Q06551	Q06551	Q06551
Q06554	Q06554	Q06554
Q06568	Q06568	Q06568
Q06580	Q06580	Q06580
Q06598	Q06598	Q06598
Q06604	Q06604	Q06604
Q06616	Q06616	Q06616
Q06624	Q06624	Q06624
Q06628	Q06628	Q06628
Q06630	Q06630	Q06630
Q06631	Q06631	Q06631
Q06632	Q06632	Q06632
Q06640	Q06640	Q06640
Q06644	Q06644	Q06644
Q06651	Q06651	Q06651
Q06665	Q06665	Q06665
Q06673	Q06673	Q06673
P39113	P39113	P39113
P39515	P39515	P39515
P39517	P39517	P39517
P39520	P39520	P39520
P39521	P39521	P39521
P39523	P39523	P39523
P39524	P39524	P39524
P39531	P39531	P39531
P39534	P39534	P39534
P39540	P39540	P39540
P25358	P39540	P39540
P40319	P39540	P39540
P39547	P39547	P39547
P39548	P39547	P39547
P53176	P39547	P39547
P39552	P39547	P39547
P53174	P39547	P39547
P38727	P39547	P39547
P39550	P39550	P39550
P39551	P39551	P39551
P39563	P39563	P39563
P39678	P39678	P39678
P39682	P39682	P39682
P39685	P39685	P39685
P39702	P39702	P39702
P39703	P39703	P39703
P39705	P39705	P39705
P39706	P39706	P39706
P39707	P39707	P39707
P39715	P39715	P39715
P39717	P39717	P39717
Q08886	P39717	P39717
P39718	P39718	P39718
P39723	P39723	P39723
P39730	P39730	P39730
P39734	P39734	P39734
P39735	P39735	P39735
P39742	P39742	P39742
P39743	P39743	P39743
P39744	P39744	P39744
P39875	P39875	P39875
P39904	P39904	P39904
P39925	P39925	P39925
P40341	P39925	P39925
P39927	P39927	P39927
P39928	P39928	P39928
P39929	P39929	P39929
P39936	P39936	P39936
P39935	P39936	P39936
P39937	P39937	P39937
P39940	P39940	P39940
P39944	P39944	P39944
P32571	P39944	P39944
P39946	P39946	P39946
P39952	P39952	P39952
P39954	P39954	P39954
P39955	P39955	P39955
P39958	P39958	P39958
P39960	P39960	P39960
P39966	P39966	P39966
P34221	P39966	P39966
P39967	P39967	P39967
P39968	P39968	P39968
P39979	P39979	P39979
P39984	P39984	P39984
P13712	P39984	P39984
P39990	P39990	P39990
P39992	P39992	P39992
P39994	P39994	P39994
P39996	P39996	P39996
P39998	P39998	P39998
P40003	P40003	P40003
P40005	P40005	P40005
P40007	P40007	P40007
P40009	P40009	P40009
P40010	P40010	P40010
P40013	P40013	P40013
P40014	P40014	P40014
P40016	P40016	P40016
P40018	P40018	P40018
P40020	P40020	P40020
P40024	P40024	P40024
P40032	P40032	P40032
P40038	P40038	P40038
P40055	P40055	P40055
P40060	P40060	P40060
P40061	P40061	P40061
P40064	P40064	P40064
P38181	P40064	P40064
P40066	P40066	P40066
P40069	P40069	P40069
P40070	P40070	P40070
P40073	P40073	P40073
P40075	P40075	P40075
P40077	P40077	P40077
P40078	P40078	P40078
P40079	P40079	P40079
P40087	P40087	P40087
P40089	P40089	P40089
P06783	P06783	P06783
P06784	P06784	P06784
P06786	P06786	P06786
P06787	P06787	P06787
P53141	P06787	P06787
P06704	P06787	P06787
P06838	P06838	P06838
P06839	P06839	P06839
P06843	P06843	P06843
P06844	P06844	P06844
P07149	P07149	P07149
P07170	P07170	P07170
P07213	P07213	P07213
P07248	P07248	P07248
P07249	P07249	P07249
P07250	P07250	P07250
P07251	P07251	P07251
P07257	P07257	P07257
P07258	P07258	P07258
P07260	P07260	P07260
P07261	P07261	P07261
P07262	P07262	P07262
P07269	P07269	P07269
P07270	P07270	P07270
P07272	P07272	P07272
P07273	P07273	P07273
P07274	P07274	P07274
P07276	P07276	P07276
P07278	P07278	P07278
P07283	P07283	P07283
P07347	P07347	P07347
P07390	P07390	P07390
P07703	P07703	P07703
P07834	P07834	P07834
P07866	P07866	P07866
P07991	P07991	P07991
P50277	P07991	P07991
P08018	P08018	P08018
P08153	P08153	P08153
P21192	P08153	P08153
P08431	P08431	P08431
P08456	P08456	P08456
P08458	P08458	P08458
P08524	P08524	P08524
P08566	P08566	P08566
P08638	P08638	P08638
P08678	P08678	P08678
P08679	P08679	P08679
P08964	P08964	P08964
P09032	P09032	P09032
Q08649	Q08649	Q08649
Q08683	Q08683	Q08683
Q08685	Q08685	Q08685
Q08723	Q08723	Q08723
Q08726	Q08726	Q08726
Q08729	Q08729	Q08729
Q08732	Q08732	Q08732
Q08746	Q08746	Q08746
Q08749	Q08749	Q08749
Q08773	Q08773	Q08773
P38144	Q08773	Q08773
Q08817	Q08817	Q08817
Q08873	Q08873	Q08873
Q08902	Q08902	Q08902
Q03263	Q08902	Q08902
Q08911	Q08911	Q08911
Q08920	Q08920	Q08920
P38788	P38788	P38788
P38789	P38789	P38789
P38792	P38792	P38792
P38793	P38793	P38793
P38794	P38794	P38794
P38798	P38798	P38798
P38801	P38801	P38801
P38805	P38805	P38805
P38806	P38806	P38806
P38811	P38811	P38811
P38814	P38814	P38814
P38817	P38817	P38817
P38819	P38819	P38819
P38820	P38820	P38820
P38821	P38821	P38821
P14904	P38821	P38821
P38822	P38822	P38822
P38823	P38823	P38823
P38826	P38826	P38826
P38827	P38827	P38827
P38829	P38829	P38829
P38837	P38837	P38837
P38838	P38838	P38838
P38840	P38840	P38840
P38842	P38842	P38842
P38850	P38850	P38850
P38853	P38853	P38853
P38855	P38855	P38855
P38856	P38856	P38856
P38859	P38859	P38859
P38860	P38860	P38860
P38861	P38861	P38861
P38862	P38862	P38862
P38863	P38863	P38863
P38867	P38867	P38867
P38871	P38871	P38871
P38872	P38872	P38872
P38873	P38873	P38873
P38874	P38874	P38874
P38877	P38877	P38877
P38879	P38879	P38879
P38881	P38881	P38881
P38883	P38883	P38883
P38886	P38886	P38886
P38889	P38889	P38889
P38902	P38902	P38902
P38903	P38903	P38903
P38904	P38904	P38904
P38907	P38907	P38907
P38910	P38910	P38910
P38915	P38915	P38915
P38920	P38920	P38920
P38930	P38930	P38930
P38931	P38931	P38931
P38932	P38932	P38932
P38953	P38953	P38953
P38956	P38956	P38956
P38957	P38957	P38957
P38959	P38959	P38959
P38960	P38960	P38960
P38962	P38962	P38962
P38968	P38968	P38968
P38970	P38970	P38970
P38987	P38987	P38987
P38988	P38988	P38988
P33303	P38988	P38988
P38989	P38989	P38989
P32908	P38989	P38989
Q12267	P38989	P38989
P47037	P38989	P38989
P38990	P38990	P38990
P38991	P38991	P38991
P38992	P38992	P38992
P38995	P38995	P38995
P38996	P38996	P38996
P38998	P38998	P38998
P38999	P38999	P38999
P39001	P39001	P39001
P39003	P39003	P39003
P23585	P39003	P39003
P38695	P39003	P39003
P39004	P39003	P39003
P40885	P39003	P39003
P43581	P39003	P39003
P47185	P39003	P39003
P54854	P39003	P39003
P54862	P39003	P39003
P30605	P39003	P39003
P30606	P39003	P39003
P39007	P39007	P39007
P39008	P39008	P39008
P39010	P39010	P39010
P39011	P39011	P39011
P39013	P39013	P39013
P39014	P39014	P39014
P39016	P39016	P39016
P39073	P39073	P39073
P39076	P39076	P39076
P40413	P39076	P39076
P12612	P39076	P39076
P39077	P39077	P39077
P39079	P39077	P39077
P47079	P39077	P39077
P39081	P39081	P39081
P39083	P39083	P39083
Q06407	P39083	P39083
Q06408	P39083	P39083
Q06409	P39083	P39083
P39101	P39101	P39101
P40564	P39101	P39101
P39107	P39107	P39107
P39108	P39108	P39108
P39111	P39111	P39111
P39112	P39112	P39112
P40090	P40090	P40090
P40091	P40091	P40091
P40092	P40092	P40092
P40094	P40094	P40094
P40095	P40095	P40095
P40096	P40096	P40096
P40103	P40103	P40103
P40151	P40151	P40151
P40155	P40155	P40155
P40160	P40160	P40160
P40164	P40164	P40164
P40167	P40167	P40167
P40186	P40186	P40186
P40187	P40187	P40187
P40036	P40187	P40187
P40202	P40202	P40202
P40204	P40204	P40204
P40217	P40217	P40217
P40303	P40303	P40303
P21243	P40303	P40303
P40314	P40314	P40314
P40316	P40316	P40316
P40325	P40325	P40325
P40328	P40328	P40328
P40335	P40335	P40335
P40340	P40340	P40340
P40343	P40343	P40343
P40344	P40344	P40344
P40350	P40350	P40350
P40352	P40352	P40352
P40355	P40355	P40355
P40356	P40356	P40356
P40357	P40357	P40357
P40360	P40360	P40360
P40362	P40362	P40362
P40368	P40368	P40368
P40395	P40395	P40395
P40422	P40422	P40422
P40434	P40434	P40434
P40450	P40450	P40450
P40453	P40453	P40453
P40455	P40455	P40455
P40456	P40456	P40456
P40457	P40457	P40457
P40460	P40460	P40460
P40461	P40461	P40461
P40462	P40462	P40462
P40465	P40465	P40465
P40468	P40468	P40468
P40469	P40469	P40469
P40471	P40471	P40471
P40473	P40473	P40473
P40475	P40475	P40475
P40477	P40477	P40477
P40478	P40478	P40478
P04840	P40478	P40478
P40479	P40479	P40479
P40480	P40480	P40480
P40483	P40483	P40483
P40492	P40492	P40492
P40494	P40494	P40494
P40496	P40496	P40496
P40507	P40507	P40507
P40509	P40509	P40509
P40510	P40510	P40510
P40054	P40510	P40510
P40512	P40512	P40512
P40513	P40513	P40513
P40515	P40515	P40515
P40517	P40517	P40517
P40518	P40518	P40518
P40527	P40527	P40527
P40528	P40528	P40528
P40529	P40529	P40529
P35197	P40529	P40529
P40541	P40541	P40541
P40548	P40548	P40548
P40554	P40554	P40554
P40555	P40555	P40555
P40561	P40561	P40561
P40563	P40563	P40563
P40565	P40565	P40565
P40567	P40567	P40567
P40573	P40573	P40573
P40574	P40574	P40574
P40582	P40582	P40582
P40693	P40693	P40693
P40856	P40856	P40856
P36123	P40856	P40856
P40857	P40857	P40857
P40892	P40892	P40892
